run,iteration,obj,log_likelihood,trace_Q,abs_trace_Q,trace_R,abs_trace_R,trace_P0,abs_trace_P0,eig_min_Q,eig_max_Q,eig_min_R,eig_max_R,eig_min_P0,eig_max_P0
baseline,0,,,0.010445626935270975,0.010445626935270975,1.1754673756619665,1.1754673756619665,0.0759710060604123,0.0759710060604123,6.558513305735477e-06,0.004733607688029969,0.04762269528882231,0.6736015198916045,6.294157085031826e-06,0.05857371472643143
baseline,1,1.7957356860755507,-223.79100844679797,0.010470182851669224,0.010470182851669224,1.8511409636614657,1.8511409636614657,0.0759710060604123,0.0759710060604123,6.5604125447620566e-06,0.004719543959397707,0.12764365913285028,1.0713010517325268,6.294157085031826e-06,0.05857371472643143
baseline,2,1.804992881725754,-218.77231765581254,0.010439756435468663,0.010439756435468663,1.868811194873628,1.868811194873628,0.0759710060604123,0.0759710060604123,6.55768808016478e-06,0.004699694307172986,0.13729318836169357,1.076647891530793,6.294157085031826e-06,0.05857371472643143
baseline,3,1.786402787794036,-217.4141192293315,0.010422017801589887,0.010422017801589887,1.8506492092284228,1.8506492092284228,0.0759710060604123,0.0759710060604123,6.555110266468386e-06,0.004696351290227254,0.1374967606026679,1.0663340382957418,6.294157085031826e-06,0.05857371472643143
baseline,4,1.767479118480698,-216.15918771475245,0.01041026941830916,0.01041026941830916,1.8314484494163872,1.8314484494163872,0.0759710060604123,0.0759710060604123,6.552580994716195e-06,0.004701881903488586,0.1367979093382857,1.0560887069255631,6.294157085031826e-06,0.05857371472643143
baseline,5,1.7496129683297315,-214.96464078148466,0.010402934020611761,0.010402934020611761,1.8132566588176091,1.8132566588176091,0.0759710060604123,0.0759710060604123,6.550071770433211e-06,0.004714492040398465,0.1360761885381176,1.0465102130576363,6.294157085031826e-06,0.05857371472643143
baseline,6,1.7328653624918113,-213.82239559190208,0.010399619335482885,0.010399619335482885,1.7961954682153993,1.7961954682153993,0.0759710060604123,0.0759710060604123,6.547559420974872e-06,0.004733689957102732,0.1354213429276225,1.0376745387158914,6.294157085031826e-06,0.05857371472643143
baseline,7,1.7171833171286384,-212.72855405880367,0.010400266784478158,0.010400266784478158,1.7802150200006674,1.7802150200006674,0.0759710060604123,0.0759710060604123,6.54488970009255e-06,0.004759293313191837,0.1348334998339241,1.0295664521569212,6.294157085031826e-06,0.05857371472643143
baseline,8,1.7025104041103647,-211.6806909289402,0.010404968507802027,0.010404968507802027,1.7652574266036514,1.7652574266036514,0.0759710060604123,0.0759710060604123,6.53495996209847e-06,0.004791202376951378,0.1343038191118229,1.0221494621224056,6.294157085031826e-06,0.05857371472643143
baseline,9,1.6887586538915873,-210.6746715198394,0.010415432561963497,0.010415432561963497,1.7512342619328962,1.7512342619328962,0.0759710060604123,0.0759710060604123,6.172555354529534e-06,0.004828984417416584,0.13381859033625512,1.0153293227140154,6.294157085031826e-06,0.05857371472643143
baseline,10,1.6735400543969028,-209.6269475036132,0.010661349349401595,0.010661349349401595,1.7361304052597775,1.7361304052597775,0.0759710060604123,0.0759710060604123,1.0006536555619092e-05,0.004877355722782614,0.1331043948688386,1.0062970242935496,6.294157085031826e-06,0.05857371472643143
intervention,0,,,0.004273667220354049,0.004273667220354049,1.2663138279242832,1.2663138279242832,0.0647545009479777,0.0647545009479777,1.1892054133064094e-05,0.0009113973447433294,0.061599144050252894,0.9158372545042635,3.5839641734653907e-06,0.03713544273374726
intervention,1,1.580411147946059,-210.2404393781982,0.004294977549559928,0.004294977549559928,1.6409508700454538,1.6409508700454538,0.0647545009479777,0.0647545009479777,1.1888972496010836e-05,0.0009301840402333214,0.13869393874279362,0.985947267651798,3.5839641734653907e-06,0.03713544273374726
intervention,2,1.5564872655501831,-203.4706358137771,0.004317751696149267,0.004317751696149267,1.6210204119748217,1.6210204119748217,0.0647545009479777,0.0647545009479777,1.1884571198225415e-05,0.0009572968738429827,0.1448681648441399,0.9655529493029941,3.5839641734653907e-06,0.03713544273374726
intervention,3,1.5336516105959919,-201.47552368611215,0.004345500848266881,0.004345500848266881,1.597266322933899,1.597266322933899,0.0647545009479777,0.0647545009479777,1.1879308305023166e-05,0.0009922927553550891,0.14320156081540764,0.9523621325581686,3.5839641734653907e-06,0.03713544273374726
intervention,4,1.515545257462909,-199.8561714029708,0.0043773897088863764,0.0043773897088863764,1.5785310991459052,1.5785310991459052,0.0647545009479777,0.0647545009479777,1.1873179330248952e-05,0.0010345075042710121,0.14128729556833838,0.9424636016257102,3.5839641734653907e-06,0.03713544273374726
intervention,5,1.5006264840858812,-198.4940925018635,0.004413532190106089,0.004413532190106089,1.5631506101912618,1.5631506101912618,0.0647545009479777,0.0647545009479777,1.1866377790263094e-05,0.0010833285262659411,0.13960618097300698,0.9344886651922039,3.5839641734653907e-06,0.03713544273374726
intervention,6,1.4881046908556033,-197.33495295618386,0.0044542596787255796,0.0044542596787255796,1.5502611440725045,1.5502611440725045,0.0647545009479777,0.0647545009479777,1.1859081626336993e-05,0.001138346984004471,0.13813487721086887,0.9279548368013535,3.5839641734653907e-06,0.03713544273374726
intervention,7,1.4774514622964383,-196.3372289805868,0.004499969380227212,0.004499969380227212,1.5393075601723019,1.5393075601723019,0.0647545009479777,0.0647545009479777,1.185143369775216e-05,0.001199366131228371,0.1368281045113286,0.9225556288782811,3.5839641734653907e-06,0.03713544273374726
intervention,8,1.4682760814882398,-195.46887023813312,0.004551065864167121,0.004551065864167121,1.5298849444420415,1.5298849444420415,0.0647545009479777,0.0647545009479777,1.1843468944482172e-05,0.0012663568102614167,0.1356489965954723,0.9180625480515312,3.5839641734653907e-06,0.03713544273374726
intervention,9,1.4602730279882021,-194.70411957861535,0.004607462928783369,0.004607462928783369,1.5216788807960597,1.5216788807960597,0.0647545009479777,0.0647545009479777,1.1821912447724718e-05,0.0013392358726334653,0.13457020354856775,0.914291923064144,3.5839641734653907e-06,0.03713544273374726
intervention,10,1.4528339634801006,-194.03917787703162,0.005028332230613074,0.005028332230613074,1.514990843404994,1.514990843404994,0.0647545009479777,0.0647545009479777,1.560812132214301e-05,0.0014271413472292395,0.133678950209165,0.9114058643367211,3.5839641734653907e-06,0.03713544273374726
