lat,lon,value
-56.0,-68.0,0.0
-56.0,-67.0,0.0
-55.0,-72.0,0.0
-55.0,-71.0,0.0
-55.0,-70.0,0.0
-55.0,-69.0,0.0
-55.0,-68.0,0.0
-55.0,-67.0,0.0
-54.0,-74.0,0.0
-54.0,-73.0,0.0
-54.0,-72.0,0.0
-54.0,-71.0,0.0
-54.0,-70.0,0.0
-54.0,-69.0,0.0
-53.0,-74.0,0.0
-53.0,-73.0,0.0
-53.0,-72.0,0.0
-53.0,-71.0,0.0
-53.0,-70.0,0.0
-53.0,-69.0,0.0
-52.0,-75.0,0.0
-52.0,-74.0,0.0
-52.0,-73.0,0.0
-52.0,-72.0,0.0
-52.0,-71.0,0.0
-52.0,-70.0,0.0
-52.0,-69.0,0.0
-52.0,-68.0,0.0
-51.0,-75.0,0.0
-51.0,-74.0,0.0
-51.0,-73.0,0.0
-51.0,-72.0,0.0
-50.0,-75.0,0.0
-50.0,-74.0,0.0
-50.0,-73.0,0.0
-49.0,-76.0,0.0
-49.0,-75.0,0.0
-49.0,-74.0,0.0
-49.0,-73.0,0.0
-48.0,-76.0,0.0
-48.0,-75.0,0.0
-48.0,-74.0,0.0
-48.0,-73.0,0.0
-48.0,-72.0,0.0
-47.0,-76.0,0.0
-47.0,-75.0,0.0
-47.0,-74.0,0.0
-47.0,-73.0,0.0
-47.0,-72.0,0.0
-46.0,-75.0,0.0
-46.0,-74.0,0.0
-46.0,-73.0,0.0
-46.0,-72.0,0.0
-45.0,-75.0,0.0
-45.0,-74.0,0.0
-45.0,-73.0,0.0
-45.0,-72.0,0.0
-45.0,-71.0,0.0
-44.0,-75.0,0.0
-44.0,-74.0,0.0
-44.0,-73.0,0.0
-44.0,-72.0,0.0
-44.0,-71.0,0.0
-43.0,-74.0,0.0
-43.0,-73.0,0.0
-43.0,-72.0,0.0
-42.0,-74.0,0.0
-42.0,-73.0,0.0
-42.0,-72.0,0.0
-41.0,-74.0,0.0
-41.0,-73.0,0.0
-41.0,-72.0,0.0
-40.0,-74.0,0.0
-40.0,-73.0,0.0
-40.0,-72.0,0.0
-39.0,-74.0,0.0
-39.0,-73.0,0.0
-39.0,-72.0,0.0
-39.0,-71.0,0.0
-38.0,-74.0,0.0
-38.0,-73.0,0.0
-38.0,-72.0,0.0
-38.0,-71.0,0.0
-37.0,-74.0,0.0
-37.0,-73.0,0.0
-37.0,-72.0,0.0
-37.0,-71.0,0.0
-36.0,-73.0,0.0
-36.0,-72.0,0.0
-36.0,-71.0,0.0
-36.0,-70.0,0.0
-35.0,-73.0,0.0
-35.0,-72.0,0.0
-35.0,-71.0,0.0
-35.0,-70.0,0.0
-35.0,19.0,0.0
-35.0,20.0,0.0
-34.0,-79.0,0.0
-34.0,-72.0,0.0
-34.0,-71.0,0.0
-34.0,-70.0,0.0
-34.0,-54.0,0.0
-34.0,-53.0,0.0
-34.0,18.0,0.0
-34.0,19.0,0.0
-34.0,20.0,0.0
-34.0,21.0,0.0
-34.0,22.0,0.0
-34.0,23.0,0.0
-34.0,24.0,0.0
-34.0,25.0,0.0
-34.0,26.0,0.0
-34.0,27.0,0.0
-33.0,-72.0,0.0
-33.0,-71.0,0.0
-33.0,-70.0,0.0
-33.0,-53.0,0.0
-33.0,-52.0,0.0
-33.0,18.0,0.0
-33.0,19.0,0.0
-33.0,20.0,0.0
-33.0,21.0,0.0
-33.0,22.0,0.0
-33.0,23.0,0.0
-33.0,24.0,0.0
-33.0,25.0,0.0
-33.0,26.0,0.0
-33.0,27.0,0.0
-33.0,28.0,0.0
-33.0,29.0,0.0
-32.0,-72.0,0.0
-32.0,-71.0,0.0
-32.0,-70.0,0.0
-32.0,-55.0,0.0
-32.0,-54.0,0.0
-32.0,-53.0,0.0
-32.0,-52.0,0.0
-32.0,-51.0,0.0
-32.0,18.0,0.0
-32.0,19.0,0.0
-32.0,20.0,0.0
-32.0,21.0,0.0
-32.0,22.0,0.0
-32.0,23.0,0.0
-32.0,24.0,0.0
-32.0,25.0,0.0
-32.0,26.0,0.0
-32.0,27.0,0.0
-32.0,28.0,0.0
-32.0,29.0,0.0
-32.0,30.0,0.0
-31.0,-72.0,0.0
-31.0,-71.0,0.0
-31.0,-70.0,0.0
-31.0,-56.0,0.0
-31.0,-55.0,0.0
-31.0,-54.0,0.0
-31.0,-53.0,0.0
-31.0,-52.0,0.0
-31.0,-51.0,0.0
-31.0,-50.0,0.0
-31.0,17.0,0.0
-31.0,18.0,0.0
-31.0,19.0,0.0
-31.0,20.0,0.0
-31.0,21.0,0.0
-31.0,22.0,0.0
-31.0,23.0,0.0
-31.0,24.0,0.0
-31.0,25.0,0.0
-31.0,26.0,0.0
-31.0,27.0,0.0
-31.0,28.0,0.0
-31.0,29.0,0.0
-31.0,30.0,0.0
-31.0,31.0,0.0
-30.0,-72.0,0.0
-30.0,-71.0,0.0
-30.0,-70.0,0.0
-30.0,-58.0,0.0
-30.0,-57.0,0.0
-30.0,-56.0,0.0
-30.0,-55.0,0.0
-30.0,-54.0,0.0
-30.0,-53.0,0.0
-30.0,-52.0,0.0
-30.0,-51.0,0.0
-30.0,-50.0,0.0
-30.0,17.0,0.0
-30.0,18.0,0.0
-30.0,19.0,0.0
-30.0,20.0,0.0
-30.0,21.0,0.0
-30.0,22.0,0.0
-30.0,23.0,0.0
-30.0,24.0,0.0
-30.0,25.0,0.0
-30.0,26.0,0.0
-30.0,27.0,0.0
-30.0,28.0,0.0
-30.0,29.0,0.0
-30.0,30.0,0.0
-30.0,31.0,0.0
-29.0,-72.0,0.0
-29.0,-71.0,0.0
-29.0,-70.0,0.0
-29.0,-57.0,0.0
-29.0,-56.0,0.0
-29.0,-55.0,0.0
-29.0,-54.0,0.0
-29.0,-53.0,0.0
-29.0,-52.0,0.0
-29.0,-51.0,0.0
-29.0,-50.0,0.0
-29.0,-49.0,0.0
-29.0,16.0,0.0
-29.0,17.0,0.0
-29.0,18.0,0.0
-29.0,19.0,0.0
-29.0,20.0,0.0
-29.0,21.0,0.0
-29.0,22.0,0.0
-29.0,23.0,0.0
-29.0,24.0,0.0
-29.0,25.0,0.0
-29.0,26.0,0.0
-29.0,27.0,0.0
-29.0,28.0,0.0
-29.0,29.0,0.0
-29.0,30.0,0.0
-29.0,31.0,0.0
-29.0,32.0,0.0
-28.0,-71.0,0.0
-28.0,-70.0,0.0
-28.0,-69.0,0.0
-28.0,-56.0,0.0
-28.0,-55.0,0.0
-28.0,-54.0,0.0
-28.0,-53.0,0.0
-28.0,-52.0,0.0
-28.0,-51.0,0.0
-28.0,-50.0,0.0
-28.0,-49.0,0.0
-28.0,-48.0,0.0
-28.0,17.0,0.0
-28.0,20.0,0.0
-28.0,21.0,0.0
-28.0,22.0,0.0
-28.0,23.0,0.0
-28.0,24.0,0.0
-28.0,25.0,0.0
-28.0,26.0,0.0
-28.0,27.0,0.0
-28.0,28.0,0.0
-28.0,29.0,0.0
-28.0,30.0,0.0
-28.0,31.0,0.0
-28.0,32.0,0.0
-28.0,33.0,0.0
-27.0,-109.0,0.0
-27.0,-71.0,0.0
-27.0,-70.0,0.0
-27.0,-69.0,0.0
-27.0,-68.0,0.0
-27.0,-55.0,0.0
-27.0,-54.0,0.0
-27.0,-53.0,0.0
-27.0,-52.0,0.0
-27.0,-51.0,0.0
-27.0,-50.0,0.0
-27.0,-49.0,0.0
-27.0,-48.0,0.0
-27.0,20.0,0.0
-27.0,21.0,0.0
-27.0,22.0,0.0
-27.0,23.0,0.0
-27.0,24.0,0.0
-27.0,25.0,0.0
-27.0,26.0,0.0
-27.0,27.0,0.0
-27.0,28.0,0.0
-27.0,29.0,0.0
-27.0,30.0,0.0
-27.0,31.0,0.0
-27.0,32.0,0.0
-27.0,33.0,0.0
-26.0,-71.0,0.0
-26.0,-70.0,0.0
-26.0,-69.0,0.0
-26.0,-68.0,0.0
-26.0,-55.0,0.0
-26.0,-54.0,0.0
-26.0,-53.0,0.0
-26.0,-52.0,0.0
-26.0,-51.0,0.0
-26.0,-50.0,0.0
-26.0,-49.0,0.0
-26.0,-48.0,0.0
-26.0,20.0,0.0
-26.0,21.0,0.0
-26.0,22.0,0.0
-26.0,23.0,0.0
-26.0,24.0,0.0
-26.0,25.0,0.0
-26.0,26.0,0.0
-26.0,27.0,0.0
-26.0,28.0,0.0
-26.0,29.0,0.0
-26.0,30.0,0.0
-26.0,31.0,0.0
-26.0,32.0,0.0
-25.0,-71.0,0.0
-25.0,-70.0,0.0
-25.0,-69.0,0.0
-25.0,-68.0,0.0
-25.0,-55.0,0.0
-25.0,-54.0,0.0
-25.0,-53.0,0.0
-25.0,-52.0,0.0
-25.0,-51.0,0.0
-25.0,-50.0,0.0
-25.0,-49.0,0.0
-25.0,-48.0,0.0
-25.0,-47.0,0.0
-25.0,20.0,0.0
-25.0,21.0,0.0
-25.0,23.0,0.0
-25.0,24.0,0.0
-25.0,26.0,0.0
-25.0,27.0,0.0
-25.0,28.0,0.0
-25.0,29.0,0.0
-25.0,30.0,0.0
-25.0,31.0,0.0
-25.0,32.0,0.0
-24.0,-71.0,0.0
-24.0,-70.0,0.0
-24.0,-69.0,0.0
-24.0,-68.0,0.0
-24.0,-67.0,0.0
-24.0,-56.0,0.0
-24.0,-55.0,0.0
-24.0,-54.0,0.0
-24.0,-53.0,0.0
-24.0,-52.0,0.0
-24.0,-51.0,0.0
-24.0,-50.0,0.0
-24.0,-49.0,0.0
-24.0,-48.0,0.0
-24.0,-47.0,0.0
-24.0,-46.0,0.0
-24.0,-45.0,0.0
-24.0,27.0,0.0
-24.0,28.0,0.0
-24.0,29.0,0.0
-24.0,30.0,0.0
-24.0,31.0,0.0
-24.0,32.0,0.0
-23.0,-71.0,0.0
-23.0,-70.0,0.0
-23.0,-69.0,0.0
-23.0,-68.0,0.0
-23.0,-67.0,0.0
-23.0,-56.0,0.0
-23.0,-55.0,0.0
-23.0,-54.0,0.0
-23.0,-53.0,0.0
-23.0,-52.0,0.0
-23.0,-51.0,0.0
-23.0,-50.0,0.0
-23.0,-49.0,0.0
-23.0,-48.0,0.0
-23.0,-47.0,0.0
-23.0,-46.0,0.0
-23.0,-45.0,0.0
-23.0,-44.0,0.0
-23.0,-43.0,0.0
-23.0,-42.0,0.0
-23.0,27.0,0.0
-23.0,28.0,0.0
-23.0,29.0,0.0
-23.0,30.0,0.0
-23.0,31.0,0.0
-23.0,32.0,0.0
-22.0,-70.0,0.0
-22.0,-69.0,0.0
-22.0,-68.0,0.0
-22.0,-58.0,0.0
-22.0,-57.0,0.0
-22.0,-56.0,0.0
-22.0,-55.0,0.0
-22.0,-54.0,0.0
-22.0,-53.0,0.0
-22.0,-52.0,0.0
-22.0,-51.0,0.0
-22.0,-50.0,0.0
-22.0,-49.0,0.0
-22.0,-48.0,0.0
-22.0,-47.0,0.0
-22.0,-46.0,0.0
-22.0,-45.0,0.0
-22.0,-44.0,0.0
-22.0,-43.0,0.0
-22.0,-42.0,0.0
-22.0,-41.0,0.0
-22.0,29.0,0.0
-22.0,30.0,0.0
-22.0,31.0,0.0
-21.0,-70.0,0.0
-21.0,-69.0,0.0
-21.0,-68.0,0.0
-21.0,-58.0,0.0
-21.0,-57.0,0.0
-21.0,-56.0,0.0
-21.0,-55.0,0.0
-21.0,-54.0,0.0
-21.0,-53.0,0.0
-21.0,-52.0,0.0
-21.0,-51.0,0.0
-21.0,-50.0,0.0
-21.0,-49.0,0.0
-21.0,-48.0,0.0
-21.0,-47.0,0.0
-21.0,-46.0,0.0
-21.0,-45.0,0.0
-21.0,-44.0,0.0
-21.0,-43.0,0.0
-21.0,-42.0,0.0
-21.0,-41.0,0.0
-21.0,-40.0,0.0
-20.0,-70.0,0.0
-20.0,-69.0,0.0
-20.0,-58.0,0.0
-20.0,-57.0,0.0
-20.0,-56.0,0.0
-20.0,-55.0,0.0
-20.0,-54.0,0.0
-20.0,-53.0,0.0
-20.0,-52.0,0.0
-20.0,-51.0,0.0
-20.0,-50.0,0.0
-20.0,-49.0,0.0
-20.0,-48.0,0.0
-20.0,-47.0,0.0
-20.0,-46.0,0.0
-20.0,-45.0,0.0
-20.0,-44.0,0.0
-20.0,-43.0,0.0
-20.0,-42.0,0.0
-20.0,-41.0,0.0
-20.0,-40.0,0.0
-19.0,-70.0,0.0
-19.0,-69.0,0.0
-19.0,-68.0,0.0
-19.0,-58.0,0.0
-19.0,-57.0,0.0
-19.0,-56.0,0.0
-19.0,-55.0,0.0
-19.0,-54.0,0.0
-19.0,-53.0,0.0
-19.0,-52.0,0.0
-19.0,-51.0,0.0
-19.0,-50.0,0.0
-19.0,-49.0,0.0
-19.0,-48.0,0.0
-19.0,-47.0,0.0
-19.0,-46.0,0.0
-19.0,-45.0,0.0
-19.0,-44.0,0.0
-19.0,-43.0,0.0
-19.0,-42.0,0.0
-19.0,-41.0,0.0
-19.0,-40.0,0.0
-18.0,-71.0,0.0
-18.0,-70.0,0.0
-18.0,-69.0,0.0
-18.0,-58.0,0.0
-18.0,-57.0,0.0
-18.0,-56.0,0.0
-18.0,-55.0,0.0
-18.0,-54.0,0.0
-18.0,-53.0,0.0
-18.0,-52.0,0.0
-18.0,-51.0,0.0
-18.0,-50.0,0.0
-18.0,-49.0,0.0
-18.0,-48.0,0.0
-18.0,-47.0,0.0
-18.0,-46.0,0.0
-18.0,-45.0,0.0
-18.0,-44.0,0.0
-18.0,-43.0,0.0
-18.0,-42.0,0.0
-18.0,-41.0,0.0
-18.0,-40.0,0.0
-18.0,-39.0,0.0
-17.0,-73.0,0.0
-17.0,-72.0,0.0
-17.0,-71.0,0.0
-17.0,-70.0,0.0
-17.0,-69.0,0.0
-17.0,-58.0,0.0
-17.0,-57.0,0.0
-17.0,-56.0,0.0
-17.0,-55.0,0.0
-17.0,-54.0,0.0
-17.0,-53.0,0.0
-17.0,-52.0,0.0
-17.0,-51.0,0.0
-17.0,-50.0,0.0
-17.0,-49.0,0.0
-17.0,-48.0,0.0
-17.0,-47.0,0.0
-17.0,-46.0,0.0
-17.0,-45.0,0.0
-17.0,-44.0,0.0
-17.0,-43.0,0.0
-17.0,-42.0,0.0
-17.0,-41.0,0.0
-17.0,-40.0,0.0
-17.0,-39.0,0.0
-16.0,-75.0,0.0
-16.0,-74.0,0.0
-16.0,-73.0,0.0
-16.0,-72.0,0.0
-16.0,-71.0,0.0
-16.0,-70.0,0.0
-16.0,-69.0,0.0
-16.0,-60.0,0.0
-16.0,-59.0,0.0
-16.0,-58.0,0.0
-16.0,-57.0,0.0
-16.0,-56.0,0.0
-16.0,-55.0,0.0
-16.0,-54.0,0.0
-16.0,-53.0,0.0
-16.0,-52.0,0.0
-16.0,-51.0,0.0
-16.0,-50.0,0.0
-16.0,-49.0,0.0
-16.0,-48.0,0.0
-16.0,-47.0,0.0
-16.0,-46.0,0.0
-16.0,-45.0,0.0
-16.0,-44.0,0.0
-16.0,-43.0,0.0
-16.0,-42.0,0.0
-16.0,-41.0,0.0
-16.0,-40.0,0.0
-16.0,-39.0,0.0
-15.0,-76.0,0.0
-15.0,-75.0,0.0
-15.0,-74.0,0.0
-15.0,-73.0,0.0
-15.0,-72.0,0.0
-15.0,-71.0,0.0
-15.0,-70.0,0.0
-15.0,-69.0,0.0
-15.0,-61.0,0.0
-15.0,-60.0,0.0
-15.0,-59.0,0.0
-15.0,-58.0,0.0
-15.0,-57.0,0.0
-15.0,-56.0,0.0
-15.0,-55.0,0.0
-15.0,-54.0,0.0
-15.0,-53.0,0.0
-15.0,-52.0,0.0
-15.0,-51.0,0.0
-15.0,-50.0,0.0
-15.0,-49.0,0.0
-15.0,-48.0,0.0
-15.0,-47.0,0.0
-15.0,-46.0,0.0
-15.0,-45.0,0.0
-15.0,-44.0,0.0
-15.0,-43.0,0.0
-15.0,-42.0,0.0
-15.0,-41.0,0.0
-15.0,-40.0,0.0
-15.0,-39.0,0.0
-14.0,-76.0,0.0
-14.0,-75.0,0.0
-14.0,-74.0,0.0
-14.0,-73.0,0.0
-14.0,-72.0,0.0
-14.0,-71.0,0.0
-14.0,-70.0,0.0
-14.0,-69.0,0.0
-14.0,-62.0,0.0
-14.0,-61.0,0.0
-14.0,-60.0,0.0
-14.0,-59.0,0.0
-14.0,-58.0,0.0
-14.0,-57.0,0.0
-14.0,-56.0,0.0
-14.0,-55.0,0.0
-14.0,-54.0,0.0
-14.0,-53.0,0.0
-14.0,-52.0,0.0
-14.0,-51.0,0.0
-14.0,-50.0,0.0
-14.0,-49.0,0.0
-14.0,-48.0,0.0
-14.0,-47.0,0.0
-14.0,-46.0,0.0
-14.0,-45.0,0.0
-14.0,-44.0,0.0
-14.0,-43.0,0.0
-14.0,-42.0,0.0
-14.0,-41.0,0.0
-14.0,-40.0,0.0
-14.0,-39.0,0.0
-13.0,-77.0,0.0
-13.0,-76.0,0.0
-13.0,-75.0,0.0
-13.0,-74.0,0.0
-13.0,-73.0,0.0
-13.0,-72.0,0.0
-13.0,-71.0,0.0
-13.0,-70.0,0.0
-13.0,-69.0,0.0
-13.0,-64.0,0.0
-13.0,-63.0,0.0
-13.0,-62.0,0.0
-13.0,-61.0,0.0
-13.0,-60.0,0.0
-13.0,-59.0,0.0
-13.0,-58.0,0.0
-13.0,-57.0,0.0
-13.0,-56.0,0.0
-13.0,-55.0,0.0
-13.0,-54.0,0.0
-13.0,-53.0,0.0
-13.0,-52.0,0.0
-13.0,-51.0,0.0
-13.0,-50.0,0.0
-13.0,-49.0,0.0
-13.0,-48.0,0.0
-13.0,-47.0,0.0
-13.0,-46.0,0.0
-13.0,-45.0,0.0
-13.0,-44.0,0.0
-13.0,-43.0,0.0
-13.0,-42.0,0.0
-13.0,-41.0,0.0
-13.0,-40.0,0.0
-13.0,-39.0,0.0
-13.0,-38.0,0.0
-12.0,-77.0,0.0
-12.0,-76.0,0.0
-12.0,-75.0,0.0
-12.0,-74.0,0.0
-12.0,-73.0,0.0
-12.0,-72.0,0.0
-12.0,-71.0,0.0
-12.0,-70.0,0.0
-12.0,-69.0,0.0
-12.0,-65.0,0.0
-12.0,-64.0,0.0
-12.0,-63.0,0.0
-12.0,-62.0,0.0
-12.0,-61.0,0.0
-12.0,-60.0,0.0
-12.0,-59.0,0.0
-12.0,-58.0,0.0
-12.0,-57.0,0.0
-12.0,-56.0,0.0
-12.0,-55.0,0.0
-12.0,-54.0,0.0
-12.0,-53.0,0.0
-12.0,-52.0,0.0
-12.0,-51.0,0.0
-12.0,-50.0,0.0
-12.0,-49.0,0.0
-12.0,-48.0,0.0
-12.0,-47.0,0.0
-12.0,-46.0,0.0
-12.0,-45.0,0.0
-12.0,-44.0,0.0
-12.0,-43.0,0.0
-12.0,-42.0,0.0
-12.0,-41.0,0.0
-12.0,-40.0,0.0
-12.0,-39.0,0.0
-12.0,-38.0,0.0
-12.0,-37.0,0.0
-11.0,-78.0,0.0
-11.0,-77.0,0.0
-11.0,-76.0,0.0
-11.0,-75.0,0.0
-11.0,-74.0,0.0
-11.0,-73.0,0.0
-11.0,-72.0,0.0
-11.0,-71.0,0.0
-11.0,-70.0,0.0
-11.0,-69.0,0.0
-11.0,-68.0,0.0
-11.0,-65.0,0.0
-11.0,-64.0,0.0
-11.0,-63.0,0.0
-11.0,-62.0,0.0
-11.0,-61.0,0.0
-11.0,-60.0,0.0
-11.0,-59.0,0.0
-11.0,-58.0,0.0
-11.0,-57.0,0.0
-11.0,-56.0,0.0
-11.0,-55.0,0.0
-11.0,-54.0,0.0
-11.0,-53.0,0.0
-11.0,-52.0,0.0
-11.0,-51.0,0.0
-11.0,-50.0,0.0
-11.0,-49.0,0.0
-11.0,-48.0,0.0
-11.0,-47.0,0.0
-11.0,-46.0,0.0
-11.0,-45.0,0.0
-11.0,-44.0,0.0
-11.0,-43.0,0.0
-11.0,-42.0,0.0
-11.0,-41.0,0.0
-11.0,-40.0,0.0
-11.0,-39.0,0.0
-11.0,-38.0,0.0
-11.0,-37.0,0.0
-11.0,-36.0,0.0
-11.0,122.0,0.0
-11.0,123.0,0.0
-10.0,-78.0,0.0
-10.0,-77.0,0.0
-10.0,-76.0,0.0
-10.0,-75.0,0.0
-10.0,-74.0,0.0
-10.0,-73.0,0.0
-10.0,-72.0,0.0
-10.0,-71.0,0.0
-10.0,-70.0,0.0
-10.0,-69.0,0.0
-10.0,-68.0,0.0
-10.0,-67.0,0.0
-10.0,-66.0,0.0
-10.0,-65.0,0.0
-10.0,-64.0,0.0
-10.0,-63.0,0.0
-10.0,-62.0,0.0
-10.0,-61.0,0.0
-10.0,-60.0,0.0
-10.0,-59.0,0.0
-10.0,-58.0,0.0
-10.0,-57.0,0.0
-10.0,-56.0,0.0
-10.0,-55.0,0.0
-10.0,-54.0,0.0
-10.0,-53.0,0.0
-10.0,-52.0,0.0
-10.0,-51.0,0.0
-10.0,-50.0,0.0
-10.0,-49.0,0.0
-10.0,-48.0,0.0
-10.0,-47.0,0.0
-10.0,-46.0,0.0
-10.0,-45.0,0.0
-10.0,-44.0,0.0
-10.0,-43.0,0.0
-10.0,-42.0,0.0
-10.0,-41.0,0.0
-10.0,-40.0,0.0
-10.0,-39.0,0.0
-10.0,-38.0,0.0
-10.0,-37.0,0.0
-10.0,-36.0,0.0
-10.0,119.0,0.0
-10.0,120.0,0.0
-10.0,121.0,0.0
-10.0,122.0,0.0
-10.0,123.0,0.0
-10.0,124.0,0.0
-10.0,125.0,0.0
-9.0,-79.0,0.0
-9.0,-78.0,0.0
-9.0,-77.0,0.0
-9.0,-76.0,0.0
-9.0,-75.0,0.0
-9.0,-74.0,0.0
-9.0,-73.0,0.0
-9.0,-72.0,0.0
-9.0,-71.0,0.0
-9.0,-70.0,0.0
-9.0,-69.0,0.0
-9.0,-68.0,0.0
-9.0,-67.0,0.0
-9.0,-66.0,0.0
-9.0,-65.0,0.0
-9.0,-64.0,0.0
-9.0,-63.0,0.0
-9.0,-62.0,0.0
-9.0,-61.0,0.0
-9.0,-60.0,0.0
-9.0,-59.0,0.0
-9.0,-58.0,0.0
-9.0,-57.0,0.0
-9.0,-56.0,0.0
-9.0,-55.0,0.0
-9.0,-54.0,0.0
-9.0,-53.0,0.0
-9.0,-52.0,0.0
-9.0,-51.0,0.0
-9.0,-50.0,0.0
-9.0,-49.0,0.0
-9.0,-48.0,0.0
-9.0,-47.0,0.0
-9.0,-46.0,0.0
-9.0,-45.0,0.0
-9.0,-44.0,0.0
-9.0,-43.0,0.0
-9.0,-42.0,0.0
-9.0,-41.0,0.0
-9.0,-40.0,0.0
-9.0,-39.0,0.0
-9.0,-38.0,0.0
-9.0,-37.0,0.0
-9.0,-36.0,0.0
-9.0,-35.0,0.0
-9.0,114.0,0.0
-9.0,115.0,0.0
-9.0,116.0,0.0
-9.0,117.0,0.0
-9.0,118.0,0.0
-9.0,119.0,0.0
-9.0,120.0,0.0
-9.0,121.0,0.0
-9.0,122.0,0.0
-9.0,123.0,0.0
-9.0,124.0,0.0
-9.0,125.0,0.0
-9.0,140.0,0.0
-9.0,141.0,0.0
-8.0,-80.0,0.0
-8.0,-79.0,0.0
-8.0,-78.0,0.0
-8.0,-77.0,0.0
-8.0,-76.0,0.0
-8.0,-75.0,0.0
-8.0,-74.0,0.0
-8.0,-73.0,0.0
-8.0,-72.0,0.0
-8.0,-71.0,0.0
-8.0,-70.0,0.0
-8.0,-69.0,0.0
-8.0,-68.0,0.0
-8.0,-67.0,0.0
-8.0,-66.0,0.0
-8.0,-65.0,0.0
-8.0,-64.0,0.0
-8.0,-63.0,0.0
-8.0,-62.0,0.0
-8.0,-61.0,0.0
-8.0,-60.0,0.0
-8.0,-59.0,0.0
-8.0,-58.0,0.0
-8.0,-57.0,0.0
-8.0,-56.0,0.0
-8.0,-55.0,0.0
-8.0,-54.0,0.0
-8.0,-53.0,0.0
-8.0,-52.0,0.0
-8.0,-51.0,0.0
-8.0,-50.0,0.0
-8.0,-49.0,0.0
-8.0,-48.0,0.0
-8.0,-47.0,0.0
-8.0,-46.0,0.0
-8.0,-45.0,0.0
-8.0,-44.0,0.0
-8.0,-43.0,0.0
-8.0,-42.0,0.0
-8.0,-41.0,0.0
-8.0,-40.0,0.0
-8.0,-39.0,0.0
-8.0,-38.0,0.0
-8.0,-37.0,0.0
-8.0,-36.0,0.0
-8.0,-35.0,0.0
-8.0,107.0,0.0
-8.0,108.0,0.0
-8.0,109.0,0.0
-8.0,110.0,0.0
-8.0,111.0,0.0
-8.0,112.0,0.0
-8.0,113.0,0.0
-8.0,114.0,0.0
-8.0,115.0,0.0
-8.0,116.0,0.0
-8.0,117.0,0.0
-8.0,118.0,0.0
-8.0,119.0,0.0
-8.0,120.0,0.0
-8.0,121.0,0.0
-8.0,122.0,0.0
-8.0,123.0,0.0
-8.0,124.0,0.0
-8.0,125.0,0.0
-8.0,126.0,0.0
-8.0,127.0,0.0
-8.0,128.0,0.0
-8.0,130.0,0.0
-8.0,131.0,0.0
-8.0,132.0,0.0
-8.0,138.0,0.0
-8.0,139.0,0.0
-8.0,140.0,0.0
-8.0,141.0,0.0
-7.0,-80.0,0.0
-7.0,-79.0,0.0
-7.0,-78.0,0.0
-7.0,-77.0,0.0
-7.0,-76.0,0.0
-7.0,-75.0,0.0
-7.0,-74.0,0.0
-7.0,-73.0,0.0
-7.0,-72.0,0.0
-7.0,-71.0,0.0
-7.0,-70.0,0.0
-7.0,-69.0,0.0
-7.0,-68.0,0.0
-7.0,-67.0,0.0
-7.0,-66.0,0.0
-7.0,-65.0,0.0
-7.0,-64.0,0.0
-7.0,-63.0,0.0
-7.0,-62.0,0.0
-7.0,-61.0,0.0
-7.0,-60.0,0.0
-7.0,-59.0,0.0
-7.0,-58.0,0.0
-7.0,-57.0,0.0
-7.0,-56.0,0.0
-7.0,-55.0,0.0
-7.0,-54.0,0.0
-7.0,-53.0,0.0
-7.0,-52.0,0.0
-7.0,-51.0,0.0
-7.0,-50.0,0.0
-7.0,-49.0,0.0
-7.0,-48.0,0.0
-7.0,-47.0,0.0
-7.0,-46.0,0.0
-7.0,-45.0,0.0
-7.0,-44.0,0.0
-7.0,-43.0,0.0
-7.0,-42.0,0.0
-7.0,-41.0,0.0
-7.0,-40.0,0.0
-7.0,-39.0,0.0
-7.0,-38.0,0.0
-7.0,-37.0,0.0
-7.0,-36.0,0.0
-7.0,-35.0,0.0
-7.0,105.0,0.0
-7.0,106.0,0.0
-7.0,107.0,0.0
-7.0,108.0,0.0
-7.0,109.0,0.0
-7.0,110.0,0.0
-7.0,111.0,0.0
-7.0,112.0,0.0
-7.0,113.0,0.0
-7.0,114.0,0.0
-7.0,115.0,0.0
-7.0,116.0,0.0
-7.0,121.0,0.0
-7.0,129.0,0.0
-7.0,131.0,0.0
-7.0,132.0,0.0
-7.0,134.0,0.0
-7.0,135.0,0.0
-7.0,138.0,0.0
-7.0,139.0,0.0
-7.0,140.0,0.0
-7.0,141.0,0.0
-6.0,-81.0,0.0
-6.0,-80.0,0.0
-6.0,-79.0,0.0
-6.0,-78.0,0.0
-6.0,-77.0,0.0
-6.0,-76.0,0.0
-6.0,-75.0,0.0
-6.0,-74.0,0.0
-6.0,-73.0,0.0
-6.0,-72.0,0.0
-6.0,-71.0,0.0
-6.0,-70.0,0.0
-6.0,-69.0,0.0
-6.0,-68.0,0.0
-6.0,-67.0,0.0
-6.0,-66.0,0.0
-6.0,-65.0,0.0
-6.0,-64.0,0.0
-6.0,-63.0,0.0
-6.0,-62.0,0.0
-6.0,-61.0,0.0
-6.0,-60.0,0.0
-6.0,-59.0,0.0
-6.0,-58.0,0.0
-6.0,-57.0,0.0
-6.0,-56.0,0.0
-6.0,-55.0,0.0
-6.0,-54.0,0.0
-6.0,-53.0,0.0
-6.0,-52.0,0.0
-6.0,-51.0,0.0
-6.0,-50.0,0.0
-6.0,-49.0,0.0
-6.0,-48.0,0.0
-6.0,-47.0,0.0
-6.0,-46.0,0.0
-6.0,-45.0,0.0
-6.0,-44.0,0.0
-6.0,-43.0,0.0
-6.0,-42.0,0.0
-6.0,-41.0,0.0
-6.0,-40.0,0.0
-6.0,-39.0,0.0
-6.0,-38.0,0.0
-6.0,-37.0,0.0
-6.0,-36.0,0.0
-6.0,-35.0,0.0
-6.0,104.0,0.0
-6.0,105.0,0.0
-6.0,106.0,0.0
-6.0,107.0,0.0
-6.0,108.0,0.0
-6.0,109.0,0.0
-6.0,111.0,0.0
-6.0,113.0,0.0
-6.0,119.0,0.0
-6.0,120.0,0.0
-6.0,121.0,0.0
-6.0,123.0,0.0
-6.0,124.0,0.0
-6.0,133.0,0.0
-6.0,134.0,0.0
-6.0,135.0,0.0
-6.0,138.0,0.0
-6.0,139.0,0.0
-6.0,140.0,0.0
-6.0,141.0,0.0
-5.0,-81.0,0.0
-5.0,-80.0,0.0
-5.0,-79.0,0.0
-5.0,-78.0,0.0
-5.0,-77.0,0.0
-5.0,-76.0,0.0
-5.0,-75.0,0.0
-5.0,-74.0,0.0
-5.0,-73.0,0.0
-5.0,-72.0,0.0
-5.0,-71.0,0.0
-5.0,-70.0,0.0
-5.0,-69.0,0.0
-5.0,-68.0,0.0
-5.0,-67.0,0.0
-5.0,-66.0,0.0
-5.0,-65.0,0.0
-5.0,-64.0,0.0
-5.0,-63.0,0.0
-5.0,-62.0,0.0
-5.0,-61.0,0.0
-5.0,-60.0,0.0
-5.0,-59.0,0.0
-5.0,-58.0,0.0
-5.0,-57.0,0.0
-5.0,-56.0,0.0
-5.0,-55.0,0.0
-5.0,-54.0,0.0
-5.0,-53.0,0.0
-5.0,-52.0,0.0
-5.0,-51.0,0.0
-5.0,-50.0,0.0
-5.0,-49.0,0.0
-5.0,-48.0,0.0
-5.0,-47.0,0.0
-5.0,-46.0,0.0
-5.0,-45.0,0.0
-5.0,-44.0,0.0
-5.0,-43.0,0.0
-5.0,-42.0,0.0
-5.0,-41.0,0.0
-5.0,-40.0,0.0
-5.0,-39.0,0.0
-5.0,-38.0,0.0
-5.0,-37.0,0.0
-5.0,-36.0,0.0
-5.0,-35.0,0.0
-5.0,39.0,0.0
-5.0,102.0,0.0
-5.0,103.0,0.0
-5.0,104.0,0.0
-5.0,105.0,0.0
-5.0,106.0,0.0
-5.0,119.0,0.0
-5.0,120.0,0.0
-5.0,121.0,0.0
-5.0,122.0,0.0
-5.0,123.0,0.0
-5.0,124.0,0.0
-5.0,133.0,0.0
-5.0,135.0,0.0
-5.0,136.0,0.0
-5.0,137.0,0.0
-5.0,138.0,0.0
-5.0,139.0,0.0
-5.0,140.0,0.0
-5.0,141.0,0.0
-4.0,-81.0,0.0
-4.0,-80.0,0.0
-4.0,-79.0,0.0
-4.0,-78.0,0.0
-4.0,-77.0,0.0
-4.0,-76.0,0.0
-4.0,-75.0,0.0
-4.0,-74.0,0.0
-4.0,-73.0,0.0
-4.0,-72.0,0.0
-4.0,-71.0,0.0
-4.0,-70.0,0.0
-4.0,-69.0,0.0
-4.0,-68.0,0.0
-4.0,-67.0,0.0
-4.0,-66.0,0.0
-4.0,-65.0,0.0
-4.0,-64.0,0.0
-4.0,-63.0,0.0
-4.0,-62.0,0.0
-4.0,-61.0,0.0
-4.0,-60.0,0.0
-4.0,-59.0,0.0
-4.0,-58.0,0.0
-4.0,-57.0,0.0
-4.0,-56.0,0.0
-4.0,-55.0,0.0
-4.0,-54.0,0.0
-4.0,-53.0,0.0
-4.0,-52.0,0.0
-4.0,-51.0,0.0
-4.0,-50.0,0.0
-4.0,-49.0,0.0
-4.0,-48.0,0.0
-4.0,-47.0,0.0
-4.0,-46.0,0.0
-4.0,-45.0,0.0
-4.0,-44.0,0.0
-4.0,-43.0,0.0
-4.0,-42.0,0.0
-4.0,-41.0,0.0
-4.0,-40.0,0.0
-4.0,-39.0,0.0
-4.0,-38.0,0.0
-4.0,38.0,0.0
-4.0,39.0,0.0
-4.0,40.0,0.0
-4.0,102.0,0.0
-4.0,103.0,0.0
-4.0,104.0,0.0
-4.0,105.0,0.0
-4.0,106.0,0.0
-4.0,112.0,0.0
-4.0,115.0,0.0
-4.0,116.0,0.0
-4.0,119.0,0.0
-4.0,120.0,0.0
-4.0,121.0,0.0
-4.0,122.0,0.0
-4.0,123.0,0.0
-4.0,126.0,0.0
-4.0,127.0,0.0
-4.0,128.0,0.0
-4.0,129.0,0.0
-4.0,130.0,0.0
-4.0,131.0,0.0
-4.0,133.0,0.0
-4.0,134.0,0.0
-4.0,135.0,0.0
-4.0,136.0,0.0
-4.0,137.0,0.0
-4.0,138.0,0.0
-4.0,139.0,0.0
-4.0,140.0,0.0
-4.0,141.0,0.0
-3.0,-80.0,0.0
-3.0,-78.0,0.0
-3.0,-77.0,0.0
-3.0,-76.0,0.0
-3.0,-75.0,0.0
-3.0,-74.0,0.0
-3.0,-73.0,0.0
-3.0,-72.0,0.0
-3.0,-71.0,0.0
-3.0,-70.0,0.0
-3.0,-69.0,0.0
-3.0,-68.0,0.0
-3.0,-67.0,0.0
-3.0,-66.0,0.0
-3.0,-65.0,0.0
-3.0,-64.0,0.0
-3.0,-63.0,0.0
-3.0,-62.0,0.0
-3.0,-61.0,0.0
-3.0,-60.0,0.0
-3.0,-59.0,0.0
-3.0,-58.0,0.0
-3.0,-57.0,0.0
-3.0,-56.0,0.0
-3.0,-55.0,0.0
-3.0,-54.0,0.0
-3.0,-53.0,0.0
-3.0,-52.0,0.0
-3.0,-51.0,0.0
-3.0,-50.0,0.0
-3.0,-49.0,0.0
-3.0,-48.0,0.0
-3.0,-47.0,0.0
-3.0,-46.0,0.0
-3.0,-45.0,0.0
-3.0,-44.0,0.0
-3.0,-43.0,0.0
-3.0,-42.0,0.0
-3.0,-41.0,0.0
-3.0,-40.0,0.0
-3.0,-39.0,0.0
-3.0,37.0,0.0
-3.0,38.0,0.0
-3.0,39.0,0.0
-3.0,40.0,0.0
-3.0,41.0,0.0
-3.0,100.0,0.0
-3.0,101.0,0.0
-3.0,102.0,0.0
-3.0,103.0,0.0
-3.0,104.0,0.0
-3.0,105.0,0.0
-3.0,106.0,0.0
-3.0,107.0,0.0
-3.0,108.0,0.0
-3.0,110.0,0.0
-3.0,111.0,0.0
-3.0,112.0,0.0
-3.0,113.0,0.0
-3.0,114.0,0.0
-3.0,115.0,0.0
-3.0,116.0,0.0
-3.0,117.0,0.0
-3.0,119.0,0.0
-3.0,120.0,0.0
-3.0,121.0,0.0
-3.0,122.0,0.0
-3.0,126.0,0.0
-3.0,127.0,0.0
-3.0,128.0,0.0
-3.0,129.0,0.0
-3.0,130.0,0.0
-3.0,131.0,0.0
-3.0,132.0,0.0
-3.0,133.0,0.0
-3.0,134.0,0.0
-3.0,135.0,0.0
-3.0,136.0,0.0
-3.0,137.0,0.0
-3.0,138.0,0.0
-3.0,139.0,0.0
-3.0,140.0,0.0
-3.0,141.0,0.0
-2.0,-76.0,0.0
-2.0,-75.0,0.0
-2.0,-74.0,0.0
-2.0,-73.0,0.0
-2.0,-72.0,0.0
-2.0,-71.0,0.0
-2.0,-70.0,0.0
-2.0,-69.0,0.0
-2.0,-68.0,0.0
-2.0,-67.0,0.0
-2.0,-66.0,0.0
-2.0,-65.0,0.0
-2.0,-64.0,0.0
-2.0,-63.0,0.0
-2.0,-62.0,0.0
-2.0,-61.0,0.0
-2.0,-60.0,0.0
-2.0,-59.0,0.0
-2.0,-58.0,0.0
-2.0,-57.0,0.0
-2.0,-56.0,0.0
-2.0,-55.0,0.0
-2.0,-54.0,0.0
-2.0,-53.0,0.0
-2.0,-52.0,0.0
-2.0,-51.0,0.0
-2.0,-50.0,0.0
-2.0,-49.0,0.0
-2.0,-48.0,0.0
-2.0,-47.0,0.0
-2.0,-46.0,0.0
-2.0,-45.0,0.0
-2.0,-44.0,0.0
-2.0,-43.0,0.0
-2.0,35.0,0.0
-2.0,36.0,0.0
-2.0,37.0,0.0
-2.0,38.0,0.0
-2.0,39.0,0.0
-2.0,40.0,0.0
-2.0,41.0,0.0
-2.0,42.0,0.0
-2.0,99.0,0.0
-2.0,100.0,0.0
-2.0,101.0,0.0
-2.0,102.0,0.0
-2.0,103.0,0.0
-2.0,104.0,0.0
-2.0,105.0,0.0
-2.0,106.0,0.0
-2.0,109.0,0.0
-2.0,110.0,0.0
-2.0,111.0,0.0
-2.0,112.0,0.0
-2.0,113.0,0.0
-2.0,114.0,0.0
-2.0,115.0,0.0
-2.0,116.0,0.0
-2.0,117.0,0.0
-2.0,119.0,0.0
-2.0,120.0,0.0
-2.0,121.0,0.0
-2.0,122.0,0.0
-2.0,123.0,0.0
-2.0,124.0,0.0
-2.0,125.0,0.0
-2.0,126.0,0.0
-2.0,127.0,0.0
-2.0,128.0,0.0
-2.0,130.0,0.0
-2.0,132.0,0.0
-2.0,133.0,0.0
-2.0,134.0,0.0
-2.0,136.0,0.0
-2.0,137.0,0.0
-2.0,138.0,0.0
-2.0,139.0,0.0
-2.0,140.0,0.0
-2.0,141.0,0.0
-1.0,-76.0,0.0
-1.0,-75.0,0.0
-1.0,-74.0,0.0
-1.0,-73.0,0.0
-1.0,-72.0,0.0
-1.0,-71.0,0.0
-1.0,-70.0,0.0
-1.0,-69.0,0.0
-1.0,-68.0,0.0
-1.0,-67.0,0.0
-1.0,-66.0,0.0
-1.0,-65.0,0.0
-1.0,-64.0,0.0
-1.0,-63.0,0.0
-1.0,-62.0,0.0
-1.0,-61.0,0.0
-1.0,-60.0,0.0
-1.0,-59.0,0.0
-1.0,-58.0,0.0
-1.0,-57.0,0.0
-1.0,-56.0,0.0
-1.0,-55.0,0.0
-1.0,-54.0,0.0
-1.0,-53.0,0.0
-1.0,-52.0,0.0
-1.0,-51.0,0.0
-1.0,-50.0,0.0
-1.0,-49.0,0.0
-1.0,-48.0,0.0
-1.0,-47.0,0.0
-1.0,-46.0,0.0
-1.0,-45.0,0.0
-1.0,34.0,0.0
-1.0,35.0,0.0
-1.0,36.0,0.0
-1.0,37.0,0.0
-1.0,38.0,0.0
-1.0,39.0,0.0
-1.0,40.0,0.0
-1.0,41.0,0.0
-1.0,98.0,0.0
-1.0,99.0,0.0
-1.0,100.0,0.0
-1.0,101.0,0.0
-1.0,102.0,0.0
-1.0,103.0,0.0
-1.0,104.0,0.0
-1.0,105.0,0.0
-1.0,109.0,0.0
-1.0,110.0,0.0
-1.0,111.0,0.0
-1.0,112.0,0.0
-1.0,113.0,0.0
-1.0,114.0,0.0
-1.0,115.0,0.0
-1.0,116.0,0.0
-1.0,117.0,0.0
-1.0,118.0,0.0
-1.0,119.0,0.0
-1.0,120.0,0.0
-1.0,121.0,0.0
-1.0,122.0,0.0
-1.0,123.0,0.0
-1.0,124.0,0.0
-1.0,127.0,0.0
-1.0,128.0,0.0
-1.0,130.0,0.0
-1.0,131.0,0.0
-1.0,132.0,0.0
-1.0,133.0,0.0
-1.0,134.0,0.0
-1.0,135.0,0.0
-1.0,136.0,0.0
-1.0,138.0,0.0
0.0,-77.0,0.0
0.0,-76.0,0.0
0.0,-75.0,0.0
0.0,-74.0,0.0
0.0,-71.0,0.0
0.0,-70.0,0.0
0.0,-69.0,0.0
0.0,-68.0,0.0
0.0,-67.0,0.0
0.0,-66.0,0.0
0.0,-65.0,0.0
0.0,-64.0,0.0
0.0,-63.0,0.0
0.0,-62.0,0.0
0.0,-61.0,0.0
0.0,-60.0,0.0
0.0,-59.0,0.0
0.0,-58.0,0.0
0.0,-57.0,0.0
0.0,-56.0,0.0
0.0,-54.0,0.0
0.0,-53.0,0.0
0.0,-52.0,0.0
0.0,-51.0,0.0
0.0,-50.0,0.0
0.0,-49.0,0.0
0.0,-48.0,0.0
0.0,34.0,0.0
0.0,35.0,0.0
0.0,36.0,0.0
0.0,37.0,0.0
0.0,38.0,0.0
0.0,39.0,0.0
0.0,40.0,0.0
0.0,41.0,0.0
0.0,98.0,0.0
0.0,99.0,0.0
0.0,100.0,0.0
0.0,101.0,0.0
0.0,102.0,0.0
0.0,103.0,0.0
0.0,104.0,0.0
0.0,105.0,0.0
0.0,109.0,0.0
0.0,110.0,0.0
0.0,111.0,0.0
0.0,112.0,0.0
0.0,113.0,0.0
0.0,114.0,0.0
0.0,115.0,0.0
0.0,116.0,0.0
0.0,117.0,0.0
0.0,118.0,0.0
0.0,120.0,0.0
0.0,121.0,0.0
0.0,122.0,0.0
0.0,123.0,0.0
0.0,124.0,0.0
0.0,127.0,0.0
0.0,128.0,0.0
0.0,129.0,0.0
0.0,130.0,0.0
0.0,131.0,0.0
0.0,132.0,0.0
0.0,133.0,0.0
1.0,-79.0,0.0
1.0,-78.0,0.0
1.0,-77.0,0.0
1.0,-76.0,0.0
1.0,-75.0,0.0
1.0,-74.0,0.0
1.0,-72.0,0.0
1.0,-71.0,0.0
1.0,-70.0,0.0
1.0,-69.0,0.0
1.0,-68.0,0.0
1.0,-67.0,0.0
1.0,-66.0,0.0
1.0,-65.0,0.0
1.0,-64.0,0.0
1.0,-63.0,0.0
1.0,-62.0,0.0
1.0,-61.0,0.0
1.0,-60.0,0.0
1.0,-59.0,0.0
1.0,-58.0,0.0
1.0,-57.0,0.0
1.0,-56.0,0.0
1.0,-55.0,0.0
1.0,-54.0,0.0
1.0,-53.0,0.0
1.0,-52.0,0.0
1.0,-51.0,0.0
1.0,-50.0,0.0
1.0,34.0,0.0
1.0,35.0,0.0
1.0,36.0,0.0
1.0,37.0,0.0
1.0,38.0,0.0
1.0,39.0,0.0
1.0,40.0,0.0
1.0,41.0,0.0
1.0,97.0,0.0
1.0,98.0,0.0
1.0,99.0,0.0
1.0,100.0,0.0
1.0,101.0,0.0
1.0,102.0,0.0
1.0,103.0,0.0
1.0,104.0,0.0
1.0,105.0,0.0
1.0,109.0,0.0
1.0,110.0,0.0
1.0,111.0,0.0
1.0,112.0,0.0
1.0,113.0,0.0
1.0,114.0,0.0
1.0,115.0,0.0
1.0,116.0,0.0
1.0,117.0,0.0
1.0,118.0,0.0
1.0,119.0,0.0
1.0,120.0,0.0
1.0,121.0,0.0
1.0,122.0,0.0
1.0,123.0,0.0
1.0,124.0,0.0
1.0,125.0,0.0
1.0,127.0,0.0
1.0,128.0,0.0
1.0,129.0,0.0
2.0,-79.0,0.0
2.0,-78.0,0.0
2.0,-77.0,0.0
2.0,-76.0,0.0
2.0,-75.0,0.0
2.0,-74.0,0.0
2.0,-73.0,0.0
2.0,-72.0,0.0
2.0,-71.0,0.0
2.0,-70.0,0.0
2.0,-69.0,0.0
2.0,-68.0,0.0
2.0,-67.0,0.0
2.0,-64.0,0.0
2.0,-63.0,0.0
2.0,-62.0,0.0
2.0,-61.0,0.0
2.0,-60.0,0.0
2.0,-59.0,0.0
2.0,-58.0,0.0
2.0,-57.0,0.0
2.0,-56.0,0.0
2.0,-55.0,0.0
2.0,-54.0,0.0
2.0,-53.0,0.0
2.0,-52.0,0.0
2.0,-51.0,0.0
2.0,-50.0,0.0
2.0,35.0,0.0
2.0,36.0,0.0
2.0,37.0,0.0
2.0,38.0,0.0
2.0,39.0,0.0
2.0,40.0,0.0
2.0,41.0,0.0
2.0,96.0,0.0
2.0,97.0,0.0
2.0,98.0,0.0
2.0,99.0,0.0
2.0,100.0,0.0
2.0,101.0,0.0
2.0,102.0,0.0
2.0,109.0,0.0
2.0,110.0,0.0
2.0,112.0,0.0
2.0,113.0,0.0
2.0,115.0,0.0
2.0,116.0,0.0
2.0,117.0,0.0
2.0,118.0,0.0
2.0,125.0,0.0
2.0,128.0,0.0
2.0,129.0,0.0
3.0,-78.0,0.0
3.0,-77.0,0.0
3.0,-76.0,0.0
3.0,-75.0,0.0
3.0,-74.0,0.0
3.0,-73.0,0.0
3.0,-72.0,0.0
3.0,-71.0,0.0
3.0,-70.0,0.0
3.0,-69.0,0.0
3.0,-68.0,0.0
3.0,-67.0,0.0
3.0,-64.0,0.0
3.0,-63.0,0.0
3.0,-62.0,0.0
3.0,-61.0,0.0
3.0,-60.0,0.0
3.0,-53.0,0.0
3.0,-52.0,0.0
3.0,-51.0,0.0
3.0,34.0,0.0
3.0,35.0,0.0
3.0,36.0,0.0
3.0,37.0,0.0
3.0,38.0,0.0
3.0,39.0,0.0
3.0,40.0,0.0
3.0,41.0,0.0
3.0,42.0,0.0
3.0,96.0,0.0
3.0,97.0,0.0
3.0,98.0,0.0
3.0,99.0,0.0
3.0,100.0,0.0
3.0,106.0,0.0
3.0,109.0,0.0
3.0,115.0,0.0
3.0,116.0,0.0
3.0,117.0,0.0
3.0,118.0,0.0
3.0,125.0,0.0
3.0,126.0,0.0
3.0,128.0,0.0
3.0,129.0,0.0
4.0,-77.0,0.0
4.0,-76.0,0.0
4.0,-75.0,0.0
4.0,-74.0,0.0
4.0,-73.0,0.0
4.0,-72.0,0.0
4.0,-71.0,0.0
4.0,-70.0,0.0
4.0,-69.0,0.0
4.0,-68.0,0.0
4.0,-67.0,0.0
4.0,-65.0,0.0
4.0,-64.0,0.0
4.0,-63.0,0.0
4.0,-62.0,0.0
4.0,-61.0,0.0
4.0,-60.0,0.0
4.0,-52.0,0.0
4.0,-51.0,0.0
4.0,34.0,0.0
4.0,35.0,0.0
4.0,36.0,0.0
4.0,37.0,0.0
4.0,38.0,0.0
4.0,39.0,0.0
4.0,40.0,0.0
4.0,41.0,0.0
4.0,42.0,0.0
4.0,96.0,0.0
4.0,97.0,0.0
4.0,98.0,0.0
4.0,99.0,0.0
4.0,108.0,0.0
4.0,116.0,0.0
4.0,117.0,0.0
4.0,118.0,0.0
4.0,125.0,0.0
4.0,126.0,0.0
4.0,127.0,0.0
5.0,-77.0,0.0
5.0,-76.0,0.0
5.0,-75.0,0.0
5.0,-74.0,0.0
5.0,-73.0,0.0
5.0,-72.0,0.0
5.0,-71.0,0.0
5.0,-70.0,0.0
5.0,-69.0,0.0
5.0,-68.0,0.0
5.0,-61.0,0.0
5.0,-60.0,0.0
5.0,34.0,0.0
5.0,35.0,0.0
5.0,36.0,0.0
5.0,95.0,0.0
5.0,96.0,0.0
5.0,97.0,0.0
5.0,98.0,0.0
5.0,120.0,0.0
5.0,127.0,0.0
6.0,-77.0,0.0
6.0,-76.0,0.0
6.0,-75.0,0.0
6.0,-74.0,0.0
6.0,-73.0,0.0
6.0,-72.0,0.0
6.0,-71.0,0.0
6.0,-70.0,0.0
6.0,-69.0,0.0
6.0,-68.0,0.0
6.0,-67.0,0.0
6.0,95.0,0.0
6.0,96.0,0.0
6.0,100.0,0.0
6.0,101.0,0.0
6.0,102.0,0.0
6.0,121.0,0.0
6.0,122.0,0.0
6.0,124.0,0.0
6.0,125.0,0.0
6.0,126.0,0.0
7.0,-78.0,0.0
7.0,-77.0,0.0
7.0,-76.0,0.0
7.0,-75.0,0.0
7.0,-74.0,0.0
7.0,-73.0,0.0
7.0,-72.0,0.0
7.0,-71.0,0.0
7.0,-70.0,0.0
7.0,94.0,0.0
7.0,99.0,0.0
7.0,100.0,0.0
7.0,101.0,0.0
7.0,102.0,0.0
7.0,122.0,0.0
7.0,123.0,0.0
7.0,124.0,0.0
7.0,125.0,0.0
7.0,126.0,0.0
7.0,127.0,0.0
8.0,-77.0,0.0
8.0,-76.0,0.0
8.0,-75.0,0.0
8.0,-74.0,0.0
8.0,-73.0,0.0
8.0,-72.0,0.0
8.0,77.0,0.0
8.0,78.0,0.0
8.0,93.0,0.0
8.0,94.0,0.0
8.0,98.0,0.0
8.0,99.0,0.0
8.0,100.0,0.0
8.0,117.0,0.0
8.0,122.0,0.0
8.0,123.0,0.0
8.0,124.0,0.0
8.0,125.0,0.0
8.0,126.0,0.0
8.0,127.0,0.0
9.0,-77.0,0.0
9.0,-76.0,0.0
9.0,-75.0,0.0
9.0,-74.0,0.0
9.0,-73.0,0.0
9.0,76.0,0.0
9.0,77.0,0.0
9.0,78.0,0.0
9.0,79.0,0.0
9.0,93.0,0.0
9.0,98.0,0.0
9.0,99.0,0.0
9.0,100.0,0.0
9.0,117.0,0.0
9.0,118.0,0.0
9.0,119.0,0.0
9.0,123.0,0.0
9.0,124.0,0.0
9.0,125.0,0.0
9.0,126.0,0.0
10.0,-76.0,0.0
10.0,-75.0,0.0
10.0,-74.0,0.0
10.0,-73.0,0.0
10.0,76.0,0.0
10.0,77.0,0.0
10.0,78.0,0.0
10.0,79.0,0.0
10.0,80.0,0.0
10.0,98.0,0.0
10.0,99.0,0.0
10.0,100.0,0.0
10.0,118.0,0.0
10.0,119.0,0.0
10.0,120.0,0.0
10.0,122.0,0.0
10.0,123.0,0.0
10.0,124.0,0.0
10.0,125.0,0.0
10.0,126.0,0.0
11.0,-75.0,0.0
11.0,-74.0,0.0
11.0,-73.0,0.0
11.0,-72.0,0.0
11.0,76.0,0.0
11.0,77.0,0.0
11.0,78.0,0.0
11.0,79.0,0.0
11.0,80.0,0.0
11.0,92.0,0.0
11.0,93.0,0.0
11.0,99.0,0.0
11.0,100.0,0.0
11.0,119.0,0.0
11.0,120.0,0.0
11.0,122.0,0.0
11.0,123.0,0.0
11.0,124.0,0.0
11.0,125.0,0.0
11.0,126.0,0.0
12.0,-73.0,0.0
12.0,-72.0,0.0
12.0,-71.0,0.0
12.0,75.0,0.0
12.0,76.0,0.0
12.0,77.0,0.0
12.0,78.0,0.0
12.0,79.0,0.0
12.0,80.0,0.0
12.0,93.0,0.0
12.0,99.0,0.0
12.0,100.0,0.0
12.0,102.0,0.0
12.0,103.0,0.0
12.0,120.0,0.0
12.0,121.0,0.0
12.0,122.0,0.0
12.0,123.0,0.0
12.0,124.0,0.0
12.0,125.0,0.0
12.0,126.0,0.0
13.0,75.0,0.0
13.0,76.0,0.0
13.0,77.0,0.0
13.0,78.0,0.0
13.0,79.0,0.0
13.0,80.0,0.0
13.0,93.0,0.0
13.0,99.0,0.0
13.0,100.0,0.0
13.0,101.0,0.0
13.0,102.0,0.0
13.0,103.0,0.0
13.0,120.0,0.0
13.0,121.0,0.0
13.0,122.0,0.0
13.0,123.0,0.0
13.0,124.0,0.0
13.0,125.0,0.0
14.0,74.0,0.0
14.0,75.0,0.0
14.0,76.0,0.0
14.0,77.0,0.0
14.0,78.0,0.0
14.0,79.0,0.0
14.0,80.0,0.0
14.0,93.0,0.0
14.0,99.0,0.0
14.0,100.0,0.0
14.0,101.0,0.0
14.0,102.0,0.0
14.0,103.0,0.0
14.0,104.0,0.0
14.0,105.0,0.0
14.0,120.0,0.0
14.0,121.0,0.0
14.0,122.0,0.0
14.0,123.0,0.0
14.0,124.0,0.0
15.0,-93.0,0.0
15.0,-92.0,0.0
15.0,74.0,0.0
15.0,75.0,0.0
15.0,76.0,0.0
15.0,77.0,0.0
15.0,78.0,0.0
15.0,79.0,0.0
15.0,80.0,0.0
15.0,98.0,0.0
15.0,99.0,0.0
15.0,100.0,0.0
15.0,101.0,0.0
15.0,102.0,0.0
15.0,103.0,0.0
15.0,104.0,0.0
15.0,105.0,0.0
15.0,106.0,0.0
15.0,120.0,0.0
15.0,121.0,0.0
15.0,122.0,0.0
16.0,-99.0,0.0
16.0,-98.0,0.0
16.0,-97.0,0.0
16.0,-96.0,0.0
16.0,-95.0,0.0
16.0,-94.0,0.0
16.0,-93.0,0.0
16.0,-92.0,0.0
16.0,-91.0,0.0
16.0,-90.0,0.0
16.0,73.0,0.0
16.0,74.0,0.0
16.0,75.0,0.0
16.0,76.0,0.0
16.0,77.0,0.0
16.0,78.0,0.0
16.0,79.0,0.0
16.0,80.0,0.0
16.0,81.0,0.0
16.0,82.0,0.0
16.0,99.0,0.0
16.0,100.0,0.0
16.0,101.0,0.0
16.0,102.0,0.0
16.0,103.0,0.0
16.0,104.0,0.0
16.0,105.0,0.0
16.0,106.0,0.0
16.0,120.0,0.0
16.0,121.0,0.0
16.0,122.0,0.0
17.0,-101.0,0.0
17.0,-100.0,0.0
17.0,-99.0,0.0
17.0,-98.0,0.0
17.0,-97.0,0.0
17.0,-96.0,0.0
17.0,-95.0,0.0
17.0,-94.0,0.0
17.0,-93.0,0.0
17.0,-92.0,0.0
17.0,-91.0,0.0
17.0,73.0,0.0
17.0,74.0,0.0
17.0,75.0,0.0
17.0,76.0,0.0
17.0,77.0,0.0
17.0,78.0,0.0
17.0,79.0,0.0
17.0,80.0,0.0
17.0,81.0,0.0
17.0,82.0,0.0
17.0,83.0,0.0
17.0,98.0,0.0
17.0,99.0,0.0
17.0,100.0,0.0
17.0,101.0,0.0
17.0,102.0,0.0
17.0,103.0,0.0
17.0,104.0,0.0
17.0,105.0,0.0
17.0,120.0,0.0
17.0,121.0,0.0
17.0,122.0,0.0
17.0,123.0,0.0
18.0,-104.0,0.0
18.0,-103.0,0.0
18.0,-102.0,0.0
18.0,-101.0,0.0
18.0,-100.0,0.0
18.0,-99.0,0.0
18.0,-98.0,0.0
18.0,-97.0,0.0
18.0,-96.0,0.0
18.0,-95.0,0.0
18.0,-94.0,0.0
18.0,-93.0,0.0
18.0,-92.0,0.0
18.0,-91.0,0.0
18.0,-90.0,0.0
18.0,-89.0,0.0
18.0,-88.0,0.0
18.0,73.0,0.0
18.0,74.0,0.0
18.0,75.0,0.0
18.0,76.0,0.0
18.0,77.0,0.0
18.0,78.0,0.0
18.0,79.0,0.0
18.0,80.0,0.0
18.0,81.0,0.0
18.0,82.0,0.0
18.0,83.0,0.0
18.0,84.0,0.0
18.0,97.0,0.0
18.0,98.0,0.0
18.0,99.0,0.0
18.0,100.0,0.0
18.0,101.0,0.0
18.0,102.0,0.0
18.0,103.0,0.0
18.0,104.0,0.0
18.0,105.0,0.0
18.0,120.0,0.0
18.0,121.0,0.0
18.0,122.0,0.0
19.0,-111.0,0.0
19.0,-105.0,0.0
19.0,-104.0,0.0
19.0,-103.0,0.0
19.0,-102.0,0.0
19.0,-101.0,0.0
19.0,-100.0,0.0
19.0,-99.0,0.0
19.0,-98.0,0.0
19.0,-97.0,0.0
19.0,-96.0,0.0
19.0,-95.0,0.0
19.0,-93.0,0.0
19.0,-92.0,0.0
19.0,-91.0,0.0
19.0,-90.0,0.0
19.0,-89.0,0.0
19.0,-88.0,0.0
19.0,-87.0,0.0
19.0,73.0,0.0
19.0,74.0,0.0
19.0,75.0,0.0
19.0,76.0,0.0
19.0,77.0,0.0
19.0,78.0,0.0
19.0,79.0,0.0
19.0,80.0,0.0
19.0,81.0,0.0
19.0,82.0,0.0
19.0,83.0,0.0
19.0,84.0,0.0
19.0,85.0,0.0
19.0,97.0,0.0
19.0,98.0,0.0
19.0,99.0,0.0
19.0,100.0,0.0
19.0,101.0,0.0
19.0,121.0,0.0
19.0,122.0,0.0
20.0,-106.0,0.0
20.0,-105.0,0.0
20.0,-104.0,0.0
20.0,-103.0,0.0
20.0,-102.0,0.0
20.0,-101.0,0.0
20.0,-100.0,0.0
20.0,-99.0,0.0
20.0,-98.0,0.0
20.0,-97.0,0.0
20.0,-96.0,0.0
20.0,-91.0,0.0
20.0,-90.0,0.0
20.0,-89.0,0.0
20.0,-88.0,0.0
20.0,-87.0,0.0
20.0,73.0,0.0
20.0,74.0,0.0
20.0,75.0,0.0
20.0,76.0,0.0
20.0,77.0,0.0
20.0,78.0,0.0
20.0,79.0,0.0
20.0,80.0,0.0
20.0,81.0,0.0
20.0,82.0,0.0
20.0,83.0,0.0
20.0,84.0,0.0
20.0,85.0,0.0
20.0,86.0,0.0
20.0,87.0,0.0
20.0,98.0,0.0
20.0,99.0,0.0
20.0,100.0,0.0
20.0,101.0,0.0
20.0,122.0,0.0
21.0,-105.0,0.0
21.0,-104.0,0.0
21.0,-103.0,0.0
21.0,-102.0,0.0
21.0,-101.0,0.0
21.0,-100.0,0.0
21.0,-99.0,0.0
21.0,-98.0,0.0
21.0,-97.0,0.0
21.0,-90.0,0.0
21.0,-89.0,0.0
21.0,-88.0,0.0
21.0,-87.0,0.0
21.0,70.0,0.0
21.0,71.0,0.0
21.0,72.0,0.0
21.0,73.0,0.0
21.0,74.0,0.0
21.0,75.0,0.0
21.0,76.0,0.0
21.0,77.0,0.0
21.0,78.0,0.0
21.0,79.0,0.0
21.0,80.0,0.0
21.0,81.0,0.0
21.0,82.0,0.0
21.0,83.0,0.0
21.0,84.0,0.0
21.0,85.0,0.0
21.0,86.0,0.0
21.0,87.0,0.0
21.0,122.0,0.0
22.0,-107.0,0.0
22.0,-106.0,0.0
22.0,-105.0,0.0
22.0,-104.0,0.0
22.0,-103.0,0.0
22.0,-102.0,0.0
22.0,-101.0,0.0
22.0,-100.0,0.0
22.0,-99.0,0.0
22.0,-98.0,0.0
22.0,-97.0,0.0
22.0,-89.0,0.0
22.0,-88.0,0.0
22.0,-87.0,0.0
22.0,25.0,0.0
22.0,26.0,0.0
22.0,27.0,0.0
22.0,29.0,0.0
22.0,30.0,0.0
22.0,31.0,0.0
22.0,32.0,0.0
22.0,33.0,0.0
22.0,35.0,0.0
22.0,36.0,0.0
22.0,37.0,0.0
22.0,69.0,0.0
22.0,70.0,0.0
22.0,71.0,0.0
22.0,72.0,0.0
22.0,73.0,0.0
22.0,74.0,0.0
22.0,75.0,0.0
22.0,76.0,0.0
22.0,77.0,0.0
22.0,78.0,0.0
22.0,79.0,0.0
22.0,80.0,0.0
22.0,81.0,0.0
22.0,82.0,0.0
22.0,83.0,0.0
22.0,84.0,0.0
22.0,85.0,0.0
22.0,86.0,0.0
22.0,87.0,0.0
22.0,88.0,0.0
22.0,89.0,0.0
22.0,93.0,0.0
23.0,-110.0,0.0
23.0,-109.0,0.0
23.0,-107.0,0.0
23.0,-106.0,0.0
23.0,-105.0,0.0
23.0,-104.0,0.0
23.0,-103.0,0.0
23.0,-102.0,0.0
23.0,-101.0,0.0
23.0,-100.0,0.0
23.0,-99.0,0.0
23.0,-98.0,0.0
23.0,25.0,0.0
23.0,31.0,0.0
23.0,32.0,0.0
23.0,35.0,0.0
23.0,36.0,0.0
23.0,68.0,0.0
23.0,69.0,0.0
23.0,70.0,0.0
23.0,71.0,0.0
23.0,72.0,0.0
23.0,73.0,0.0
23.0,74.0,0.0
23.0,75.0,0.0
23.0,76.0,0.0
23.0,77.0,0.0
23.0,78.0,0.0
23.0,79.0,0.0
23.0,80.0,0.0
23.0,81.0,0.0
23.0,82.0,0.0
23.0,83.0,0.0
23.0,84.0,0.0
23.0,85.0,0.0
23.0,86.0,0.0
23.0,87.0,0.0
23.0,88.0,0.0
23.0,89.0,0.0
23.0,91.0,0.0
23.0,92.0,0.0
23.0,93.0,0.0
24.0,-112.0,0.0
24.0,-111.0,0.0
24.0,-110.0,0.0
24.0,-109.0,0.0
24.0,-108.0,0.0
24.0,-107.0,0.0
24.0,-106.0,0.0
24.0,-105.0,0.0
24.0,-104.0,0.0
24.0,-103.0,0.0
24.0,-102.0,0.0
24.0,-101.0,0.0
24.0,-100.0,0.0
24.0,-99.0,0.0
24.0,-98.0,0.0
24.0,25.0,0.0
24.0,30.0,0.0
24.0,31.0,0.0
24.0,32.0,0.0
24.0,33.0,0.0
24.0,34.0,0.0
24.0,35.0,0.0
24.0,36.0,0.0
24.0,68.0,0.0
24.0,69.0,0.0
24.0,70.0,0.0
24.0,71.0,0.0
24.0,72.0,0.0
24.0,73.0,0.0
24.0,74.0,0.0
24.0,75.0,0.0
24.0,76.0,0.0
24.0,77.0,0.0
24.0,78.0,0.0
24.0,79.0,0.0
24.0,80.0,0.0
24.0,81.0,0.0
24.0,82.0,0.0
24.0,83.0,0.0
24.0,84.0,0.0
24.0,85.0,0.0
24.0,86.0,0.0
24.0,87.0,0.0
24.0,88.0,0.0
24.0,89.0,0.0
24.0,91.0,0.0
24.0,92.0,0.0
24.0,93.0,0.0
24.0,94.0,0.0
25.0,-112.0,0.0
25.0,-111.0,0.0
25.0,-109.0,0.0
25.0,-108.0,0.0
25.0,-107.0,0.0
25.0,-106.0,0.0
25.0,-105.0,0.0
25.0,-104.0,0.0
25.0,-103.0,0.0
25.0,-102.0,0.0
25.0,-101.0,0.0
25.0,-100.0,0.0
25.0,-99.0,0.0
25.0,-98.0,0.0
25.0,-97.0,0.0
25.0,25.0,0.0
25.0,29.0,0.0
25.0,30.0,0.0
25.0,31.0,0.0
25.0,32.0,0.0
25.0,33.0,0.0
25.0,34.0,0.0
25.0,35.0,0.0
25.0,71.0,0.0
25.0,72.0,0.0
25.0,73.0,0.0
25.0,74.0,0.0
25.0,75.0,0.0
25.0,76.0,0.0
25.0,77.0,0.0
25.0,78.0,0.0
25.0,79.0,0.0
25.0,80.0,0.0
25.0,81.0,0.0
25.0,82.0,0.0
25.0,83.0,0.0
25.0,84.0,0.0
25.0,85.0,0.0
25.0,86.0,0.0
25.0,87.0,0.0
25.0,88.0,0.0
25.0,89.0,0.0
25.0,90.0,0.0
25.0,91.0,0.0
25.0,92.0,0.0
25.0,93.0,0.0
25.0,94.0,0.0
25.0,95.0,0.0
26.0,-113.0,0.0
26.0,-112.0,0.0
26.0,-111.0,0.0
26.0,-109.0,0.0
26.0,-108.0,0.0
26.0,-107.0,0.0
26.0,-106.0,0.0
26.0,-105.0,0.0
26.0,-104.0,0.0
26.0,-103.0,0.0
26.0,-102.0,0.0
26.0,-101.0,0.0
26.0,-100.0,0.0
26.0,-99.0,0.0
26.0,-98.0,0.0
26.0,-97.0,0.0
26.0,28.0,0.0
26.0,29.0,0.0
26.0,31.0,0.0
26.0,32.0,0.0
26.0,33.0,0.0
26.0,34.0,0.0
26.0,35.0,0.0
26.0,70.0,0.0
26.0,71.0,0.0
26.0,72.0,0.0
26.0,73.0,0.0
26.0,74.0,0.0
26.0,75.0,0.0
26.0,76.0,0.0
26.0,77.0,0.0
26.0,78.0,0.0
26.0,79.0,0.0
26.0,80.0,0.0
26.0,81.0,0.0
26.0,82.0,0.0
26.0,83.0,0.0
26.0,84.0,0.0
26.0,85.0,0.0
26.0,86.0,0.0
26.0,87.0,0.0
26.0,88.0,0.0
26.0,89.0,0.0
26.0,90.0,0.0
26.0,91.0,0.0
26.0,92.0,0.0
26.0,93.0,0.0
26.0,94.0,0.0
26.0,95.0,0.0
27.0,-115.0,0.0
27.0,-114.0,0.0
27.0,-113.0,0.0
27.0,-112.0,0.0
27.0,-111.0,0.0
27.0,-110.0,0.0
27.0,-109.0,0.0
27.0,-108.0,0.0
27.0,-107.0,0.0
27.0,-106.0,0.0
27.0,-105.0,0.0
27.0,-104.0,0.0
27.0,-103.0,0.0
27.0,-102.0,0.0
27.0,-101.0,0.0
27.0,-100.0,0.0
27.0,-99.0,0.0
27.0,25.0,0.0
27.0,28.0,0.0
27.0,31.0,0.0
27.0,32.0,0.0
27.0,33.0,0.0
27.0,34.0,0.0
27.0,69.0,0.0
27.0,70.0,0.0
27.0,71.0,0.0
27.0,72.0,0.0
27.0,73.0,0.0
27.0,74.0,0.0
27.0,75.0,0.0
27.0,76.0,0.0
27.0,77.0,0.0
27.0,78.0,0.0
27.0,79.0,0.0
27.0,80.0,0.0
27.0,81.0,0.0
27.0,82.0,0.0
27.0,83.0,0.0
27.0,84.0,0.0
27.0,85.0,0.0
27.0,86.0,0.0
27.0,87.0,0.0
27.0,88.0,0.0
27.0,89.0,0.0
27.0,90.0,0.0
27.0,91.0,0.0
27.0,92.0,0.0
27.0,93.0,0.0
27.0,94.0,0.0
27.0,95.0,0.0
27.0,96.0,0.0
27.0,97.0,0.0
28.0,-115.0,0.0
28.0,-114.0,0.0
28.0,-113.0,0.0
28.0,-112.0,0.0
28.0,-111.0,0.0
28.0,-110.0,0.0
28.0,-109.0,0.0
28.0,-108.0,0.0
28.0,-107.0,0.0
28.0,-106.0,0.0
28.0,-105.0,0.0
28.0,-104.0,0.0
28.0,-103.0,0.0
28.0,-102.0,0.0
28.0,-101.0,0.0
28.0,-100.0,0.0
28.0,-99.0,0.0
28.0,28.0,0.0
28.0,29.0,0.0
28.0,31.0,0.0
28.0,32.0,0.0
28.0,33.0,0.0
28.0,34.0,0.0
28.0,35.0,0.0
28.0,70.0,0.0
28.0,71.0,0.0
28.0,72.0,0.0
28.0,73.0,0.0
28.0,74.0,0.0
28.0,75.0,0.0
28.0,76.0,0.0
28.0,77.0,0.0
28.0,78.0,0.0
28.0,79.0,0.0
28.0,80.0,0.0
28.0,81.0,0.0
28.0,82.0,0.0
28.0,83.0,0.0
28.0,88.0,0.0
28.0,89.0,0.0
28.0,92.0,0.0
28.0,93.0,0.0
28.0,94.0,0.0
28.0,95.0,0.0
28.0,96.0,0.0
28.0,97.0,0.0
29.0,-118.0,0.0
29.0,-115.0,0.0
29.0,-114.0,0.0
29.0,-113.0,0.0
29.0,-112.0,0.0
29.0,-111.0,0.0
29.0,-110.0,0.0
29.0,-109.0,0.0
29.0,-108.0,0.0
29.0,-107.0,0.0
29.0,-106.0,0.0
29.0,-105.0,0.0
29.0,-104.0,0.0
29.0,-103.0,0.0
29.0,-102.0,0.0
29.0,-101.0,0.0
29.0,-100.0,0.0
29.0,25.0,0.0
29.0,26.0,0.0
29.0,27.0,0.0
29.0,29.0,0.0
29.0,30.0,0.0
29.0,31.0,0.0
29.0,32.0,0.0
29.0,33.0,0.0
29.0,34.0,0.0
29.0,35.0,0.0
29.0,72.0,0.0
29.0,73.0,0.0
29.0,74.0,0.0
29.0,75.0,0.0
29.0,76.0,0.0
29.0,77.0,0.0
29.0,78.0,0.0
29.0,79.0,0.0
29.0,80.0,0.0
29.0,81.0,0.0
29.0,93.0,0.0
29.0,94.0,0.0
29.0,95.0,0.0
29.0,96.0,0.0
29.0,97.0,0.0
30.0,-116.0,0.0
30.0,-115.0,0.0
30.0,-114.0,0.0
30.0,-113.0,0.0
30.0,-112.0,0.0
30.0,-111.0,0.0
30.0,-110.0,0.0
30.0,-109.0,0.0
30.0,-108.0,0.0
30.0,-107.0,0.0
30.0,-106.0,0.0
30.0,-105.0,0.0
30.0,-104.0,0.0
30.0,-103.0,0.0
30.0,-102.0,0.0
30.0,-101.0,0.0
30.0,25.0,0.0
30.0,30.0,0.0
30.0,31.0,0.0
30.0,32.0,0.0
30.0,33.0,0.0
30.0,34.0,0.0
30.0,35.0,0.0
30.0,73.0,0.0
30.0,74.0,0.0
30.0,75.0,0.0
30.0,76.0,0.0
30.0,77.0,0.0
30.0,78.0,0.0
30.0,79.0,0.0
30.0,80.0,0.0
30.0,81.0,0.0
31.0,-117.0,0.0
31.0,-116.0,0.0
31.0,-115.0,0.0
31.0,-114.0,0.0
31.0,-113.0,0.0
31.0,-112.0,0.0
31.0,-111.0,0.0
31.0,-110.0,0.0
31.0,-109.0,0.0
31.0,-108.0,0.0
31.0,-107.0,0.0
31.0,-106.0,0.0
31.0,-105.0,0.0
31.0,25.0,0.0
31.0,26.0,0.0
31.0,27.0,0.0
31.0,28.0,0.0
31.0,29.0,0.0
31.0,30.0,0.0
31.0,31.0,0.0
31.0,32.0,0.0
31.0,33.0,0.0
31.0,34.0,0.0
31.0,35.0,0.0
31.0,74.0,0.0
31.0,75.0,0.0
31.0,76.0,0.0
31.0,77.0,0.0
31.0,78.0,0.0
31.0,79.0,0.0
31.0,80.0,0.0
32.0,-117.0,0.0
32.0,-116.0,0.0
32.0,-115.0,0.0
32.0,-114.0,0.0
32.0,-113.0,0.0
32.0,-112.0,0.0
32.0,-108.0,0.0
32.0,-107.0,0.0
32.0,-106.0,0.0
32.0,25.0,0.0
32.0,26.0,0.0
32.0,31.0,0.0
32.0,32.0,0.0
32.0,75.0,0.0
32.0,76.0,0.0
32.0,77.0,0.0
32.0,78.0,0.0
32.0,79.0,0.0
33.0,-117.0,0.0
33.0,-116.0,0.0
33.0,-115.0,0.0
33.0,74.0,0.0
33.0,75.0,0.0
33.0,76.0,0.0
33.0,77.0,0.0
33.0,78.0,0.0
33.0,79.0,0.0
34.0,74.0,0.0
34.0,75.0,0.0
34.0,76.0,0.0
34.0,77.0,0.0
34.0,78.0,0.0
34.0,79.0,0.0
35.0,74.0,0.0
35.0,75.0,0.0
35.0,76.0,0.0
35.0,77.0,0.0
35.0,78.0,0.0
35.0,79.0,0.0
