lat,lon,population
-56.0,-68.0,16.63418593194953
-56.0,-67.0,10.938392659547068
-55.0,-72.0,11.326421530271379
-55.0,-71.0,278.6398658703464
-55.0,-70.0,420.13210784889213
-55.0,-69.0,428.2304617822515
-55.0,-68.0,83826.19008809238
-55.0,-67.0,7814.253526266377
-54.0,-74.0,0.028912853449583054
-54.0,-73.0,41.44274703828726
-54.0,-72.0,36.234062328064155
-54.0,-71.0,164.20786951415647
-54.0,-70.0,309.9587643108017
-54.0,-69.0,362.1574256599845
-53.0,-74.0,14.261435697789148
-53.0,-73.0,105.25925967277215
-53.0,-72.0,500.45284249471536
-53.0,-71.0,149673.66650377525
-53.0,-70.0,7737.289587249899
-53.0,-69.0,2368.061873739789
-52.0,-75.0,44.35914724767888
-52.0,-74.0,15.604880016335898
-52.0,-73.0,5957.637410756222
-52.0,-72.0,35626.91786325221
-52.0,-71.0,392.12636305398655
-52.0,-70.0,754.6067918530205
-52.0,-69.0,115074.50572982083
-52.0,-68.0,176.53652258458655
-51.0,-75.0,14.91581164909137
-51.0,-74.0,58.90708077868375
-51.0,-73.0,1139.8656271390198
-51.0,-72.0,847.4807603652732
-50.0,-75.0,25.00828358262929
-50.0,-74.0,98.22409078728457
-50.0,-73.0,674.1268204441384
-49.0,-76.0,5.513714050878257
-49.0,-75.0,23.850400139552264
-49.0,-74.0,218.59220409852497
-49.0,-73.0,1907.168045109912
-48.0,-76.0,1.0634696260844194
-48.0,-75.0,32.34504707623084
-48.0,-74.0,197.1741759091296
-48.0,-73.0,1068.0365173415053
-48.0,-72.0,746.082634487368
-47.0,-76.0,2.6933703572173884
-47.0,-75.0,4.52749012181264
-47.0,-74.0,95.76909439572748
-47.0,-73.0,5516.023418412808
-47.0,-72.0,8888.496653050126
-46.0,-75.0,17.19101890304341
-46.0,-74.0,28.35965348208351
-46.0,-73.0,843.5997129311729
-46.0,-72.0,65601.19082865998
-45.0,-75.0,1.2474936693931786
-45.0,-74.0,495.77135150570047
-45.0,-73.0,26258.539554048504
-45.0,-72.0,6441.541094003811
-45.0,-71.0,2258.525676870743
-44.0,-75.0,1.8459696033995385
-44.0,-74.0,2113.7832884575464
-44.0,-73.0,1026.8920608494768
-44.0,-72.0,6241.422814948604
-44.0,-71.0,7343.859772167305
-43.0,-74.0,59590.30111136069
-43.0,-73.0,9966.140639788337
-43.0,-72.0,6732.388496588606
-42.0,-74.0,121319.09702898732
-42.0,-73.0,84506.67238879245
-42.0,-72.0,55492.936962369844
-41.0,-74.0,13793.016976700816
-41.0,-73.0,625221.6755255943
-41.0,-72.0,23242.11949568375
-40.0,-74.0,1672.316978765982
-40.0,-73.0,363682.05462897953
-40.0,-72.0,63482.919377631435
-39.0,-74.0,130.25425039604403
-39.0,-73.0,624607.0071983321
-39.0,-72.0,221917.91666962398
-39.0,-71.0,16631.991147374
-38.0,-74.0,30575.599684066812
-38.0,-73.0,254791.37899035448
-38.0,-72.0,180362.67612898196
-38.0,-71.0,21252.91129046518
-37.0,-74.0,4844.08751165501
-37.0,-73.0,1288737.9021846415
-37.0,-72.0,676670.6862340777
-37.0,-71.0,12321.339315764944
-36.0,-73.0,54857.46271916139
-36.0,-72.0,451401.58378455316
-36.0,-71.0,67799.11793837413
-36.0,-70.0,3700.7907210926355
-35.0,-73.0,1346.204978943073
-35.0,-72.0,419590.99083301227
-35.0,-71.0,560170.4008398366
-35.0,-70.0,24753.659984718586
-35.0,19.0,18375.423937133495
-35.0,20.0,32681.159120213284
-34.0,-79.0,1038.3256545969653
-34.0,-72.0,191374.6427826438
-34.0,-71.0,4399969.493706846
-34.0,-70.0,24780.133029850207
-34.0,-54.0,35292.09078548647
-34.0,-53.0,40145.74022924354
-34.0,18.0,1324206.3798699102
-34.0,19.0,4610005.728287809
-34.0,20.0,202918.85136349086
-34.0,21.0,91511.3215327794
-34.0,22.0,537522.6203316175
-34.0,23.0,246974.00361621974
-34.0,24.0,41416.81402790458
-34.0,25.0,560858.6975929341
-34.0,26.0,853127.9010236423
-34.0,27.0,68542.44776101795
-33.0,-72.0,772256.7146170762
-33.0,-71.0,5443466.985844734
-33.0,-70.0,30830.472481168883
-33.0,-53.0,46200.375995755894
-33.0,-52.0,411.0515225037234
-33.0,18.0,211538.13859472168
-33.0,19.0,286470.7631361843
-33.0,20.0,57126.23849551124
-33.0,21.0,24573.786653639083
-33.0,22.0,33107.48272512203
-33.0,23.0,22667.800444385495
-33.0,24.0,24418.780694494824
-33.0,25.0,45026.633948170005
-33.0,26.0,102118.40894564631
-33.0,27.0,695060.8368275792
-33.0,28.0,828788.7538006996
-33.0,29.0,3574.0225520358795
-32.0,-72.0,17415.326602451816
-32.0,-71.0,152748.73240945744
-32.0,-70.0,1167.7002072723258
-32.0,-55.0,15999.392177334954
-32.0,-54.0,81167.00402365692
-32.0,-53.0,71856.5367228185
-32.0,-52.0,564353.6682168887
-32.0,-51.0,2297.141681044357
-32.0,18.0,31989.041331501692
-32.0,19.0,79082.65228407185
-32.0,20.0,4434.650069834626
-32.0,21.0,4661.205500118236
-32.0,22.0,6991.296267867179
-32.0,23.0,55939.347905649964
-32.0,24.0,28058.41007619299
-32.0,25.0,63564.73263359284
-32.0,26.0,87414.67417583305
-32.0,27.0,416091.6721774532
-32.0,28.0,641112.3361535713
-32.0,29.0,960540.1458640686
-32.0,30.0,21043.151149942336
-31.0,-72.0,5625.139431452442
-31.0,-71.0,189368.68157238804
-31.0,-70.0,425.41333068110384
-31.0,-56.0,113970.48753486531
-31.0,-55.0,62898.811715281874
-31.0,-54.0,146533.3460336175
-31.0,-53.0,101542.11800679532
-31.0,-52.0,180698.8393189477
-31.0,-51.0,29854.30775620082
-31.0,-50.0,1471.7013441765903
-31.0,17.0,33.487062555033354
-31.0,18.0,10954.748583516064
-31.0,19.0,8008.711665361301
-31.0,20.0,9655.714439373873
-31.0,21.0,3710.4913259946024
-31.0,22.0,8377.635906860702
-31.0,23.0,13319.972666738087
-31.0,24.0,45132.1848047269
-31.0,25.0,50443.54423275239
-31.0,26.0,72956.77722566316
-31.0,27.0,173486.97214478976
-31.0,28.0,171019.8559982061
-31.0,29.0,927714.4942106716
-31.0,30.0,1251300.549641034
-31.0,31.0,54653.19012591991
-30.0,-72.0,2109.673055200415
-30.0,-71.0,562164.9907236265
-30.0,-70.0,3889.8054751890395
-30.0,-58.0,105464.3220396173
-30.0,-57.0,168232.06610101086
-30.0,-56.0,132818.78676036466
-30.0,-55.0,72684.26801881897
-30.0,-54.0,400403.5571860434
-30.0,-53.0,206260.29905746278
-30.0,-52.0,525984.1156162862
-30.0,-51.0,3993005.3734768294
-30.0,-50.0,344581.2147512544
-30.0,17.0,9640.197406246225
-30.0,18.0,56943.44709752004
-30.0,19.0,1251.336203469094
-30.0,20.0,3332.675764690426
-30.0,21.0,2175.9681442651026
-30.0,22.0,5293.456945219936
-30.0,23.0,19233.531798480326
-30.0,24.0,28931.49998169823
-30.0,25.0,30406.13436440246
-30.0,26.0,34787.331603923834
-30.0,27.0,420971.6349235104
-30.0,28.0,457868.96266275935
-30.0,29.0,368602.69396127126
-30.0,30.0,1590613.3101391352
-30.0,31.0,4882568.295954255
-29.0,-72.0,47.696015480222414
-29.0,-71.0,69327.1086534873
-29.0,-70.0,6758.910573802692
-29.0,-57.0,54361.86684248694
-29.0,-56.0,103658.42020037
-29.0,-55.0,92817.02106239891
-29.0,-54.0,120084.32883163201
-29.0,-53.0,197266.50998877053
-29.0,-52.0,692412.4634710834
-29.0,-51.0,961315.7825014542
-29.0,-50.0,278229.8614266781
-29.0,-49.0,573423.2483083769
-29.0,16.0,14443.269954171596
-29.0,17.0,12732.68737872315
-29.0,18.0,17558.689578193513
-29.0,19.0,7948.298301480762
-29.0,20.0,16634.141599498533
-29.0,21.0,86009.60998798194
-29.0,22.0,28487.522089889353
-29.0,23.0,16445.228863097615
-29.0,24.0,50487.104617540055
-29.0,25.0,343897.64854242565
-29.0,26.0,616731.0214356614
-29.0,27.0,476980.3679573764
-29.0,28.0,1303616.4163215095
-29.0,29.0,646994.9532559235
-29.0,30.0,825573.0099740345
-29.0,31.0,1153353.9235191038
-29.0,32.0,794758.5404009209
-28.0,-71.0,13043.020407017322
-28.0,-70.0,7819.00355739213
-28.0,-69.0,423.4108039940494
-28.0,-56.0,117978.2583208885
-28.0,-55.0,269478.93390222103
-28.0,-54.0,481394.1836183362
-28.0,-53.0,294258.3267540782
-28.0,-52.0,600528.6545895049
-28.0,-51.0,80522.72835707184
-28.0,-50.0,269685.9980081162
-28.0,-49.0,1497172.1467085972
-28.0,-48.0,101406.23400976011
-28.0,17.0,16956.10671552395
-28.0,20.0,6322.943866100846
-28.0,21.0,96862.31480803287
-28.0,22.0,10333.57621556941
-28.0,23.0,67022.64594208717
-28.0,24.0,58672.359625066376
-28.0,25.0,322489.8211504869
-28.0,26.0,128628.97097972824
-28.0,27.0,589974.0353293478
-28.0,28.0,217802.32965951893
-28.0,29.0,151630.608736276
-28.0,30.0,993340.3730938623
-28.0,31.0,696952.7963487189
-28.0,32.0,776612.5059841687
-28.0,33.0,14367.41075668662
-27.0,-109.0,8815.777980744922
-27.0,-71.0,23483.021004511465
-27.0,-70.0,179725.14425487668
-27.0,-69.0,497.5072020367649
-27.0,-68.0,2270.781074974141
-27.0,-55.0,394846.42319105717
-27.0,-54.0,309441.0536873666
-27.0,-53.0,744267.5884477561
-27.0,-52.0,412821.4545666481
-27.0,-51.0,370085.10780741705
-27.0,-50.0,358852.3855811261
-27.0,-49.0,2240822.342241561
-27.0,-48.0,167304.0339562024
-27.0,20.0,7947.329645544465
-27.0,21.0,6894.7207659804735
-27.0,22.0,10177.019376767996
-27.0,23.0,160881.02607923053
-27.0,24.0,137151.4529651014
-27.0,25.0,219550.3562509995
-27.0,26.0,207750.93035058997
-27.0,27.0,777273.8950478269
-27.0,28.0,1438446.8213407663
-27.0,29.0,377088.005690016
-27.0,30.0,328940.88643033395
-27.0,31.0,759535.4071687874
-27.0,32.0,528953.4699726361
-27.0,33.0,142496.31872394934
-26.0,-71.0,10842.03905500854
-26.0,-70.0,18027.73047252305
-26.0,-69.0,640.0739236006513
-26.0,-68.0,248.1184705278811
-26.0,-55.0,947583.2528882595
-26.0,-54.0,213231.5111850865
-26.0,-53.0,575400.4146323798
-26.0,-52.0,165511.35837248224
-26.0,-51.0,235313.7581101425
-26.0,-50.0,413796.3213231215
-26.0,-49.0,2724088.2964753076
-26.0,-48.0,49146.04477155711
-26.0,20.0,1417.7096266364906
-26.0,21.0,890.0903088924252
-26.0,22.0,22402.400010228164
-26.0,23.0,15131.584974004567
-26.0,24.0,57989.365059668926
-26.0,25.0,196271.85314341914
-26.0,26.0,591020.6553397356
-26.0,27.0,793670.6174751767
-26.0,28.0,13972732.969701082
-26.0,29.0,1270340.696236989
-26.0,30.0,253047.08291789563
-26.0,31.0,881172.3121797467
-26.0,32.0,1932068.7532936868
-25.0,-71.0,57.25784237176534
-25.0,-70.0,13754.255535623677
-25.0,-69.0,85.28807793272566
-25.0,-68.0,324.2726655184084
-25.0,-55.0,556673.1449696019
-25.0,-54.0,571375.5715323477
-25.0,-53.0,575022.2981988157
-25.0,-52.0,185810.08101514284
-25.0,-51.0,389316.25724283746
-25.0,-50.0,705072.2363810104
-25.0,-49.0,2369143.754020376
-25.0,-48.0,165274.61270685183
-25.0,-47.0,6170.24662159053
-25.0,20.0,1224.661402408587
-25.0,21.0,202.62608525823828
-25.0,23.0,9137.407598508209
-25.0,24.0,18896.3570886026
-25.0,26.0,869313.1364971099
-25.0,27.0,396843.24086726835
-25.0,28.0,1239527.743246585
-25.0,29.0,1154847.051448687
-25.0,30.0,931932.801478202
-25.0,31.0,1581532.9891337615
-25.0,32.0,121878.00664943151
-24.0,-71.0,507.7875904665416
-24.0,-70.0,397231.41615545674
-24.0,-69.0,8582.36750312403
-24.0,-68.0,2017.7624761736438
-24.0,-67.0,1831.6625214473845
-24.0,-56.0,157994.02517051197
-24.0,-55.0,131834.04455467762
-24.0,-54.0,310855.9655744387
-24.0,-53.0,423599.6525101505
-24.0,-52.0,448761.1657412714
-24.0,-51.0,385513.1056986306
-24.0,-50.0,251750.8389119051
-24.0,-49.0,307912.52835486317
-24.0,-48.0,543776.5071630134
-24.0,-47.0,13504631.691839887
-24.0,-46.0,5517033.148849262
-24.0,-45.0,260488.95856477652
-24.0,27.0,22422.029249538868
-24.0,28.0,114019.26941976248
-24.0,29.0,1093093.6139935385
-24.0,30.0,1407679.8649339215
-24.0,31.0,401270.8678185946
-24.0,32.0,54808.42689135917
-23.0,-71.0,183.1277175396645
-23.0,-70.0,25816.425625651224
-23.0,-69.0,10208.802886714358
-23.0,-68.0,11123.719724649527
-23.0,-67.0,912.0486474981294
-23.0,-56.0,291228.5384298185
-23.0,-55.0,97765.6431690788
-23.0,-54.0,96583.3288780255
-23.0,-53.0,235175.9158854251
-23.0,-52.0,1091852.4156749488
-23.0,-51.0,1215810.3745440906
-23.0,-50.0,642372.2831861814
-23.0,-49.0,483307.9772512261
-23.0,-48.0,1477847.5022784718
-23.0,-47.0,9879265.687400457
-23.0,-46.0,3798029.6930266293
-23.0,-45.0,828963.8459874473
-23.0,-44.0,3233633.0627911366
-23.0,-43.0,9506949.055784611
-23.0,-42.0,856720.2377122589
-23.0,27.0,171731.43206331175
-23.0,28.0,108452.23262148358
-23.0,29.0,259143.97663025337
-23.0,30.0,1313278.9604167603
-23.0,31.0,788339.0702327094
-23.0,32.0,47564.233901061685
-22.0,-70.0,33519.5303587237
-22.0,-69.0,186458.29928415138
-22.0,-68.0,2334.367113311697
-22.0,-58.0,30717.833227005714
-22.0,-57.0,41552.251018877796
-22.0,-56.0,45394.63128480935
-22.0,-55.0,407789.82629860984
-22.0,-54.0,95297.08377409454
-22.0,-53.0,76211.85354704336
-22.0,-52.0,197892.33658150936
-22.0,-51.0,724120.7869123009
-22.0,-50.0,605112.8701646747
-22.0,-49.0,997986.8840931619
-22.0,-48.0,1161770.787263438
-22.0,-47.0,1522386.4868026501
-22.0,-46.0,668868.9505010198
-22.0,-45.0,727976.3882672559
-22.0,-44.0,587253.4104824408
-22.0,-43.0,1539189.046463688
-22.0,-42.0,711677.8477857751
-22.0,-41.0,543914.559166084
-22.0,29.0,78237.95172606909
-22.0,30.0,193460.34052171413
-22.0,31.0,112030.5700306207
-21.0,-70.0,7691.136349815784
-21.0,-69.0,4964.184654743989
-21.0,-68.0,14093.816453876027
-21.0,-58.0,5579.792580761398
-21.0,-57.0,15064.942828263796
-21.0,-56.0,73818.67573827176
-21.0,-55.0,370112.4265193584
-21.0,-54.0,29383.152820467363
-21.0,-53.0,10346.004606739138
-21.0,-52.0,267799.03140997794
-21.0,-51.0,269713.19379389187
-21.0,-50.0,732114.8642245727
-21.0,-49.0,1362529.8636906599
-21.0,-48.0,1712404.0040511074
-21.0,-47.0,933140.1046121023
-21.0,-46.0,418896.61564370664
-21.0,-45.0,459393.58789072477
-21.0,-44.0,739654.6480112122
-21.0,-43.0,664019.620857548
-21.0,-42.0,652381.7688175363
-21.0,-41.0,629522.8297720349
-21.0,-40.0,89046.41483754768
-20.0,-70.0,350963.384486301
-20.0,-69.0,10217.89493453566
-20.0,-58.0,2539.7793604023063
-20.0,-57.0,7602.407150377714
-20.0,-56.0,85625.92690821087
-20.0,-55.0,709616.5877771362
-20.0,-54.0,41400.536721323544
-20.0,-53.0,22908.531047742028
-20.0,-52.0,16885.48280510596
-20.0,-51.0,282006.4714062176
-20.0,-50.0,355898.90987628873
-20.0,-49.0,184261.73160074058
-20.0,-48.0,597821.4597627991
-20.0,-47.0,271805.1244253697
-20.0,-46.0,251653.8956297323
-20.0,-45.0,948789.7935707135
-20.0,-44.0,5481497.701257753
-20.0,-43.0,787020.6927670558
-20.0,-42.0,642388.0775011184
-20.0,-41.0,479892.49474591174
-20.0,-40.0,2025735.8072601485
-19.0,-70.0,26641.776482998153
-19.0,-69.0,7721.761680422527
-19.0,-68.0,21770.495744557385
-19.0,-58.0,154410.01490591862
-19.0,-57.0,4167.607619796891
-19.0,-56.0,2713.7954824919952
-19.0,-55.0,71559.88069339367
-19.0,-54.0,12613.62534935558
-19.0,-53.0,72099.05700034347
-19.0,-52.0,34844.8469740883
-19.0,-51.0,64045.84518921604
-19.0,-50.0,62425.43349340006
-19.0,-49.0,205448.69585802776
-19.0,-48.0,981061.6223552895
-19.0,-47.0,320833.3050981909
-19.0,-46.0,205636.0264348805
-19.0,-45.0,127366.60464691077
-19.0,-44.0,445309.7225070806
-19.0,-43.0,489356.7622381678
-19.0,-42.0,483491.55295488716
-19.0,-41.0,329170.0204523142
-19.0,-40.0,475887.306722325
-18.0,-71.0,100207.36255223636
-18.0,-70.0,586607.8893951784
-18.0,-69.0,8343.68481032475
-18.0,-58.0,1924.4169377878104
-18.0,-57.0,1382.1550691875516
-18.0,-56.0,1591.0010060871919
-18.0,-55.0,32132.04590571393
-18.0,-54.0,11569.907931000951
-18.0,-53.0,101728.64391572011
-18.0,-52.0,126444.7530306666
-18.0,-51.0,302560.43450039247
-18.0,-50.0,136772.60035506904
-18.0,-49.0,386990.91051183204
-18.0,-48.0,187336.9015936136
-18.0,-47.0,84026.68678452629
-18.0,-46.0,70770.49018268181
-18.0,-45.0,73998.71491452042
-18.0,-44.0,99922.68439116358
-18.0,-43.0,170649.0412703806
-18.0,-42.0,230812.80735531246
-18.0,-41.0,145284.35538637408
-18.0,-40.0,349749.79916641494
-18.0,-39.0,38891.27234058012
-17.0,-73.0,54006.68302190266
-17.0,-72.0,85369.8540057368
-17.0,-71.0,122828.4967965053
-17.0,-70.0,27405.253352294385
-17.0,-69.0,149033.92807811525
-17.0,-58.0,2043.977366991997
-17.0,-57.0,1445.2695288462062
-17.0,-56.0,2772.7508363232646
-17.0,-55.0,18004.76479720614
-17.0,-54.0,43151.76029731371
-17.0,-53.0,36875.26526819053
-17.0,-52.0,27330.27427812125
-17.0,-51.0,35279.46889299829
-17.0,-50.0,252254.99394412368
-17.0,-49.0,2776367.706497758
-17.0,-48.0,133157.50134306986
-17.0,-47.0,120349.5991139647
-17.0,-46.0,40484.7104516324
-17.0,-45.0,105259.77716511257
-17.0,-44.0,545148.7648491472
-17.0,-43.0,77919.72088993693
-17.0,-42.0,156604.58234750098
-17.0,-41.0,131371.26796140833
-17.0,-40.0,175127.3894815205
-17.0,-39.0,92962.36166745012
-16.0,-75.0,3810.603379626554
-16.0,-74.0,31502.833114718615
-16.0,-73.0,40108.61349141511
-16.0,-72.0,1212764.5892340557
-16.0,-71.0,168877.79371016694
-16.0,-70.0,421236.0338123846
-16.0,-69.0,383093.4430929092
-16.0,-60.0,12319.755189654374
-16.0,-59.0,17878.434453093698
-16.0,-58.0,150359.7999243886
-16.0,-57.0,39936.9965683717
-16.0,-56.0,1057598.1235984953
-16.0,-55.0,364078.32118719793
-16.0,-54.0,134639.30365260437
-16.0,-53.0,16624.62537463821
-16.0,-52.0,125411.4038209259
-16.0,-51.0,97792.20947235382
-16.0,-50.0,213011.25654167915
-16.0,-49.0,753056.9961310199
-16.0,-48.0,4109806.8049817095
-16.0,-47.0,223809.25664567962
-16.0,-46.0,61121.877686192354
-16.0,-45.0,116806.09097275126
-16.0,-44.0,175424.10489213234
-16.0,-43.0,175720.49716023612
-16.0,-42.0,138817.55827892365
-16.0,-41.0,192855.56973760418
-16.0,-40.0,232611.26855305088
-16.0,-39.0,251422.55044237972
-15.0,-76.0,431.9786926347555
-15.0,-75.0,106311.52416397385
-15.0,-74.0,63376.15992871101
-15.0,-73.0,33762.02363376975
-15.0,-72.0,50683.250480019015
-15.0,-71.0,140112.58775417175
-15.0,-70.0,517394.1978626371
-15.0,-69.0,108817.40071591156
-15.0,-61.0,6477.120898489657
-15.0,-60.0,20090.158855164867
-15.0,-59.0,68598.3266413846
-15.0,-58.0,70828.01804726105
-15.0,-57.0,136417.72367136963
-15.0,-56.0,74112.00170167431
-15.0,-55.0,17432.469843492756
-15.0,-54.0,16082.206513276444
-15.0,-53.0,22442.0887055677
-15.0,-52.0,29195.306759037325
-15.0,-51.0,41566.424065006155
-15.0,-50.0,143846.19147118035
-15.0,-49.0,163160.35261077748
-15.0,-48.0,165317.31514101868
-15.0,-47.0,42701.568502025606
-15.0,-46.0,26525.792939649105
-15.0,-45.0,28700.662709413584
-15.0,-44.0,162399.6183196738
-15.0,-43.0,126538.36012218632
-15.0,-42.0,138066.71363333066
-15.0,-41.0,563498.6911219778
-15.0,-40.0,275688.7905689345
-15.0,-39.0,470163.61337159167
-14.0,-76.0,648908.9773042471
-14.0,-75.0,38271.80501425756
-14.0,-74.0,149397.79189105186
-14.0,-73.0,330682.15260499227
-14.0,-72.0,807927.6959353182
-14.0,-71.0,198854.681060049
-14.0,-70.0,99578.81593804609
-14.0,-69.0,42321.79565320787
-14.0,-62.0,5106.8897494129305
-14.0,-61.0,1178.5576692506486
-14.0,-60.0,22571.14098574508
-14.0,-59.0,39747.88788036903
-14.0,-58.0,55232.591289298885
-14.0,-57.0,26365.24798144208
-14.0,-56.0,85584.20814365143
-14.0,-55.0,9088.052899278156
-14.0,-54.0,24170.55739165343
-14.0,-53.0,13651.30600706313
-14.0,-52.0,60723.03187581905
-14.0,-51.0,10359.11128716959
-14.0,-50.0,37575.90114702005
-14.0,-49.0,65905.21738074048
-14.0,-48.0,57552.982233213246
-14.0,-47.0,40522.76869922851
-14.0,-46.0,66363.88614125927
-14.0,-45.0,24357.170165715754
-14.0,-44.0,109175.08729329635
-14.0,-43.0,212320.33196204464
-14.0,-42.0,273143.6896593711
-14.0,-41.0,132668.13287204967
-14.0,-40.0,438817.47936685005
-14.0,-39.0,275360.7472511064
-13.0,-77.0,74973.84825625856
-13.0,-76.0,473462.5089851714
-13.0,-75.0,256243.85473195196
-13.0,-74.0,607975.6743937474
-13.0,-73.0,117833.29520255474
-13.0,-72.0,261851.91410163077
-13.0,-71.0,25255.991772448797
-13.0,-70.0,39440.417677750214
-13.0,-69.0,112502.068986073
-13.0,-64.0,25875.588575247417
-13.0,-63.0,927.2082061834496
-13.0,-62.0,4004.8445776365697
-13.0,-61.0,43261.05506079557
-13.0,-60.0,111477.7769975103
-13.0,-59.0,5145.924530623188
-13.0,-58.0,7278.6649885394345
-13.0,-57.0,28841.167984801694
-13.0,-56.0,235145.25359877676
-13.0,-55.0,13004.417007579768
-13.0,-54.0,4437.999638154401
-13.0,-53.0,9358.33051122008
-13.0,-52.0,38415.25527085569
-13.0,-51.0,3245.749395189432
-13.0,-50.0,33438.674265989896
-13.0,-49.0,56520.93093880739
-13.0,-48.0,20300.639459876806
-13.0,-47.0,43723.085860127554
-13.0,-46.0,27533.24465361272
-13.0,-45.0,38287.798672891775
-13.0,-44.0,139495.21617621862
-13.0,-43.0,172172.58151384798
-13.0,-42.0,156527.66548258922
-13.0,-41.0,103822.7495737164
-13.0,-40.0,299995.0018678128
-13.0,-39.0,1116489.4031904796
-13.0,-38.0,2818561.005399028
-12.0,-77.0,11613804.238912195
-12.0,-76.0,126514.13450000601
-12.0,-75.0,922999.0740427012
-12.0,-74.0,68577.27004080507
-12.0,-73.0,14870.723300820704
-12.0,-72.0,2244.813623442628
-12.0,-71.0,1405.8066712389625
-12.0,-70.0,538.4964504427032
-12.0,-69.0,14619.837045444037
-12.0,-65.0,3243.4571237385535
-12.0,-64.0,26576.875261539422
-12.0,-63.0,34193.96823362998
-12.0,-62.0,120900.52538476672
-12.0,-61.0,74564.40223685734
-12.0,-60.0,1905.326835410879
-12.0,-59.0,2103.7211574674475
-12.0,-58.0,16764.23189369005
-12.0,-57.0,15210.85370945042
-12.0,-56.0,199361.8285116986
-12.0,-55.0,86124.38929746952
-12.0,-54.0,6484.971475695249
-12.0,-53.0,2326.8190363397634
-12.0,-52.0,15860.12137341188
-12.0,-51.0,18888.1798567905
-12.0,-50.0,19540.964308978135
-12.0,-49.0,120780.67162785151
-12.0,-48.0,20530.524332309964
-12.0,-47.0,33982.775215593865
-12.0,-46.0,159381.98118898267
-12.0,-45.0,217481.01709827298
-12.0,-44.0,60607.03527831797
-12.0,-43.0,82309.5626001851
-12.0,-42.0,196299.13064403096
-12.0,-41.0,133841.8979702481
-12.0,-40.0,211116.12153907347
-12.0,-39.0,1311478.391765399
-12.0,-38.0,480134.39464737277
-12.0,-37.0,1888.0567734339684
-11.0,-78.0,395082.816288535
-11.0,-77.0,208493.02326826716
-11.0,-76.0,283698.3715929087
-11.0,-75.0,375674.02057523397
-11.0,-74.0,117823.33584635692
-11.0,-73.0,12113.670426550216
-11.0,-72.0,75.38848063537941
-11.0,-71.0,44.070840892144716
-11.0,-70.0,13195.048394938538
-11.0,-69.0,101219.74358551827
-11.0,-68.0,25214.466657741883
-11.0,-65.0,63388.626072768355
-11.0,-64.0,2424.4215181539034
-11.0,-63.0,26435.24662689143
-11.0,-62.0,213121.46746449367
-11.0,-61.0,95963.99056158013
-11.0,-60.0,170.86480105463892
-11.0,-59.0,55693.997538024254
-11.0,-58.0,29147.716502592917
-11.0,-57.0,16531.6402401327
-11.0,-56.0,18652.49387773541
-11.0,-55.0,55084.98997264709
-11.0,-54.0,4386.226183640515
-11.0,-53.0,4456.216486575262
-11.0,-52.0,54960.42959469281
-11.0,-51.0,6993.946402339177
-11.0,-50.0,19280.610888255447
-11.0,-49.0,30820.614816837395
-11.0,-48.0,77864.4048204351
-11.0,-47.0,9197.664702947031
-11.0,-46.0,7523.3509487301635
-11.0,-45.0,60740.41324120492
-11.0,-44.0,43287.81848914141
-11.0,-43.0,97960.58415039808
-11.0,-42.0,236564.05695876334
-11.0,-41.0,169815.16813791572
-11.0,-40.0,324471.4903585869
-11.0,-39.0,405652.83047806734
-11.0,-38.0,662297.4773284021
-11.0,-37.0,1474315.498831822
-11.0,-36.0,424.9594415351752
-11.0,122.0,67663.99538448494
-11.0,123.0,154269.97273651365
-10.0,-78.0,214468.8509581327
-10.0,-77.0,210766.4178130119
-10.0,-76.0,509460.4690998972
-10.0,-75.0,58937.32527340499
-10.0,-74.0,15605.987135566804
-10.0,-73.0,2147.983310973766
-10.0,-72.0,448.99678525907626
-10.0,-71.0,3632.5692976246737
-10.0,-70.0,1487.917626119905
-10.0,-69.0,7374.222771507952
-10.0,-68.0,439196.4685964361
-10.0,-67.0,47093.20373806077
-10.0,-66.0,17051.30707606608
-10.0,-65.0,41059.685264993524
-10.0,-64.0,48076.177521707155
-10.0,-63.0,129821.21099123832
-10.0,-62.0,62332.34092957075
-10.0,-61.0,1852.9294338142051
-10.0,-60.0,8168.888656442033
-10.0,-59.0,31443.05256207748
-10.0,-58.0,22754.620160497056
-10.0,-57.0,19519.00290488788
-10.0,-56.0,84415.38558358386
-10.0,-55.0,88150.53790311853
-10.0,-54.0,11727.309198384115
-10.0,-53.0,1003.3461641754839
-10.0,-52.0,10890.387017779416
-10.0,-51.0,28931.978015520377
-10.0,-50.0,9486.914829914622
-10.0,-49.0,102781.13737051415
-10.0,-48.0,398375.9527398954
-10.0,-47.0,8822.7611537875
-10.0,-46.0,7605.22477385501
-10.0,-45.0,63566.558461561464
-10.0,-44.0,38716.77276969097
-10.0,-43.0,53992.16052408779
-10.0,-42.0,75636.08453160181
-10.0,-41.0,78620.59148333943
-10.0,-40.0,187092.95040445303
-10.0,-39.0,89907.36350835927
-10.0,-38.0,276345.6815711274
-10.0,-37.0,968560.6898077686
-10.0,-36.0,1520822.4519412795
-10.0,119.0,336828.1964889448
-10.0,120.0,264543.86432700726
-10.0,121.0,55272.30489215728
-10.0,122.0,28795.038288716285
-10.0,123.0,19731.334265174624
-10.0,124.0,1197254.7092569587
-10.0,125.0,320883.20936920855
-9.0,-79.0,465201.3511892901
-9.0,-78.0,373684.6569492601
-9.0,-77.0,207754.60130076983
-9.0,-76.0,210446.4706445587
-9.0,-75.0,71751.88480381534
-9.0,-74.0,22521.700453281206
-9.0,-73.0,18522.96225360552
-9.0,-72.0,14310.334227169576
-9.0,-71.0,5382.033373142526
-9.0,-70.0,12760.732312058051
-9.0,-69.0,52598.06356418829
-9.0,-68.0,9850.517383600509
-9.0,-67.0,36228.01048061083
-9.0,-66.0,2356.0746230116742
-9.0,-65.0,10038.639295399636
-9.0,-64.0,455567.15563892666
-9.0,-63.0,29629.652870057846
-9.0,-62.0,25295.570526763957
-9.0,-61.0,2085.9900260891795
-9.0,-60.0,3564.409658190377
-9.0,-59.0,17645.169302864295
-9.0,-58.0,1200.7694383495118
-9.0,-57.0,7510.609628574737
-9.0,-56.0,1644.349004280698
-9.0,-55.0,5691.340627444563
-9.0,-54.0,271.39239169380255
-9.0,-53.0,96.00833488248156
-9.0,-52.0,1901.4057335932025
-9.0,-51.0,13793.045832535041
-9.0,-50.0,27315.927825138213
-9.0,-49.0,57941.492103588425
-9.0,-48.0,36239.31317203039
-9.0,-47.0,10422.45007878666
-9.0,-46.0,15896.149525555564
-9.0,-45.0,15444.359598701554
-9.0,-44.0,59305.68052450711
-9.0,-43.0,100944.66471801754
-9.0,-42.0,41452.931042243865
-9.0,-41.0,485442.7535150627
-9.0,-40.0,380482.6299812406
-9.0,-39.0,108903.05280668219
-9.0,-38.0,433260.1590127382
-9.0,-37.0,626183.4423864293
-9.0,-36.0,1041120.7254985329
-9.0,-35.0,320573.3424431309
-9.0,114.0,307656.5527065871
-9.0,115.0,2164596.8671693346
-9.0,116.0,3057731.228924685
-9.0,117.0,990251.0860279088
-9.0,118.0,321406.9289966877
-9.0,119.0,561300.853764629
-9.0,120.0,488143.338816337
-9.0,121.0,581863.6828667795
-9.0,122.0,571992.8130669493
-9.0,123.0,67935.31675674315
-9.0,124.0,201362.48711428593
-9.0,125.0,850406.9938274587
-9.0,140.0,61906.47820264713
-9.0,141.0,8074.465229839241
-8.0,-80.0,184.95891497779598
-8.0,-79.0,1437964.5026912962
-8.0,-78.0,460488.09566085023
-8.0,-77.0,116621.9432123579
-8.0,-76.0,40721.00155308313
-8.0,-75.0,449531.1458860376
-8.0,-74.0,4382.55254319254
-8.0,-73.0,144364.07935977305
-8.0,-72.0,12941.002257134689
-8.0,-71.0,44819.081075949885
-8.0,-70.0,32155.497580914285
-8.0,-69.0,172.88414409615567
-8.0,-68.0,1344.381572027302
-8.0,-67.0,18880.46301304051
-8.0,-66.0,1130.7908616788156
-8.0,-65.0,997.229971364138
-8.0,-64.0,4746.52845561136
-8.0,-63.0,53888.0781988155
-8.0,-62.0,11386.233020525
-8.0,-61.0,4259.2854325207545
-8.0,-60.0,55.90579551749768
-8.0,-59.0,179.7630735209752
-8.0,-58.0,709.4764735103084
-8.0,-57.0,1748.8584231215514
-8.0,-56.0,619.1110965075777
-8.0,-55.0,17737.544012782673
-8.0,-54.0,49.66553668703577
-8.0,-53.0,251.54742153616843
-8.0,-52.0,133.14535635457486
-8.0,-51.0,12954.431733074467
-8.0,-50.0,124307.3315644031
-8.0,-49.0,66333.72647147812
-8.0,-48.0,70944.92236174074
-8.0,-47.0,26130.144046978225
-8.0,-46.0,109241.70257010194
-8.0,-45.0,23989.266421569522
-8.0,-44.0,32833.69330915327
-8.0,-43.0,55265.74726611146
-8.0,-42.0,92445.49302612094
-8.0,-41.0,141833.47352287022
-8.0,-40.0,281863.8325848406
-8.0,-39.0,296568.0387930101
-8.0,-38.0,384940.8929675567
-8.0,-37.0,361300.8471522661
-8.0,-36.0,1496175.1439186153
-8.0,-35.0,4701931.796913595
-8.0,107.0,10446.458729743958
-8.0,108.0,985603.582287685
-8.0,109.0,2607821.3474286124
-8.0,110.0,6374335.677499875
-8.0,111.0,8691794.062549587
-8.0,112.0,9574251.617534291
-8.0,113.0,9542623.314848216
-8.0,114.0,5161512.40691738
-8.0,115.0,2067432.1107676178
-8.0,116.0,597292.611297929
-8.0,117.0,284420.6506600261
-8.0,118.0,134353.8630837517
-8.0,119.0,272619.1730896175
-8.0,120.0,134834.27026382426
-8.0,121.0,91790.78947758797
-8.0,122.0,18888.86998440718
-8.0,123.0,352933.10446818615
-8.0,124.0,126829.59342040181
-8.0,125.0,153104.72533188417
-8.0,126.0,66142.86486424383
-8.0,127.0,64002.14229047333
-8.0,128.0,32623.845785542704
-8.0,130.0,19930.17321271724
-8.0,131.0,89744.82250201574
-8.0,132.0,8784.736548981069
-8.0,138.0,4552.361629827433
-8.0,139.0,6109.229223461596
-8.0,140.0,126804.4223803655
-8.0,141.0,35248.922111755295
-7.0,-80.0,1216874.0529049374
-7.0,-79.0,728363.958597326
-7.0,-78.0,408422.4398173366
-7.0,-77.0,181639.367345166
-7.0,-76.0,131699.57916368206
-7.0,-75.0,47241.81804657525
-7.0,-74.0,1091.3466970105937
-7.0,-73.0,7204.020833289867
-7.0,-72.0,24128.21801723014
-7.0,-71.0,2849.6371739862134
-7.0,-70.0,51580.84066432786
-7.0,-69.0,427.79912879488603
-7.0,-68.0,449.21807446771527
-7.0,-67.0,168.16529725943158
-7.0,-66.0,105.7037841906232
-7.0,-65.0,36038.30634956548
-7.0,-64.0,8626.97436975074
-7.0,-63.0,10598.225266149253
-7.0,-62.0,1028.7121033943004
-7.0,-61.0,367.4659708165609
-7.0,-60.0,21761.60691607221
-7.0,-59.0,1659.6527986717786
-7.0,-58.0,1683.684418584155
-7.0,-57.0,7829.814058378299
-7.0,-56.0,4260.638203897945
-7.0,-55.0,32234.613677377354
-7.0,-54.0,72.1938026022008
-7.0,-53.0,1103.013600596823
-7.0,-52.0,17284.76936128688
-7.0,-51.0,81644.55753071811
-7.0,-50.0,182927.70809498563
-7.0,-49.0,41894.97729521786
-7.0,-48.0,222861.61875573415
-7.0,-47.0,88759.69053432181
-7.0,-46.0,53517.72863788303
-7.0,-45.0,62754.18523023572
-7.0,-44.0,70446.45568120651
-7.0,-43.0,111715.98118726519
-7.0,-42.0,147147.449075074
-7.0,-41.0,245140.71663757824
-7.0,-40.0,232412.23884795944
-7.0,-39.0,1009974.4720265903
-7.0,-38.0,391592.3678950493
-7.0,-37.0,414930.79809407436
-7.0,-36.0,1115511.1365880864
-7.0,-35.0,1909102.753533307
-7.0,105.0,1366.7065843528396
-7.0,106.0,1458528.9418612663
-7.0,107.0,11562261.98284511
-7.0,108.0,18774455.818123348
-7.0,109.0,11447547.097282974
-7.0,110.0,9663672.085728623
-7.0,111.0,9914702.745656766
-7.0,112.0,5884123.938039822
-7.0,113.0,8796879.795457253
-7.0,114.0,1514579.4781882584
-7.0,115.0,81755.96811257856
-7.0,116.0,25073.185602178903
-7.0,121.0,34141.6944983379
-7.0,129.0,3356.5661768825566
-7.0,131.0,6551.925673996924
-7.0,132.0,27311.320660221772
-7.0,134.0,10265.817168514357
-7.0,135.0,3735.117393356587
-7.0,138.0,170.43474469149214
-7.0,139.0,57857.64396556176
-7.0,140.0,37124.22661357843
-7.0,141.0,29585.197976303527
-6.0,-81.0,51218.702290990565
-6.0,-80.0,220554.79131908208
-6.0,-79.0,507742.198263234
-6.0,-78.0,299743.11590758944
-6.0,-77.0,382955.3654821565
-6.0,-76.0,327947.70371693885
-6.0,-75.0,20765.263420212843
-6.0,-74.0,10393.359648673782
-6.0,-73.0,1396.0531526170557
-6.0,-72.0,74.01537046050169
-6.0,-71.0,183.4443818337314
-6.0,-70.0,99.75310540276126
-6.0,-69.0,207.47259613827237
-6.0,-68.0,12558.64721033732
-6.0,-67.0,92.05150759446406
-6.0,-66.0,99.84801278076323
-6.0,-65.0,313.0126484457202
-6.0,-64.0,2760.9166715976394
-6.0,-63.0,18595.71016878406
-6.0,-62.0,8614.21986924059
-6.0,-61.0,37733.761902863356
-6.0,-60.0,1271.720174620493
-6.0,-59.0,65.17987826937394
-6.0,-58.0,14566.137011068236
-6.0,-57.0,7061.486796617924
-6.0,-56.0,13418.911078574798
-6.0,-55.0,909.7255996184211
-6.0,-54.0,1329.746267701993
-6.0,-53.0,3380.9064683647493
-6.0,-52.0,15426.92871314794
-6.0,-51.0,11173.133168419175
-6.0,-50.0,379813.80389120703
-6.0,-49.0,101567.38713161394
-6.0,-48.0,123052.33182717637
-6.0,-47.0,379281.9111539149
-6.0,-46.0,93444.85292868828
-6.0,-45.0,84543.25173143783
-6.0,-44.0,207087.13163280173
-6.0,-43.0,189874.95128495374
-6.0,-42.0,83104.7433064149
-6.0,-41.0,117828.16654892458
-6.0,-40.0,158727.86856342395
-6.0,-39.0,377576.7952281984
-6.0,-38.0,416035.0385494639
-6.0,-37.0,358523.94501266506
-6.0,-36.0,401045.55586909817
-6.0,-35.0,1738313.3350423463
-6.0,104.0,52201.37734280777
-6.0,105.0,320059.4469643658
-6.0,106.0,6088660.112313356
-6.0,107.0,30912114.2101453
-6.0,108.0,2864046.5790000875
-6.0,109.0,1151.7879484295845
-6.0,111.0,224227.35031274904
-6.0,113.0,85821.61105969381
-6.0,119.0,24964.48016499181
-6.0,120.0,797673.9888711162
-6.0,121.0,20621.165372258107
-6.0,123.0,115820.48100671472
-6.0,124.0,50764.44786419817
-6.0,133.0,210227.35313405175
-6.0,134.0,81961.21896482214
-6.0,135.0,9900.747785078951
-6.0,138.0,61293.86163497738
-6.0,139.0,59601.84252200018
-6.0,140.0,37843.856944747065
-6.0,141.0,58397.6624794386
-5.0,-81.0,1444976.8399644194
-5.0,-80.0,514203.97736455506
-5.0,-79.0,270365.2736235645
-5.0,-78.0,70522.15778057251
-5.0,-77.0,34261.46345174523
-5.0,-76.0,24432.66696134175
-5.0,-75.0,11876.387487268745
-5.0,-74.0,82836.34294957339
-5.0,-73.0,3045.581947360727
-5.0,-72.0,1272.9994497124965
-5.0,-71.0,122.12290197058901
-5.0,-70.0,281.6217731219952
-5.0,-69.0,138.23977731730636
-5.0,-68.0,160.34871067237663
-5.0,-67.0,30472.581581805553
-5.0,-66.0,249.5467995800534
-5.0,-65.0,2048.262983649042
-5.0,-64.0,291.046177422057
-5.0,-63.0,919.2529105013678
-5.0,-62.0,1278.1760248358576
-5.0,-61.0,2178.2249759171946
-5.0,-60.0,22003.461716270576
-5.0,-59.0,317.61421823052603
-5.0,-58.0,208.8885104121977
-5.0,-57.0,1063.9133774760096
-5.0,-56.0,16618.704403714197
-5.0,-55.0,316.1181260413964
-5.0,-54.0,192.64520403992094
-5.0,-53.0,341.35275424123245
-5.0,-52.0,42.29955409133702
-5.0,-51.0,15686.232363136738
-5.0,-50.0,42056.13628536532
-5.0,-49.0,324781.5187159859
-5.0,-48.0,192369.28745771022
-5.0,-47.0,231094.3817848456
-5.0,-46.0,72305.65114672577
-5.0,-45.0,289672.3908559048
-5.0,-44.0,222640.01194139555
-5.0,-43.0,1420445.9729443043
-5.0,-42.0,185959.5970971276
-5.0,-41.0,202105.4556949222
-5.0,-40.0,190364.1978934508
-5.0,-39.0,286452.9575736548
-5.0,-38.0,447087.7265073549
-5.0,-37.0,434335.04126860725
-5.0,-36.0,101173.60540103048
-5.0,-35.0,38035.1565140443
-5.0,39.0,1258785.901394724
-5.0,102.0,7878.597789864261
-5.0,103.0,113062.43304772346
-5.0,104.0,973844.875151355
-5.0,105.0,6090656.951273236
-5.0,106.0,1040634.2759886769
-5.0,119.0,1950417.4255750764
-5.0,120.0,2871164.557515711
-5.0,121.0,7098.330745102267
-5.0,122.0,330166.9232409033
-5.0,123.0,614602.0126411992
-5.0,124.0,66670.59611354224
-5.0,133.0,6495.177584221287
-5.0,135.0,3204.6766239109916
-5.0,136.0,3302.6467605946264
-5.0,137.0,253904.86017410358
-5.0,138.0,46466.89744951281
-5.0,139.0,72932.72534457843
-5.0,140.0,36494.30395732908
-5.0,141.0,91409.35511975817
-4.0,-81.0,83303.87480614289
-4.0,-80.0,503806.44791385735
-4.0,-79.0,461500.6141234052
-4.0,-78.0,31505.569614114404
-4.0,-77.0,6621.290798922013
-4.0,-76.0,1117.9247486301406
-4.0,-75.0,10903.07871165105
-4.0,-74.0,9114.18196051522
-4.0,-73.0,539831.0032780411
-4.0,-72.0,11626.814203218204
-4.0,-71.0,34556.80243067349
-4.0,-70.0,201516.29568226778
-4.0,-69.0,13393.319586278452
-4.0,-68.0,186.70274379045264
-4.0,-67.0,202.78006796210522
-4.0,-66.0,798.1124525851637
-4.0,-65.0,4119.5058986454
-4.0,-64.0,7267.3581363278845
-4.0,-63.0,60085.83479303755
-4.0,-62.0,44636.41507877129
-4.0,-61.0,36796.14579314663
-4.0,-60.0,51547.82976534018
-4.0,-59.0,62513.08827865059
-4.0,-58.0,10090.670051684298
-4.0,-57.0,5021.7934885982495
-4.0,-56.0,120685.4273819145
-4.0,-55.0,44667.84902463661
-4.0,-54.0,44281.03315774895
-4.0,-53.0,11232.310347634906
-4.0,-52.0,11863.171841879339
-4.0,-51.0,40523.0490199997
-4.0,-50.0,157174.2596044595
-4.0,-49.0,60175.4206102536
-4.0,-48.0,97507.41510204991
-4.0,-47.0,47141.00798009292
-4.0,-46.0,153256.19068306498
-4.0,-45.0,484623.06019817136
-4.0,-44.0,348043.24787788437
-4.0,-43.0,341181.345733151
-4.0,-42.0,318302.7928943761
-4.0,-41.0,579971.0156210552
-4.0,-40.0,519669.94738750247
-4.0,-39.0,3478187.2062700507
-4.0,-38.0,966754.3941239832
-4.0,38.0,497414.83796764596
-4.0,39.0,807368.1480890508
-4.0,40.0,2794858.3936619516
-4.0,102.0,632031.7952924689
-4.0,103.0,1230476.937537949
-4.0,104.0,1475112.3295084299
-4.0,105.0,1722220.068472329
-4.0,106.0,240945.89896209794
-4.0,112.0,44.68489291158577
-4.0,115.0,449135.05168668344
-4.0,116.0,164367.6783082764
-4.0,119.0,125940.30565756602
-4.0,120.0,2020201.6222997908
-4.0,121.0,93066.65195110318
-4.0,122.0,973263.0940768142
-4.0,123.0,406559.0749240323
-4.0,126.0,11113.496656844483
-4.0,127.0,66112.02188874471
-4.0,128.0,491670.73177172884
-4.0,129.0,36071.19065769408
-4.0,130.0,6036.412180970623
-4.0,131.0,50255.31262536957
-4.0,133.0,5362.454117456977
-4.0,134.0,44614.48950822711
-4.0,135.0,11768.35902091737
-4.0,136.0,458516.0757772186
-4.0,137.0,245998.9006455006
-4.0,138.0,668205.9849850043
-4.0,139.0,870688.2290306515
-4.0,140.0,66939.97303976247
-4.0,141.0,34617.90173572287
-3.0,-80.0,940886.6834366021
-3.0,-78.0,54004.548778066266
-3.0,-77.0,12701.176918337696
-3.0,-76.0,17688.49377495079
-3.0,-75.0,2770.961551422872
-3.0,-74.0,4907.143297071028
-3.0,-73.0,26404.09259299936
-3.0,-72.0,9665.098716414956
-3.0,-71.0,225.38621830513287
-3.0,-70.0,3850.2828356635405
-3.0,-69.0,26906.354858483548
-3.0,-68.0,58788.75402997106
-3.0,-67.0,29027.872309326056
-3.0,-66.0,36237.07054184383
-3.0,-65.0,108787.595731159
-3.0,-64.0,868.4143896718587
-3.0,-63.0,785.8482894943959
-3.0,-62.0,1396.394370493932
-3.0,-61.0,135656.6362061744
-3.0,-60.0,2385424.4618914146
-3.0,-59.0,45833.26756329646
-3.0,-58.0,241432.5185261164
-3.0,-57.0,119794.1772362021
-3.0,-56.0,4666.365933306433
-3.0,-55.0,85412.57348483155
-3.0,-54.0,13599.158913372918
-3.0,-53.0,46744.78867287064
-3.0,-52.0,163643.35505397094
-3.0,-51.0,30638.595507016707
-3.0,-50.0,95758.3381998801
-3.0,-49.0,98037.54458097869
-3.0,-48.0,30091.4314174373
-3.0,-47.0,110884.50061318144
-3.0,-46.0,101273.18876767295
-3.0,-45.0,477694.1108724658
-3.0,-44.0,1691307.3633351126
-3.0,-43.0,207691.92949107743
-3.0,-42.0,430902.0584810433
-3.0,-41.0,232603.80708991294
-3.0,-40.0,444745.3324222753
-3.0,-39.0,146844.99495946665
-3.0,37.0,2832717.389050791
-3.0,38.0,1049053.4088821781
-3.0,39.0,77017.50348063538
-3.0,40.0,784220.4321367671
-3.0,41.0,6913.213194169104
-3.0,100.0,31109.093409201036
-3.0,101.0,132247.82377016055
-3.0,102.0,480345.2859593149
-3.0,103.0,1153324.0851633814
-3.0,104.0,1180253.4152392107
-3.0,105.0,3083599.2807544786
-3.0,106.0,219712.3238039175
-3.0,107.0,66894.41062987401
-3.0,108.0,326916.3027821421
-3.0,110.0,25610.297722276508
-3.0,111.0,57481.23666448886
-3.0,112.0,247140.68338476378
-3.0,113.0,342832.2643654903
-3.0,114.0,461879.1862827275
-3.0,115.0,2610682.358256327
-3.0,116.0,443103.91077550425
-3.0,117.0,440.6180716176229
-3.0,119.0,958591.579913295
-3.0,120.0,1572781.4140302534
-3.0,121.0,405469.8354416393
-3.0,122.0,134692.61837991767
-3.0,126.0,17647.546511146204
-3.0,127.0,130376.33125627604
-3.0,128.0,192252.6735987004
-3.0,129.0,205407.83440394804
-3.0,130.0,175077.8863303119
-3.0,131.0,14922.94122775265
-3.0,132.0,75668.71397332831
-3.0,133.0,30367.989716368327
-3.0,134.0,19618.480960411507
-3.0,135.0,101024.59795012334
-3.0,136.0,110610.37632025017
-3.0,137.0,6859.046623527611
-3.0,138.0,22924.836882433396
-3.0,139.0,3988.7228179820972
-3.0,140.0,104031.2397040517
-3.0,141.0,614738.5594074592
-2.0,-76.0,5155.817805151351
-2.0,-75.0,4341.908949785103
-2.0,-74.0,8971.169410036071
-2.0,-73.0,6264.99878747856
-2.0,-72.0,1398.2011770244524
-2.0,-71.0,558.9001205614096
-2.0,-70.0,274.85279500691195
-2.0,-69.0,325.6055791042488
-2.0,-68.0,15.666021149999295
-2.0,-67.0,8674.176101917797
-2.0,-66.0,10777.453309614086
-2.0,-65.0,1764.9918056389313
-2.0,-64.0,93.5393452830376
-2.0,-63.0,147.596443426649
-2.0,-62.0,436.2383755274917
-2.0,-61.0,590.3580873269775
-2.0,-60.0,29988.32477420455
-2.0,-59.0,4158.601303724675
-2.0,-58.0,4751.637505860786
-2.0,-57.0,38813.509328078784
-2.0,-56.0,174959.49992535717
-2.0,-55.0,417164.724300291
-2.0,-54.0,89294.63778188727
-2.0,-53.0,35728.6695299166
-2.0,-52.0,42839.03310240121
-2.0,-51.0,89640.6700955928
-2.0,-50.0,310039.74293342896
-2.0,-49.0,598164.7057840868
-2.0,-48.0,274464.4409752312
-2.0,-47.0,223449.92761903803
-2.0,-46.0,143022.40832875372
-2.0,-45.0,247999.32845912315
-2.0,-44.0,187810.1465169251
-2.0,-43.0,4357.42919747194
-2.0,35.0,347368.8355081452
-2.0,36.0,277736.6406387498
-2.0,37.0,1144178.4736631024
-2.0,38.0,992535.0030575064
-2.0,39.0,13508.343143697964
-2.0,40.0,301375.24548902817
-2.0,41.0,203311.42989958928
-2.0,42.0,26126.845733917093
-2.0,99.0,13723.649118109017
-2.0,100.0,28669.44302915225
-2.0,101.0,781028.3268472315
-2.0,102.0,599851.5454780622
-2.0,103.0,736639.438545083
-2.0,104.0,1197987.8088074976
-2.0,105.0,266198.8363426916
-2.0,106.0,844410.6272520146
-2.0,109.0,1806.6042598407712
-2.0,110.0,314068.8859220916
-2.0,111.0,235751.54836474583
-2.0,112.0,208703.7046596983
-2.0,113.0,259504.91755096844
-2.0,114.0,396333.4573328054
-2.0,115.0,741967.6796891113
-2.0,116.0,481405.327642938
-2.0,117.0,9148.12596143609
-2.0,119.0,299626.3799697121
-2.0,120.0,70731.50356533096
-2.0,121.0,257585.53406499184
-2.0,122.0,138722.29102899207
-2.0,123.0,47675.75119333511
-2.0,124.0,73122.67951768823
-2.0,125.0,52176.64500194687
-2.0,126.0,94140.0309833404
-2.0,127.0,13521.084081595249
-2.0,128.0,10706.5675377719
-2.0,130.0,6945.061255771292
-2.0,132.0,17478.426196246743
-2.0,133.0,37469.61357356788
-2.0,134.0,62876.78621572377
-2.0,136.0,128060.08389654043
-2.0,137.0,32605.07784696395
-2.0,138.0,19302.667582085895
-2.0,139.0,30843.24514836392
-2.0,140.0,19731.20965018929
-2.0,141.0,529.8249722122176
-1.0,-76.0,7236.700540109758
-1.0,-75.0,5195.307506453297
-1.0,-74.0,1913.2886429470373
-1.0,-73.0,1639.4958301833183
-1.0,-72.0,830.4216550369185
-1.0,-71.0,639.4418354039451
-1.0,-70.0,4156.9842847301425
-1.0,-69.0,1086.6764197535572
-1.0,-68.0,2.1580500232217177
-1.0,-67.0,0.2610324397698283
-1.0,-66.0,111.08682659097164
-1.0,-65.0,677.0488333391914
-1.0,-64.0,97.84474443286226
-1.0,-63.0,11955.372572853765
-1.0,-62.0,2253.6357919604907
-1.0,-61.0,206.67038167061094
-1.0,-60.0,3876.6547313607252
-1.0,-59.0,528.341238196178
-1.0,-58.0,781.4255210420207
-1.0,-57.0,1241.6050498178515
-1.0,-56.0,10562.053438627234
-1.0,-55.0,2319.16998844943
-1.0,-54.0,5795.18679513585
-1.0,-53.0,41630.78393509184
-1.0,-52.0,43822.93977680341
-1.0,-51.0,18861.358738978273
-1.0,-50.0,38079.87105757868
-1.0,-49.0,139821.72391934716
-1.0,-48.0,2511298.8346914127
-1.0,-47.0,441058.7927378799
-1.0,-46.0,112145.41732334688
-1.0,-45.0,7480.454333135895
-1.0,34.0,2113190.5585776167
-1.0,35.0,5041024.310614383
-1.0,36.0,1431734.530366233
-1.0,37.0,13725302.815363904
-1.0,38.0,1395054.400265233
-1.0,39.0,53226.99704346506
-1.0,40.0,194524.90532676817
-1.0,41.0,134950.73724771658
-1.0,98.0,2846.2506236016666
-1.0,99.0,21182.929411074598
-1.0,100.0,1525100.3592367275
-1.0,101.0,1222342.9568144653
-1.0,102.0,978175.3469349201
-1.0,103.0,668494.4545475652
-1.0,104.0,286922.07685095235
-1.0,105.0,6116.708923704096
-1.0,109.0,28275.001100991816
-1.0,110.0,200632.01785449084
-1.0,111.0,85392.13929787489
-1.0,112.0,72966.97283191833
-1.0,113.0,64103.069026107136
-1.0,114.0,183751.1658204607
-1.0,115.0,243351.61158658867
-1.0,116.0,89009.33351418644
-1.0,117.0,1567137.202276735
-1.0,118.0,3966.033730754595
-1.0,119.0,121527.18142994575
-1.0,120.0,1041006.0650858188
-1.0,121.0,173110.56772940428
-1.0,122.0,267868.98479696637
-1.0,123.0,303180.5225389959
-1.0,124.0,9710.608852493817
-1.0,127.0,84394.28211454304
-1.0,128.0,82049.9750930175
-1.0,130.0,4810.66373290211
-1.0,131.0,429925.9119330036
-1.0,132.0,97839.47691694892
-1.0,133.0,20881.13350128642
-1.0,134.0,265565.64859557245
-1.0,135.0,10561.245448938062
-1.0,136.0,157488.60391227587
-1.0,138.0,297.8784027546644
0.0,-77.0,396993.28781275946
0.0,-76.0,46474.11033927093
0.0,-75.0,21905.840170738935
0.0,-74.0,1153.8926638280375
0.0,-71.0,1249.5746964225068
0.0,-70.0,3525.2454521469954
0.0,-69.0,1093.900199852895
0.0,-68.0,143.55700914573356
0.0,-67.0,42947.53794919453
0.0,-66.0,1122.6167653716655
0.0,-65.0,9236.69668310386
0.0,-64.0,625.1475466189748
0.0,-63.0,351.20180703367976
0.0,-62.0,201.74894625201017
0.0,-61.0,2852.223666653722
0.0,-60.0,683.8431597531896
0.0,-59.0,953.9057619817663
0.0,-58.0,87.48494921294537
0.0,-57.0,94.90053712414492
0.0,-56.0,174.84897743457861
0.0,-54.0,26.612054440783485
0.0,-53.0,199.2424361507732
0.0,-52.0,7956.947536716315
0.0,-51.0,617448.316013354
0.0,-50.0,40773.47568049559
0.0,-49.0,8192.412796033173
0.0,-48.0,409.0875430325844
0.0,34.0,3650851.2894983296
0.0,35.0,6150726.950114392
0.0,36.0,3305528.9269055165
0.0,37.0,1590323.0941864525
0.0,38.0,2607073.18247147
0.0,39.0,208555.07558137376
0.0,40.0,918474.7949602848
0.0,41.0,180443.3859000671
0.0,98.0,21716.095495571233
0.0,99.0,115440.56473700065
0.0,100.0,1607873.0414804965
0.0,101.0,1987353.6952170946
0.0,102.0,798616.2434840263
0.0,103.0,417296.25222495303
0.0,104.0,119013.6704883494
0.0,105.0,71268.68902076455
0.0,109.0,1611964.695237311
0.0,110.0,543551.6733785245
0.0,111.0,601316.0356346548
0.0,112.0,391679.6996815334
0.0,113.0,26739.511135701272
0.0,114.0,11511.829403018008
0.0,115.0,36232.795566136265
0.0,116.0,189838.97798056708
0.0,117.0,1142231.2882960553
0.0,118.0,55620.46104352425
0.0,120.0,255697.56443348146
0.0,121.0,67106.77363104797
0.0,122.0,96389.5555995702
0.0,123.0,46602.45359776178
0.0,124.0,75668.07935311971
0.0,127.0,44712.57608105286
0.0,128.0,85372.02055842482
0.0,129.0,22238.29856742618
0.0,130.0,4644.205864376015
0.0,131.0,41224.13878201457
0.0,132.0,6171.289948763444
0.0,133.0,1030.1467915493008
1.0,-79.0,167876.94802641697
1.0,-78.0,694429.2585228996
1.0,-77.0,818149.3383657434
1.0,-76.0,110257.27215481433
1.0,-75.0,67948.60608215067
1.0,-74.0,3491.2852105046327
1.0,-72.0,4423.445149236366
1.0,-71.0,4970.164815115397
1.0,-70.0,22846.685028714564
1.0,-69.0,4218.001126582571
1.0,-68.0,1208.8243159271558
1.0,-67.0,5689.890474628293
1.0,-66.0,825.001906183509
1.0,-65.0,173.6297550938835
1.0,-64.0,209.7630848109004
1.0,-63.0,104.62172456185972
1.0,-62.0,139.82876354581612
1.0,-61.0,1770.5779509550368
1.0,-60.0,61703.51314631397
1.0,-59.0,3326.295861364014
1.0,-58.0,18.65517145693446
1.0,-57.0,19.892658949212215
1.0,-56.0,89.12835730018647
1.0,-55.0,102.3816287368536
1.0,-54.0,33.78598041863869
1.0,-53.0,105.39744490268885
1.0,-52.0,21811.558173609512
1.0,-51.0,44213.42234310091
1.0,-50.0,4587.253555047457
1.0,34.0,7686479.984794257
1.0,35.0,5191025.9222822115
1.0,36.0,669957.6681228527
1.0,37.0,332370.70732872246
1.0,38.0,88711.94126266784
1.0,39.0,361646.49562104023
1.0,40.0,178633.57590830652
1.0,41.0,109574.1077960999
1.0,97.0,209627.76536476123
1.0,98.0,697011.887031948
1.0,99.0,662615.4331845281
1.0,100.0,1093452.9364488772
1.0,101.0,1545919.4455003755
1.0,102.0,544534.1902817021
1.0,103.0,515001.76922026975
1.0,104.0,8358521.538189024
1.0,105.0,173250.94475325983
1.0,109.0,1000559.7560475768
1.0,110.0,748825.9219730247
1.0,111.0,265223.1262817085
1.0,112.0,136510.34154846292
1.0,113.0,99382.10627821909
1.0,114.0,5541.686221729591
1.0,115.0,15115.940534173144
1.0,116.0,11275.055141037228
1.0,117.0,149849.29213287384
1.0,118.0,227489.40496776404
1.0,119.0,7918.396893080175
1.0,120.0,81198.82382601622
1.0,121.0,402597.03806518036
1.0,122.0,262902.6369394143
1.0,123.0,944798.3081137785
1.0,124.0,592906.1498229705
1.0,125.0,1508885.6766323997
1.0,127.0,358458.5959107745
1.0,128.0,226084.08468293562
1.0,129.0,10591.065586063905
2.0,-79.0,141201.72170290063
2.0,-78.0,153189.68789888328
2.0,-77.0,827849.471922163
2.0,-76.0,832765.9780621189
2.0,-75.0,126686.91883167034
2.0,-74.0,23652.464596182945
2.0,-73.0,26154.766374424653
2.0,-72.0,2721.202954596495
2.0,-71.0,394.22616607740895
2.0,-70.0,1085.405379774967
2.0,-69.0,1654.795973972356
2.0,-68.0,406.88232897328885
2.0,-67.0,4179.196179603343
2.0,-64.0,444.5569791422473
2.0,-63.0,75.90078157796505
2.0,-62.0,238.15336153413477
2.0,-61.0,49431.033176428136
2.0,-60.0,6917.4189929435
2.0,-59.0,4150.596191129076
2.0,-58.0,382.80449010745104
2.0,-57.0,814.6780052538421
2.0,-56.0,1001.9193304709157
2.0,-55.0,34.576868991013285
2.0,-54.0,398.82289484989207
2.0,-53.0,381.56560066422827
2.0,-52.0,2183.893699294677
2.0,-51.0,24774.098010687358
2.0,-50.0,204.3581949960707
2.0,35.0,744088.3107676257
2.0,36.0,235650.9802617716
2.0,37.0,109818.9883800082
2.0,38.0,183289.4115646587
2.0,39.0,43658.85225203015
2.0,40.0,351619.80076198187
2.0,41.0,82776.73138329247
2.0,96.0,50894.33324961976
2.0,97.0,9430.67506207581
2.0,98.0,234659.870009096
2.0,99.0,1235685.8390445332
2.0,100.0,1397507.2466639583
2.0,101.0,744295.670768367
2.0,102.0,1289073.6311583312
2.0,109.0,112530.69647279136
2.0,110.0,598965.2334778914
2.0,112.0,417109.4651154673
2.0,113.0,54983.66976990634
2.0,115.0,6189.430745478628
2.0,116.0,407.41114117854374
2.0,117.0,140298.04615135334
2.0,118.0,101297.14524194563
2.0,125.0,268908.57690618566
2.0,128.0,227756.5259532759
2.0,129.0,18708.067566349342
3.0,-78.0,62933.18919914584
3.0,-77.0,1835982.3735048529
3.0,-76.0,1709927.2083439701
3.0,-75.0,565555.2451318847
3.0,-74.0,79296.93675350015
3.0,-73.0,81871.39458511394
3.0,-72.0,9709.485520571452
3.0,-71.0,452.355576075641
3.0,-70.0,6052.938740510921
3.0,-69.0,2066.445009787281
3.0,-68.0,3681.3365472930627
3.0,-67.0,676.0542454640246
3.0,-64.0,808.9853422494609
3.0,-63.0,149.3791574095066
3.0,-62.0,5236.852699831636
3.0,-61.0,518726.6772964851
3.0,-60.0,30807.44064746558
3.0,-53.0,514.1883780399847
3.0,-52.0,2373.284867552874
3.0,-51.0,3379.501558612079
3.0,34.0,490072.3661287688
3.0,35.0,233581.4066444349
3.0,36.0,238952.7462905242
3.0,37.0,90070.92942226172
3.0,38.0,62722.774078607545
3.0,39.0,116543.28063695034
3.0,40.0,199109.22002256487
3.0,41.0,474694.76379313227
3.0,42.0,180233.6967197326
3.0,96.0,48320.36858674782
3.0,97.0,164292.40214626273
3.0,98.0,1036254.5735569785
3.0,99.0,3035624.1381249707
3.0,100.0,1317335.593503728
3.0,106.0,50740.77834282464
3.0,109.0,6638.015878222374
3.0,115.0,14900.32496485962
3.0,116.0,12925.727389171017
3.0,117.0,126729.70565017246
3.0,118.0,302255.76048361696
3.0,125.0,56678.26066957548
3.0,126.0,36039.03835767237
3.0,128.0,1804.6270482477637
3.0,129.0,6983.2243616862215
4.0,-77.0,412014.3960565295
4.0,-76.0,1400926.171809447
4.0,-75.0,1295973.7961716352
4.0,-74.0,1311485.773793164
4.0,-73.0,106961.30781790936
4.0,-72.0,40103.62280760376
4.0,-71.0,14735.021052889875
4.0,-70.0,15380.631301727704
4.0,-69.0,5943.479271177078
4.0,-68.0,44098.60599693292
4.0,-67.0,1309.2502475243439
4.0,-65.0,1081.076405025061
4.0,-64.0,876.773093113216
4.0,-63.0,118.14664673203045
4.0,-62.0,15435.559908529618
4.0,-61.0,34825.16649025897
4.0,-60.0,25417.90340574909
4.0,-52.0,35293.036502329735
4.0,-51.0,142.29270030013276
4.0,34.0,313452.12272970553
4.0,35.0,273675.95658594975
4.0,36.0,98432.08421233922
4.0,37.0,34228.52720011941
4.0,38.0,113373.14696113701
4.0,39.0,753707.1676024589
4.0,40.0,192304.09046807524
4.0,41.0,257727.6708146964
4.0,42.0,906139.8226925055
4.0,96.0,359178.2379127488
4.0,97.0,383490.5494025514
4.0,98.0,1729484.0477487328
4.0,99.0,4747613.581755327
4.0,108.0,73864.16278668967
4.0,116.0,30870.598243813103
4.0,117.0,157733.35947668744
4.0,118.0,608493.5419669517
4.0,125.0,43086.76060893556
4.0,126.0,64394.137869685605
4.0,127.0,93735.25797863421
5.0,-77.0,163739.26324814407
5.0,-76.0,2518750.3553725025
5.0,-75.0,835365.1727177264
5.0,-74.0,11479180.994992431
5.0,-73.0,342639.8763870938
5.0,-72.0,232115.74285888835
5.0,-71.0,22671.11125503882
5.0,-70.0,14421.806984656268
5.0,-69.0,5548.503675004538
5.0,-68.0,14950.189030007321
5.0,-61.0,178747.12104392523
5.0,-60.0,17454.17619793646
5.0,34.0,309775.89972447726
5.0,35.0,50021.622101724366
5.0,36.0,206294.85908246972
5.0,95.0,148849.79459188983
5.0,96.0,811567.7810686463
5.0,97.0,1611137.696866448
5.0,98.0,438848.7466491563
5.0,120.0,344212.58143213217
5.0,127.0,6935.64792796344
6.0,-77.0,220357.75683554367
6.0,-76.0,4951552.8756627925
6.0,-75.0,1025041.9254202868
6.0,-74.0,470944.6515100792
6.0,-73.0,990065.3322817867
6.0,-72.0,140080.64375235204
6.0,-71.0,11630.789569670273
6.0,-70.0,9261.761259154237
6.0,-69.0,1537.4529036343463
6.0,-68.0,126046.59481634694
6.0,-67.0,36674.72971100831
6.0,95.0,576433.004185773
6.0,96.0,26054.32412015608
6.0,100.0,1617457.7811104164
6.0,101.0,1130398.5219454318
6.0,102.0,2427448.275011462
6.0,121.0,1022567.2020454912
6.0,122.0,164025.68167711986
6.0,124.0,215073.33539355782
6.0,125.0,2299123.5869732453
6.0,126.0,228761.8354271516
7.0,-78.0,5906.125325900307
7.0,-77.0,90123.45223662906
7.0,-76.0,243401.17746782777
7.0,-75.0,353279.47662564315
7.0,-74.0,409658.6657179998
7.0,-73.0,1852949.4256049972
7.0,-72.0,193620.9403387586
7.0,-71.0,302380.69299258
7.0,-70.0,27650.9393941555
7.0,94.0,12527.439936706323
7.0,99.0,26806.92408448454
7.0,100.0,1585254.1339852964
7.0,101.0,1338769.7299084398
7.0,102.0,164763.64186014072
7.0,122.0,1577503.1956257878
7.0,123.0,197560.88670433752
7.0,124.0,1674521.0144243315
7.0,125.0,3881176.371695573
7.0,126.0,3048464.17214502
7.0,127.0,51503.43349716067
8.0,-77.0,459890.1764233935
8.0,-76.0,355953.97940771957
8.0,-75.0,464948.4948180152
8.0,-74.0,292386.52873484814
8.0,-73.0,1080468.6787614087
8.0,-72.0,1520419.374657665
8.0,77.0,2621299.6874753656
8.0,78.0,1031894.4168321354
8.0,93.0,4542.352025077933
8.0,94.0,3026.6242013003075
8.0,98.0,1075096.417393013
8.0,99.0,665029.5243139999
8.0,100.0,1400089.1136690408
8.0,117.0,57694.99254252949
8.0,122.0,268567.2695423577
8.0,123.0,1942299.7224501541
8.0,124.0,3285624.020666615
8.0,125.0,2409866.2710752087
8.0,126.0,1600988.670011078
8.0,127.0,53576.38286086172
9.0,-77.0,55896.95326889491
9.0,-76.0,1326309.3804852492
9.0,-75.0,1317574.9348045604
9.0,-74.0,558889.4621201211
9.0,-73.0,154057.41365304578
9.0,76.0,944431.1487669393
9.0,77.0,9494832.16460305
9.0,78.0,4707263.191490838
9.0,79.0,784495.1746470501
9.0,93.0,27994.148442748156
9.0,98.0,132743.07112069547
9.0,99.0,854856.4631384789
9.0,100.0,433885.0783782449
9.0,117.0,73534.89771256829
9.0,118.0,353269.4803463918
9.0,119.0,23291.96754777059
9.0,123.0,1160972.0498793484
9.0,124.0,363818.319347547
9.0,125.0,1241577.7045894624
9.0,126.0,1478850.896299759
10.0,-76.0,481599.5796111076
10.0,-75.0,1669269.6476367074
10.0,-74.0,296680.0183340815
10.0,-73.0,829244.3592103651
10.0,76.0,7898166.384005886
10.0,77.0,4480538.615803501
10.0,78.0,5846843.865034105
10.0,79.0,3980977.615770868
10.0,80.0,1141028.2123855832
10.0,98.0,6704.162245054489
10.0,99.0,767391.6618189064
10.0,100.0,82709.48175913918
10.0,118.0,9471.413833170278
10.0,119.0,417717.31729345385
10.0,120.0,13439.4956184529
10.0,122.0,175080.63606822077
10.0,123.0,2517951.9682652378
10.0,124.0,5360908.001992168
10.0,125.0,939875.7371802507
10.0,126.0,499034.08823112596
11.0,-75.0,2894832.7698310805
11.0,-74.0,1011371.5465017906
11.0,-73.0,409692.2583082078
11.0,-72.0,3160136.58413425
11.0,76.0,8069270.076848246
11.0,77.0,12210933.182683155
11.0,78.0,9404836.221679438
11.0,79.0,6623624.928182106
11.0,80.0,3001204.2193443216
11.0,92.0,18.29009956124444
11.0,93.0,20431.342859346725
11.0,99.0,362347.64957370603
11.0,100.0,35824.83399774134
11.0,119.0,115857.76168524721
11.0,120.0,100104.72842610229
11.0,122.0,1339258.1891816207
11.0,123.0,4564295.152309209
11.0,124.0,1583913.7274325492
11.0,125.0,1947718.1926081465
11.0,126.0,154880.59593627055
12.0,-73.0,200865.5376822814
12.0,-72.0,205724.3406796512
12.0,-71.0,36507.53333578259
12.0,75.0,2742201.8218428334
12.0,76.0,4364540.826714115
12.0,77.0,4343774.118883455
12.0,78.0,6849075.907581702
12.0,79.0,5024344.733890923
12.0,80.0,4029381.8250801116
12.0,93.0,268400.76943180885
12.0,99.0,486125.28290548205
12.0,100.0,249688.86116473807
12.0,102.0,132367.97320828564
12.0,103.0,238399.4348075399
12.0,120.0,126384.73903198191
12.0,121.0,314226.9587456947
12.0,122.0,874725.9085261411
12.0,123.0,609086.1833858702
12.0,124.0,902075.2972096769
12.0,125.0,1256330.441070251
12.0,126.0,13657.008271577008
13.0,75.0,7458021.725985929
13.0,76.0,4352310.751213087
13.0,77.0,6962081.325562358
13.0,78.0,13547497.796100032
13.0,79.0,5758425.4493574565
13.0,80.0,11487539.932241078
13.0,93.0,82686.75082493268
13.0,99.0,192298.08229224363
13.0,100.0,906185.3781115706
13.0,101.0,3255919.2723570345
13.0,102.0,856077.3534531789
13.0,103.0,1284515.7488153358
13.0,120.0,14932.568558280684
13.0,121.0,1133098.0224136612
13.0,122.0,420138.20693981077
13.0,123.0,1008956.7550811489
13.0,124.0,2314783.8994126627
13.0,125.0,237828.07969079318
14.0,74.0,214342.1349626371
14.0,75.0,3183943.005394317
14.0,76.0,3733524.9616611367
14.0,77.0,2946705.934980078
14.0,78.0,2735269.239758669
14.0,79.0,3008986.462428872
14.0,80.0,2986967.687434979
14.0,93.0,4400.448997915701
14.0,99.0,258762.7993569972
14.0,100.0,8608586.841691699
14.0,101.0,16407288.854476525
14.0,102.0,977347.7692916421
14.0,103.0,1308129.8218776952
14.0,104.0,610870.9184825298
14.0,105.0,274414.61830777896
14.0,120.0,106295.74703661693
14.0,121.0,14550657.9706603
14.0,122.0,1691025.0278765091
14.0,123.0,2138077.060189504
14.0,124.0,558358.1110495235
15.0,-93.0,174599.86578887512
15.0,-92.0,3956578.870617086
15.0,74.0,1536242.2574659819
15.0,75.0,3123816.0159839084
15.0,76.0,2993508.6381297233
15.0,77.0,2490845.7756259143
15.0,78.0,2811803.929940957
15.0,79.0,1878714.8670631952
15.0,80.0,1883257.0353999306
15.0,98.0,371515.6286710773
15.0,99.0,123274.53841329663
15.0,100.0,1386647.6818536636
15.0,101.0,1751948.6974975057
15.0,102.0,1789371.5899627777
15.0,103.0,1248404.9467577892
15.0,104.0,1203783.3762126525
15.0,105.0,1437302.5481071244
15.0,106.0,792066.381130287
15.0,120.0,1277084.7001636862
15.0,121.0,25139612.020785786
15.0,122.0,250546.0288373498
16.0,-99.0,7778.036718205278
16.0,-98.0,220095.23950846726
16.0,-97.0,389249.78524751577
16.0,-96.0,215325.799458384
16.0,-95.0,380972.1631262623
16.0,-94.0,221343.59435573022
16.0,-93.0,424216.7752990463
16.0,-92.0,1262481.167879472
16.0,-91.0,677574.6294489591
16.0,-90.0,778406.7372527126
16.0,73.0,216431.7555836913
16.0,74.0,3363524.2809330667
16.0,75.0,4410552.998063175
16.0,76.0,2589390.745139393
16.0,77.0,2783416.8883405244
16.0,78.0,2749184.365091976
16.0,79.0,971619.5981109701
16.0,80.0,4643879.062620409
16.0,81.0,3956263.194872909
16.0,82.0,611771.9861241868
16.0,99.0,305268.6684055469
16.0,100.0,1442829.0321392687
16.0,101.0,752825.5647767116
16.0,102.0,863435.1265682006
16.0,103.0,1926986.2610299517
16.0,104.0,1324813.5189505345
16.0,105.0,1024698.7984787544
16.0,106.0,465037.52699940617
16.0,120.0,3089233.9790991675
16.0,121.0,4136611.8018495496
16.0,122.0,298817.1355317888
17.0,-101.0,71242.8647741358
17.0,-100.0,1038754.0627906916
17.0,-99.0,626114.6000064838
17.0,-98.0,565000.9653225106
17.0,-97.0,1291774.2449563097
17.0,-96.0,275975.24435072707
17.0,-95.0,286574.8691115369
17.0,-94.0,196617.97704702127
17.0,-93.0,2151521.8170892727
17.0,-92.0,910276.982281633
17.0,-91.0,204696.33911395643
17.0,73.0,896952.79680483
17.0,74.0,5913954.364481032
17.0,75.0,6011636.739538174
17.0,76.0,3209021.2734397165
17.0,77.0,2698311.4165789736
17.0,78.0,8540249.858859971
17.0,79.0,6867484.380912702
17.0,80.0,4521894.066777875
17.0,81.0,4982780.787366841
17.0,82.0,6751545.32120043
17.0,83.0,438250.2767295925
17.0,98.0,1242116.7477429947
17.0,99.0,601610.2432947129
17.0,100.0,1597694.456095241
17.0,101.0,563305.9221352333
17.0,102.0,927979.3704601168
17.0,103.0,1280588.6069314019
17.0,104.0,929140.5813793374
17.0,105.0,1187726.6813656979
17.0,120.0,837873.416611083
17.0,121.0,1231560.2069895403
17.0,122.0,1860496.2819693107
17.0,123.0,1032.621309577365
18.0,-104.0,2403.3038497833995
18.0,-103.0,23901.62411125676
18.0,-102.0,362489.6894211825
18.0,-101.0,235662.9320833279
18.0,-100.0,650091.5762908963
18.0,-99.0,710269.6803161425
18.0,-98.0,399879.8835668235
18.0,-97.0,907115.7936611285
18.0,-96.0,733381.2243127536
18.0,-95.0,1076130.8274980246
18.0,-94.0,682675.0321360133
18.0,-93.0,2136945.5479096603
18.0,-92.0,298180.9670372294
18.0,-91.0,114926.71162624657
18.0,-90.0,7767.670964639956
18.0,-89.0,129768.91265701369
18.0,-88.0,145190.2273605008
18.0,73.0,1464036.4521037913
18.0,74.0,6780372.975145653
18.0,75.0,6775173.712337889
18.0,76.0,4798054.013354867
18.0,77.0,3234957.3238571226
18.0,78.0,4929610.200353935
18.0,79.0,5587317.00767811
18.0,80.0,3522646.3800418163
18.0,81.0,1544757.19553968
18.0,82.0,1119472.0146452768
18.0,83.0,5204630.060538118
18.0,84.0,1585701.9490147694
18.0,97.0,965738.8878540306
18.0,98.0,202440.88094822306
18.0,99.0,655485.318058471
18.0,100.0,765061.3650917301
18.0,101.0,274695.34011759574
18.0,102.0,598270.0676122508
18.0,103.0,1811142.4060359243
18.0,104.0,728049.4429062374
18.0,105.0,283144.4553308303
18.0,120.0,368560.99898632034
18.0,121.0,1132785.002691426
18.0,122.0,1121454.7136445655
19.0,-111.0,100.33808284820844
19.0,-105.0,69854.05520830723
19.0,-104.0,819849.9599746093
19.0,-103.0,168766.5108232635
19.0,-102.0,886340.5112462349
19.0,-101.0,240818.87938930013
19.0,-100.0,3521280.705696673
19.0,-99.0,17378559.52940617
19.0,-98.0,5431869.408253668
19.0,-97.0,2336926.1219701786
19.0,-96.0,1296049.5093642338
19.0,-95.0,65747.85074419127
19.0,-93.0,41113.60777596038
19.0,-92.0,203748.33465255256
19.0,-91.0,158010.3444100211
19.0,-90.0,41439.25539515715
19.0,-89.0,50804.928727553415
19.0,-88.0,218149.45018083722
19.0,-87.0,94.228804975765
19.0,73.0,13005333.640171405
19.0,74.0,11239045.371284354
19.0,75.0,6078174.926217757
19.0,76.0,3566160.4969878076
19.0,77.0,3868286.076299737
19.0,78.0,3144806.0145557094
19.0,79.0,3925374.9703685064
19.0,80.0,1415109.2391699369
19.0,81.0,719720.1316155768
19.0,82.0,1941146.5386538464
19.0,83.0,2057574.6890077002
19.0,84.0,2021582.0451805117
19.0,85.0,1883849.7629608575
19.0,97.0,334843.7100274379
19.0,98.0,142028.69464179425
19.0,99.0,1562557.9033252548
19.0,100.0,498877.71831666975
19.0,101.0,385081.7302709549
19.0,121.0,141742.67801740754
19.0,122.0,15904.264537002988
20.0,-106.0,2813.434614993581
20.0,-105.0,93090.21767684881
20.0,-104.0,526702.4409516376
20.0,-103.0,1308451.4518235307
20.0,-102.0,1627138.3962380518
20.0,-101.0,2424522.6741787624
20.0,-100.0,2077511.425087885
20.0,-99.0,10292908.111766178
20.0,-98.0,1714191.517597478
20.0,-97.0,1996141.305455998
20.0,-96.0,22262.14041134652
20.0,-91.0,219052.61133163777
20.0,-90.0,321999.19222537824
20.0,-89.0,246754.77974087774
20.0,-88.0,90932.4862797383
20.0,-87.0,105912.05193607384
20.0,73.0,5321363.017825751
20.0,74.0,10397260.57553555
20.0,75.0,6753068.446625646
20.0,76.0,3954114.7692353427
20.0,77.0,2325137.745946997
20.0,78.0,2089808.505682387
20.0,79.0,2769095.5255610715
20.0,80.0,1577058.7274598842
20.0,81.0,1361273.0949964556
20.0,82.0,1860190.2754098393
20.0,83.0,2951844.427986545
20.0,84.0,1083934.5870274073
20.0,85.0,3057165.6840735166
20.0,86.0,7012473.52950796
20.0,87.0,526095.7504726254
20.0,98.0,142745.60595959047
20.0,99.0,458582.5514140808
20.0,100.0,1290368.6867992342
20.0,101.0,385565.18528038805
20.0,122.0,17322.442143323395
21.0,-105.0,934263.636310782
21.0,-104.0,482767.27122606424
21.0,-103.0,5544055.8887436725
21.0,-102.0,2752332.7699211314
21.0,-101.0,2790507.224398682
21.0,-100.0,2191121.8191208504
21.0,-99.0,812854.7286417114
21.0,-98.0,964869.6839502372
21.0,-97.0,475674.65277259983
21.0,-90.0,1504459.5520075338
21.0,-89.0,358112.6025634167
21.0,-88.0,304530.15281292977
21.0,-87.0,1414142.9462479067
21.0,70.0,2121381.140279166
21.0,71.0,3070237.838007368
21.0,72.0,1432977.8833313333
21.0,73.0,7446356.21177699
21.0,74.0,3933746.4292800506
21.0,75.0,4215814.085628856
21.0,76.0,3397888.8775263918
21.0,77.0,2785457.431070748
21.0,78.0,3014778.8048434164
21.0,79.0,6658277.08835626
21.0,80.0,3801492.4225060586
21.0,81.0,4757375.676563274
21.0,82.0,4889388.797049958
21.0,83.0,2917452.7515414613
21.0,84.0,3311857.8141726158
21.0,85.0,3362531.5943765678
21.0,86.0,4604072.942958562
21.0,87.0,2628440.454205048
21.0,122.0,3391.0593206904973
22.0,-107.0,2311.349286747205
22.0,-106.0,13490.15536947337
22.0,-105.0,567442.2338249974
22.0,-104.0,77908.15798736193
22.0,-103.0,265264.5655401202
22.0,-102.0,1777133.6225590827
22.0,-101.0,1650909.511102525
22.0,-100.0,282011.0890873697
22.0,-99.0,474241.6010715415
22.0,-98.0,1070182.897916874
22.0,-97.0,1064.4504738565877
22.0,-89.0,1.5963937547057867
22.0,-88.0,7501.2695546766245
22.0,-87.0,2498.4847476106675
22.0,25.0,809.1734446901247
22.0,26.0,149.10900364889636
22.0,27.0,28.963782146573067
22.0,29.0,62.46532180289296
22.0,30.0,145.8401929308876
22.0,31.0,34827.76713447184
22.0,32.0,10177.124304217825
22.0,33.0,601.8123999731622
22.0,35.0,1366.8714695204897
22.0,36.0,7249.588031254551
22.0,37.0,11122.457242808676
22.0,69.0,867391.6520960757
22.0,70.0,5418964.775952296
22.0,71.0,5745654.573022713
22.0,72.0,3077107.2183755133
22.0,73.0,6651133.1013805065
22.0,74.0,3208245.426215506
22.0,75.0,3850833.655922654
22.0,76.0,3294620.0796882864
22.0,77.0,1522815.9022320989
22.0,78.0,2431788.1967229024
22.0,79.0,2738488.021057781
22.0,80.0,3573323.906050446
22.0,81.0,1946082.1956471591
22.0,82.0,4898888.604984119
22.0,83.0,4615340.9461508095
22.0,84.0,3785210.2921745325
22.0,85.0,3787437.4433883913
22.0,86.0,3349264.4976869887
22.0,87.0,6925599.159915319
22.0,88.0,14891410.369185764
22.0,89.0,2962676.874522686
22.0,93.0,257024.24654657376
23.0,-110.0,373313.52097085014
23.0,-109.0,1324.349600665719
23.0,-107.0,2213.2625633088624
23.0,-106.0,663792.1344885675
23.0,-105.0,59242.7372750464
23.0,-104.0,79254.29680337096
23.0,-103.0,719827.3275837859
23.0,-102.0,320180.4634800827
23.0,-101.0,121216.9780853234
23.0,-100.0,82233.35913830483
23.0,-99.0,219336.37508084113
23.0,-98.0,87136.69529124135
23.0,25.0,29.299242198499993
23.0,31.0,12.010429931748192
23.0,32.0,20.87713978907469
23.0,35.0,552.3124621500741
23.0,36.0,13992.35329352305
23.0,68.0,15.52091267895242
23.0,69.0,1071388.2699941518
23.0,70.0,3212917.854042479
23.0,71.0,2974568.6695148195
23.0,72.0,3874652.7176985564
23.0,73.0,10994366.217221115
23.0,74.0,5421199.285242043
23.0,75.0,4821913.487598315
23.0,76.0,7961389.518468655
23.0,77.0,5709421.601530347
23.0,78.0,2669111.0953245717
23.0,79.0,2102056.813180568
23.0,80.0,4082860.7326368107
23.0,81.0,2073571.6041695075
23.0,82.0,3151274.9106772845
23.0,83.0,2721011.7078834013
23.0,84.0,1634286.8269256463
23.0,85.0,5882403.590461376
23.0,86.0,6739674.508429989
23.0,87.0,7366108.102352776
23.0,88.0,27182826.65034305
23.0,89.0,14107545.483316045
23.0,91.0,16070924.458896507
23.0,92.0,5178281.424872248
23.0,93.0,502736.23076588614
24.0,-112.0,248.60714692091665
24.0,-111.0,3337.123793425227
24.0,-110.0,301103.76532678754
24.0,-109.0,287.78240028582513
24.0,-108.0,1402.2318939889228
24.0,-107.0,169865.03297211463
24.0,-106.0,46671.5932110854
24.0,-105.0,754208.8638744556
24.0,-104.0,215486.63989071318
24.0,-103.0,185538.32256733047
24.0,-102.0,16210.818367524555
24.0,-101.0,154075.14413909544
24.0,-100.0,68863.69652791986
24.0,-99.0,431743.1587888712
24.0,-98.0,38359.30855948565
24.0,25.0,16.450355969668944
24.0,30.0,61.92752785401106
24.0,31.0,913.5835008013041
24.0,32.0,7.89988771510251e-05
24.0,33.0,1003872.5726926542
24.0,34.0,0.13878403801285719
24.0,35.0,1175.5810309261194
24.0,36.0,35.51572218142926
24.0,68.0,731658.4820618619
24.0,69.0,431857.64649436483
24.0,70.0,281632.93374990055
24.0,71.0,749941.0015415871
24.0,72.0,5563614.044775616
24.0,73.0,4179982.7528038532
24.0,74.0,4088990.710780435
24.0,75.0,3595160.348481601
24.0,76.0,2642823.5839781896
24.0,77.0,2758779.110294694
24.0,78.0,2524011.089308661
24.0,79.0,2623425.6158068506
24.0,80.0,2295995.491825645
24.0,81.0,3456887.842782325
24.0,82.0,3368668.6175544257
24.0,83.0,4696999.79759701
24.0,84.0,4243562.486950795
24.0,85.0,5859024.408124965
24.0,86.0,10432655.472961351
24.0,87.0,10385175.187472131
24.0,88.0,11365514.145449659
24.0,89.0,13889608.5107686
24.0,91.0,21060338.294126336
24.0,92.0,3996722.0760294846
24.0,93.0,820357.0950362758
24.0,94.0,775695.5614664607
25.0,-112.0,70425.08898436363
25.0,-111.0,4237.397655480063
25.0,-109.0,10021.629131041402
25.0,-108.0,391160.9228409289
25.0,-107.0,981855.109258106
25.0,-106.0,32409.923768062105
25.0,-105.0,116257.44877843696
25.0,-104.0,96580.25637706727
25.0,-103.0,121836.65510614496
25.0,-102.0,52736.370270153166
25.0,-101.0,996636.0973529343
25.0,-100.0,314776.3263954683
25.0,-99.0,30885.53881668522
25.0,-98.0,60505.246530484495
25.0,-97.0,1395.884324078881
25.0,25.0,20.40737795084715
25.0,29.0,39157.608898916325
25.0,30.0,1.775599845365469
25.0,31.0,130055.84169439708
25.0,32.0,23161.119773512124
25.0,33.0,1386611.8674010825
25.0,34.0,17.54991066943167
25.0,35.0,7090.99134304153
25.0,71.0,1326660.4075382035
25.0,72.0,2817909.88219321
25.0,73.0,2430179.4097945443
25.0,74.0,3942941.6156756077
25.0,75.0,2900951.9903548043
25.0,76.0,3491703.2500813752
25.0,77.0,1810832.970549435
25.0,78.0,3398029.9707748564
25.0,79.0,5520285.513557013
25.0,80.0,3880576.9633031227
25.0,81.0,6487723.643040052
25.0,82.0,11739044.75100514
25.0,83.0,14869401.321050733
25.0,84.0,9395574.960120082
25.0,85.0,13936725.226532158
25.0,86.0,11643074.857467242
25.0,87.0,9893252.038835187
25.0,88.0,10762802.874068137
25.0,89.0,12682138.934440143
25.0,90.0,11480883.598501489
25.0,91.0,6322132.355036386
25.0,92.0,8286792.58361911
25.0,93.0,2253689.556525788
25.0,94.0,2688445.058392699
25.0,95.0,280606.3398242651
26.0,-113.0,129.40918516860256
26.0,-112.0,5192.8846834661235
26.0,-111.0,17907.985765530615
26.0,-109.0,712943.8808127386
26.0,-108.0,257663.9997636512
26.0,-107.0,64366.117042384845
26.0,-106.0,19637.64942102103
26.0,-105.0,23565.14638738967
26.0,-104.0,303964.05281605263
26.0,-103.0,1261570.1545712068
26.0,-102.0,8134.031445394461
26.0,-101.0,444897.7062454432
26.0,-100.0,5327851.223910212
26.0,-99.0,160035.3680640029
26.0,-98.0,2435505.767509359
26.0,-97.0,366988.017064308
26.0,28.0,66.42927154635106
26.0,29.0,86944.03142575163
26.0,31.0,6241.635342575175
26.0,32.0,4917731.722019458
26.0,33.0,2938593.646727712
26.0,34.0,60955.67900515782
26.0,35.0,2353.9941696179026
26.0,70.0,331171.19404705154
26.0,71.0,1006617.6745676057
26.0,72.0,1648527.1403620846
26.0,73.0,3695334.687945755
26.0,74.0,3385771.397636901
26.0,75.0,2831227.6035783575
26.0,76.0,2720600.3349951394
26.0,77.0,1594571.4717517372
26.0,78.0,4134595.0456113657
26.0,79.0,4204176.058866572
26.0,80.0,8777036.789074149
26.0,81.0,8472971.432656825
26.0,82.0,14806334.061472015
26.0,83.0,17483370.97506696
26.0,84.0,17793803.091276243
26.0,85.0,26594659.713915013
26.0,86.0,20249674.44696607
26.0,87.0,16709424.8270105
26.0,88.0,14929739.732830586
26.0,89.0,13709895.135957055
26.0,90.0,7322277.305298846
26.0,91.0,5314691.415808433
26.0,92.0,5748164.958757732
26.0,93.0,3623996.2593163513
26.0,94.0,3257302.789487754
26.0,95.0,439922.630219766
27.0,-115.0,49.37309300590513
27.0,-114.0,3150.4880621147213
27.0,-113.0,6496.0096255713925
27.0,-112.0,24223.324194307563
27.0,-111.0,226.80072399429446
27.0,-110.0,520800.0313161759
27.0,-109.0,201528.47626627135
27.0,-108.0,73457.23474500988
27.0,-107.0,59687.05018103693
27.0,-106.0,163880.77942606283
27.0,-105.0,58669.17396017547
27.0,-104.0,8584.011796089486
27.0,-103.0,8408.549418785728
27.0,-102.0,52216.27560039467
27.0,-101.0,380394.0886647776
27.0,-100.0,382149.3873352014
27.0,-99.0,153010.42192504788
27.0,25.0,0.5663718730750239
27.0,28.0,43891.387069456054
27.0,31.0,6170385.152489431
27.0,32.0,2796307.134696119
27.0,33.0,195.61671930893
27.0,34.0,311428.5315755472
27.0,69.0,1366174.5529133785
27.0,70.0,37786.649361197604
27.0,71.0,453427.1044456591
27.0,72.0,1045231.4423965665
27.0,73.0,1929824.9962866935
27.0,74.0,2714246.1277520005
27.0,75.0,4442697.905354651
27.0,76.0,9036460.795773951
27.0,77.0,4226285.45586216
27.0,78.0,12470014.225471355
27.0,79.0,8733049.06132831
27.0,80.0,7174662.777710022
27.0,81.0,16004355.5571471
27.0,82.0,11550131.497802205
27.0,83.0,14499325.839965872
27.0,84.0,11727898.014000349
27.0,85.0,10579317.147684185
27.0,86.0,6537563.511215998
27.0,87.0,3134334.076310516
27.0,88.0,5584067.516195845
27.0,89.0,4418957.183933124
27.0,90.0,1252626.648168739
27.0,91.0,1681723.707909532
27.0,92.0,2946953.752171317
27.0,93.0,2445411.467536023
27.0,94.0,4499820.018635571
27.0,95.0,4399983.093410146
27.0,96.0,655462.8982656363
27.0,97.0,64216.907282416185
28.0,-115.0,5308.166021057657
28.0,-114.0,19544.322322550197
28.0,-113.0,14251.204175712506
28.0,-112.0,487.73278024663375
28.0,-111.0,214144.7209030629
28.0,-110.0,161262.68055584084
28.0,-109.0,19197.128694066007
28.0,-108.0,49586.95320342323
28.0,-107.0,189906.62398193212
28.0,-106.0,58417.80389624966
28.0,-105.0,276153.0955880569
28.0,-104.0,3948.4283793619397
28.0,-103.0,979.2108422201709
28.0,-102.0,42959.45983689956
28.0,-101.0,222967.97787359776
28.0,-100.0,118067.98862298913
28.0,-99.0,131022.49952250406
28.0,28.0,1.299981556712737e-05
28.0,29.0,50281.579066090635
28.0,31.0,6280331.924164894
28.0,32.0,16.544442264570613
28.0,33.0,51252.43580968011
28.0,34.0,71322.57740011105
28.0,35.0,32893.370574086686
28.0,70.0,3960070.8190226825
28.0,71.0,129616.95160734747
28.0,72.0,291656.33539238723
28.0,73.0,2048320.0292195869
28.0,74.0,1890861.780387431
28.0,75.0,4663142.801391376
28.0,76.0,6278927.56682752
28.0,77.0,11928262.366191337
28.0,78.0,12484366.682445701
28.0,79.0,8312544.27171549
28.0,80.0,6221852.901363867
28.0,81.0,5909434.802692479
28.0,82.0,4489541.773098283
28.0,83.0,2842664.7826602734
28.0,88.0,34069.469535542274
28.0,89.0,45133.354695525835
28.0,92.0,74546.89405379914
28.0,93.0,32662.90373843911
28.0,94.0,209732.98659511597
28.0,95.0,1184739.0115827452
28.0,96.0,976842.5852466644
28.0,97.0,22336.362795663525
29.0,-118.0,33.579582060726345
29.0,-115.0,153.17860447093173
29.0,-114.0,4197.338505687568
29.0,-113.0,581.3942431039211
29.0,-112.0,32423.60932704375
29.0,-111.0,968023.6279764664
29.0,-110.0,15532.819854889642
29.0,-109.0,8919.198186252277
29.0,-108.0,40658.407322955754
29.0,-107.0,90927.5192587934
29.0,-106.0,1036233.4004398929
29.0,-105.0,6299.071647166659
29.0,-104.0,3404.280751105688
29.0,-103.0,1354.3680435469068
29.0,-102.0,3041.268239158868
29.0,-101.0,430616.04360108566
29.0,-100.0,78115.53478388656
29.0,25.0,2157.1831887326002
29.0,26.0,38088.43637274965
29.0,27.0,6.399909761967137e-05
29.0,29.0,0.008258883215603783
29.0,30.0,75211.34545578448
29.0,31.0,10746662.13193967
29.0,32.0,2649.740551134721
29.0,33.0,31940.152475220617
29.0,34.0,7679.057723156758
29.0,35.0,89409.0876045933
29.0,72.0,1954717.3409833177
29.0,73.0,2297401.962311664
29.0,74.0,1642125.691434701
29.0,75.0,2429785.2924283138
29.0,76.0,5891642.8489627
29.0,77.0,38364009.97142479
29.0,78.0,13903778.307520924
29.0,79.0,10159307.63082787
29.0,80.0,4257865.049573281
29.0,81.0,1798372.4026030921
29.0,93.0,45271.92183897293
29.0,94.0,41041.3212137719
29.0,95.0,45875.92717216323
29.0,96.0,10563.218956804441
29.0,97.0,33367.6677566522
30.0,-116.0,22834.49315272083
30.0,-115.0,1764.1380850289588
30.0,-114.0,806.8245722666989
30.0,-113.0,3452.849653860099
30.0,-112.0,2834.5454084180014
30.0,-111.0,18486.13200483114
30.0,-110.0,39036.64166034497
30.0,-109.0,10154.286243584
30.0,-108.0,98017.47834630938
30.0,-107.0,26213.82865397844
30.0,-106.0,3066.286205492129
30.0,-105.0,1701.6720568871979
30.0,-104.0,32544.774937214617
30.0,-103.0,1087.842848229047
30.0,-102.0,1036.541521028188
30.0,-101.0,1041.8351685535272
30.0,25.0,4161.819006698879
30.0,30.0,83186.19935942911
30.0,31.0,32662609.862066187
30.0,32.0,1661635.4385383306
30.0,33.0,757278.078561098
30.0,34.0,10060.032750999657
30.0,35.0,282308.46751896525
30.0,73.0,6956695.287979099
30.0,74.0,4720912.561026914
30.0,75.0,5708296.135988715
30.0,76.0,6155787.602040659
30.0,77.0,7935151.754691469
30.0,78.0,8554720.731103037
30.0,79.0,1987171.9899285685
30.0,80.0,1429503.616335408
30.0,81.0,390939.30246788915
31.0,-117.0,150.59977610377962
31.0,-116.0,119788.67349643614
31.0,-115.0,36981.62284087722
31.0,-114.0,58582.627423201215
31.0,-113.0,21379.80515892213
31.0,-112.0,97495.2689628491
31.0,-111.0,399523.9944040549
31.0,-110.0,210666.587382549
31.0,-109.0,7972.349424213375
31.0,-108.0,27221.255844848176
31.0,-107.0,12778.685489574766
31.0,-106.0,22186.725829269963
31.0,-105.0,2309.42785232835
31.0,25.0,1818.0045201669227
31.0,26.0,10251.668512914004
31.0,27.0,301614.48187669896
31.0,28.0,55140.96948880418
31.0,29.0,129578.15468481558
31.0,30.0,11598619.648955967
31.0,31.0,23129401.808830574
31.0,32.0,12227221.015406836
31.0,33.0,127936.69283925582
31.0,34.0,1798065.159674653
31.0,35.0,1026762.4996411589
31.0,74.0,14383896.43768191
31.0,75.0,5617821.547844107
31.0,76.0,9210201.420472112
31.0,77.0,6301108.645384551
31.0,78.0,973198.8568068715
31.0,79.0,128364.28729974816
31.0,80.0,45621.86086537236
32.0,-117.0,1625118.8491853247
32.0,-116.0,18978.462945655003
32.0,-115.0,304844.1673663967
32.0,-114.0,5004.592052813399
32.0,-113.0,18852.321871403736
32.0,-112.0,7899.542063849678
32.0,-108.0,35263.26377886887
32.0,-107.0,562936.3163769043
32.0,-106.0,2124859.979623909
32.0,25.0,66355.70346835956
32.0,26.0,63260.7026432212
32.0,31.0,308037.32036118984
32.0,32.0,47079.84471086413
32.0,75.0,8874019.234457878
32.0,76.0,4806687.862868221
32.0,77.0,1967788.0327010166
32.0,78.0,99622.46247382776
32.0,79.0,6172.312956498541
33.0,-117.0,4855258.761087997
33.0,-116.0,355491.8220588346
33.0,-115.0,1053709.004421473
33.0,74.0,7398088.409524969
33.0,75.0,5747282.542852494
33.0,76.0,956868.4389565233
33.0,77.0,23291.365752732258
33.0,78.0,2860.8484902522537
33.0,79.0,4176.266138570125
34.0,74.0,4802111.50096231
34.0,75.0,5138826.272425644
34.0,76.0,85704.72149356427
34.0,77.0,55367.220211038264
34.0,78.0,184397.57055731985
34.0,79.0,6910.4119239243955
35.0,74.0,579234.9437791045
35.0,75.0,147876.08484418434
35.0,76.0,308274.0460119152
35.0,77.0,52191.29505435149
35.0,78.0,20119.14334455991
35.0,79.0,3486.895839675006
