country,quarter,PRITHVI_HEAT_ANOM,PRITHVI_HEAT_STD
BRA,1981-01-01,0.2791195,0.35114938
BRA,1981-04-01,-1.0414295,-1.310182
BRA,1981-07-01,-1.0975704,-1.3808106
BRA,1981-10-01,0.39504623,0.4969923
BRA,1982-01-01,-0.0040569305,-0.0051038666
BRA,1982-04-01,-1.0467046,-1.3168184
BRA,1982-07-01,-0.57688206,-0.7257529
BRA,1982-10-01,0.65564793,0.82484514
BRA,1983-01-01,0.7769788,0.9774868
BRA,1983-04-01,-0.32848677,-0.41325644
BRA,1983-07-01,-0.5120875,-0.6442374
BRA,1983-10-01,0.19769414,0.2487113
BRA,1984-01-01,0.32077536,0.403555
BRA,1984-04-01,-1.0706431,-1.3469344
BRA,1984-07-01,-1.1159185,-1.4038937
BRA,1984-10-01,0.48683167,0.61246395
BRA,1985-01-01,-0.0047416687,-0.0059653088
BRA,1985-04-01,-1.3963083,-1.7566411
BRA,1985-07-01,-1.1100687,-1.3965342
BRA,1985-10-01,0.22331047,0.2809382
BRA,1986-01-01,-0.033648174,-0.04233146
BRA,1986-04-01,-0.8470128,-1.0655938
BRA,1986-07-01,-1.0028667,-1.2616676
BRA,1986-10-01,0.3277181,0.4122894
BRA,1987-01-01,0.43942514,0.55282366
BRA,1987-04-01,-0.6864624,-0.86361164
BRA,1987-07-01,-0.11787224,-0.14829047
BRA,1987-10-01,1.1767044,1.480366
BRA,1988-01-01,0.6843281,0.8609265
BRA,1988-04-01,-1.075889,-1.3535341
BRA,1988-07-01,-0.6896617,-0.86763656
BRA,1988-10-01,0.36459222,0.4586793
BRA,1989-01-01,-0.07666334,-0.09644716
BRA,1989-04-01,-1.2555612,-1.5795728
BRA,1989-07-01,-0.98933667,-1.244646
BRA,1989-10-01,0.31479773,0.39603478
BRA,1990-01-01,0.41716638,0.5248208
BRA,1990-04-01,-0.7184105,-0.9038043
BRA,1990-07-01,-1.1346003,-1.4273965
BRA,1990-10-01,1.0690536,1.3449348
BRA,1991-01-01,0.29228845,0.36771673
BRA,1991-04-01,-0.8088582,-1.017593
BRA,1991-07-01,-0.9155814,-1.1518574
BRA,1991-10-01,0.7002385,0.8809428
BRA,1992-01-01,0.23480988,0.29540518
BRA,1992-04-01,-0.31895575,-0.40126583
BRA,1992-07-01,-1.2016449,-1.5117427
BRA,1992-10-01,0.3309002,0.41629267
BRA,1993-01-01,0.23741786,0.29868618
BRA,1993-04-01,-0.6513672,-0.81945974
BRA,1993-07-01,-0.7157542,-0.9004625
BRA,1993-10-01,0.8849481,1.1133188
BRA,1994-01-01,0.2528108,0.31805143
BRA,1994-04-01,-0.8539696,-1.074346
BRA,1994-07-01,-0.575875,-0.72448593
BRA,1994-10-01,1.0345637,1.3015443
BRA,1995-01-01,0.5554263,0.6987602
BRA,1995-04-01,-1.0038198,-1.2628666
BRA,1995-07-01,0.018936157,0.023822842
BRA,1995-10-01,0.60385066,0.75968105
BRA,1996-01-01,0.37309837,0.46938056
BRA,1996-04-01,-1.1564426,-1.4548755
BRA,1996-07-01,-0.62314224,-0.78395104
BRA,1996-10-01,0.655543,0.8247132
BRA,1997-01-01,0.034193676,0.043017734
BRA,1997-04-01,-1.0826187,-1.3620005
BRA,1997-07-01,-0.023450851,-0.029502604
BRA,1997-10-01,1.5839081,1.9926531
BRA,1998-01-01,1.4352449,1.8056258
BRA,1998-04-01,-0.07879003,-0.09912267
BRA,1998-07-01,0.2759253,0.3471309
BRA,1998-10-01,0.80567676,1.0135906
BRA,1999-01-01,0.3904635,0.49122694
BRA,1999-04-01,-1.0425549,-1.3115977
BRA,1999-07-01,-0.43950018,-0.5529181
BRA,1999-10-01,0.4622148,0.58149445
BRA,2000-01-01,0.020750046,0.026104825
BRA,2000-04-01,-0.85953265,-1.0813446
BRA,2000-07-01,-0.96458244,-1.2135036
BRA,2000-10-01,0.7294528,0.9176962
BRA,2001-01-01,0.3327465,0.41861543
BRA,2001-04-01,-0.7869625,-0.9900469
BRA,2001-07-01,-0.24448459,-0.30757654
BRA,2001-10-01,0.92967796,1.1695917
BRA,2002-01-01,0.5653159,0.71120197
BRA,2002-04-01,-0.21060944,-0.26495954
BRA,2002-07-01,0.022117615,0.02782531
BRA,2002-10-01,1.4621855,1.8395187
BRA,2003-01-01,0.7564106,0.95161074
BRA,2003-04-01,-0.5186164,-0.6524511
BRA,2003-07-01,-0.40007654,-0.50332075
BRA,2003-10-01,1.1089617,1.3951416
BRA,2004-01-01,0.32561365,0.40964186
BRA,2004-04-01,-0.7140611,-0.8983325
BRA,2004-07-01,-0.33050475,-0.41579518
BRA,2004-10-01,1.1514791,1.448631
BRA,2005-01-01,0.87292224,1.0981895
BRA,2005-04-01,-0.11275736,-0.14185566
BRA,2005-07-01,-0.09830984,-0.12367978
BRA,2005-10-01,1.0713342,1.347804
BRA,2006-01-01,0.7502651,0.94387937
BRA,2006-04-01,-1.0147095,-1.2765665
BRA,2006-07-01,0.044871014,0.056450475
BRA,2006-10-01,1.0355377,1.3027698
BRA,2007-01-01,0.904815,1.1383126
BRA,2007-04-01,-0.45607123,-0.57376546
BRA,2007-07-01,-0.0352637,-0.044363886
BRA,2007-10-01,1.176712,1.4803756
BRA,2008-01-01,0.1669286,0.21000639
BRA,2008-04-01,-1.07978,-1.3584292
BRA,2008-07-01,0.008268992,0.010402897
BRA,2008-10-01,1.0916742,1.3733928
BRA,2009-01-01,0.5363102,0.674711
BRA,2009-04-01,-0.92153674,-1.1593496
BRA,2009-07-01,0.095527016,0.12017882
BRA,2009-10-01,1.3731016,1.7274457
BRA,2010-01-01,1.3592275,1.7099913
BRA,2010-04-01,-0.17814064,-0.22411181
BRA,2010-07-01,0.12541898,0.15778473
BRA,2010-10-01,1.0419508,1.3108377
BRA,2011-01-01,0.35934004,0.45207173
BRA,2011-04-01,-0.6416664,-0.80725557
BRA,2011-07-01,0.15335083,0.19292471
BRA,2011-10-01,0.73283386,0.9219498
BRA,2012-01-01,0.37670517,0.4739181
BRA,2012-04-01,-0.29028,-0.36519
BRA,2012-07-01,0.12304751,0.15480128
BRA,2012-10-01,1.5318661,1.9271811
BRA,2013-01-01,0.8447278,1.0627192
BRA,2013-04-01,-0.3038527,-0.38226527
BRA,2013-07-01,-0.25771713,-0.3242239
BRA,2013-10-01,0.9819476,1.2353501
BRA,2014-01-01,0.66278964,0.8338299
BRA,2014-04-01,-0.36699423,-0.46170115
BRA,2014-07-01,0.2108504,0.2652627
BRA,2014-10-01,1.2451311,1.5664511
BRA,2015-01-01,0.81523323,1.0256132
BRA,2015-04-01,-0.23085022,-0.2904237
BRA,2015-07-01,0.85939026,1.0811654
BRA,2015-10-01,2.3365536,2.9395273
BRA,2016-01-01,1.4814543,1.86376
BRA,2016-04-01,0.04764493,0.059940234
BRA,2016-07-01,0.3515129,0.4422247
BRA,2016-10-01,1.3850111,1.7424285
BRA,2017-01-01,0.82092476,1.0327735
BRA,2017-04-01,-0.028461456,-0.03580625
BRA,2017-07-01,0.40884528,0.5143523
BRA,2017-10-01,1.3760605,1.7311682
BRA,2018-01-01,0.7101803,0.8934502
BRA,2018-04-01,-0.54519206,-0.68588495
BRA,2018-07-01,0.09179624,0.11548528
BRA,2018-10-01,1.1703491,1.4723707
BRA,2019-01-01,1.1045138,1.3895458
BRA,2019-04-01,0.22699611,0.28557497
BRA,2019-07-01,0.3997167,0.50286806
BRA,2019-10-01,1.4619356,1.8392043
BRA,2020-01-01,0.9513772,1.1968907
BRA,2020-04-01,-0.6540044,-0.8227775
BRA,2020-07-01,0.19382031,0.24383779
BRA,2020-10-01,1.3249931,1.6669223
BRA,2021-01-01,0.4743805,0.5967997
BRA,2021-04-01,-0.63961726,-0.8046776
BRA,2021-07-01,0.16170311,0.2034324
BRA,2021-10-01,0.9440613,1.1876868
BRA,2022-01-01,0.54438657,0.68487155
BRA,2022-04-01,-0.858057,-1.0794882
BRA,2022-07-01,-0.07821846,-0.0984036
BRA,2022-10-01,0.6000366,0.75488275
BRA,2023-01-01,0.3330555,0.41900417
BRA,2023-04-01,-0.5079625,-0.6390479
BRA,2023-07-01,0.8901965,1.1199216
BRA,2023-10-01,2.4991474,3.1440802
BRA,2024-01-01,1.4946684,1.8803841
BRA,2024-04-01,0.35246786,0.4434261
BRA,2024-07-01,0.642917,0.80882883
BRA,2024-10-01,1.7110506,2.1526062
CHL,1981-01-01,3.473409,1.2250077
CHL,1981-04-01,-1.502914,-0.53005016
CHL,1981-07-01,-3.2928696,-1.1613348
CHL,1981-10-01,1.3862143,0.48889235
CHL,1982-01-01,3.5100546,1.2379318
CHL,1982-04-01,-1.7999111,-0.63479567
CHL,1982-07-01,-3.030651,-1.068855
CHL,1982-10-01,1.5387439,0.54268676
CHL,1983-01-01,4.316805,1.522458
CHL,1983-04-01,-1.8789696,-0.6626781
CHL,1983-07-01,-3.7442634,-1.320533
CHL,1983-10-01,1.9451909,0.6860331
CHL,1984-01-01,3.2400525,1.1427071
CHL,1984-04-01,-3.1345036,-1.105482
CHL,1984-07-01,-4.0053267,-1.4126053
CHL,1984-10-01,1.7061571,0.6017303
CHL,1985-01-01,3.500492,1.2345593
CHL,1985-04-01,-1.7251902,-0.6084429
CHL,1985-07-01,-3.309777,-1.1672976
CHL,1985-10-01,1.6377091,0.57759
CHL,1986-01-01,2.9005353,1.0229657
CHL,1986-04-01,-2.3404627,-0.82543826
CHL,1986-07-01,-3.3910408,-1.1959579
CHL,1986-10-01,1.4706793,0.5186816
CHL,1987-01-01,3.946407,1.3918254
CHL,1987-04-01,-1.7216601,-0.60719794
CHL,1987-07-01,-3.5928924,-1.2671473
CHL,1987-10-01,1.8745518,0.66112
CHL,1988-01-01,3.7825072,1.3340209
CHL,1988-04-01,-1.7523485,-0.6180212
CHL,1988-07-01,-3.6746025,-1.295965
CHL,1988-10-01,1.1022047,0.38872737
CHL,1989-01-01,3.6674287,1.2934349
CHL,1989-04-01,-1.7663797,-0.62296975
CHL,1989-07-01,-3.6567688,-1.2896752
CHL,1989-10-01,1.6554657,0.5838524
CHL,1990-01-01,3.7696378,1.3294821
CHL,1990-04-01,-2.1266258,-0.7500219
CHL,1990-07-01,-3.249358,-1.145989
CHL,1990-10-01,1.16856,0.4121297
CHL,1991-01-01,3.5217807,1.2420675
CHL,1991-04-01,-1.82937,-0.64518523
CHL,1991-07-01,-3.7067566,-1.3073051
CHL,1991-10-01,0.6277137,0.2213831
CHL,1992-01-01,3.7844226,1.3346964
CHL,1992-04-01,-2.8532474,-1.006288
CHL,1992-07-01,-4.0491533,-1.4280621
CHL,1992-10-01,1.4219445,0.50149375
CHL,1993-01-01,3.8115237,1.3442545
CHL,1993-04-01,-2.1609275,-0.76211953
CHL,1993-07-01,-3.1045377,-1.0949135
CHL,1993-10-01,1.646417,0.58066106
CHL,1994-01-01,3.8114507,1.3442287
CHL,1994-04-01,-1.4689331,-0.51806575
CHL,1994-07-01,-3.1329165,-1.1049222
CHL,1994-10-01,1.7280973,0.6094682
CHL,1995-01-01,3.5740862,1.2605146
CHL,1995-04-01,-1.302576,-0.45939463
CHL,1995-07-01,-4.197432,-1.4803573
CHL,1995-10-01,1.8735625,0.66077113
CHL,1996-01-01,3.0825243,1.0871497
CHL,1996-04-01,-1.892398,-0.66741407
CHL,1996-07-01,-2.8522835,-1.0059481
CHL,1996-10-01,1.4875582,0.5246345
CHL,1997-01-01,3.5685093,1.2585478
CHL,1997-04-01,-1.4830428,-0.523042
CHL,1997-07-01,-2.996234,-1.0567168
CHL,1997-10-01,1.4730062,0.5195023
CHL,1998-01-01,4.6229773,1.6304393
CHL,1998-04-01,-0.609968,-0.21512453
CHL,1998-07-01,-2.8778288,-1.0149574
CHL,1998-10-01,1.8266569,0.6442284
CHL,1999-01-01,3.691141,1.3017977
CHL,1999-04-01,-1.7881898,-0.6306617
CHL,1999-07-01,-3.1887243,-1.1246046
CHL,1999-10-01,1.8758005,0.6615604
CHL,2000-01-01,3.1700346,1.118013
CHL,2000-04-01,-1.9110209,-0.673982
CHL,2000-07-01,-4.0804048,-1.4390839
CHL,2000-10-01,1.2217537,0.4308901
CHL,2001-01-01,3.1986325,1.128099
CHL,2001-04-01,-2.0467298,-0.7218441
CHL,2001-07-01,-3.408168,-1.2019984
CHL,2001-10-01,1.7748989,0.6259743
CHL,2002-01-01,3.469148,1.2235048
CHL,2002-04-01,-2.7116137,-0.9563364
CHL,2002-07-01,-3.3373775,-1.1770319
CHL,2002-10-01,1.3333358,0.47024307
CHL,2003-01-01,3.8573027,1.3603998
CHL,2003-04-01,-1.1146506,-0.39311683
CHL,2003-07-01,-2.6419919,-0.93178207
CHL,2003-10-01,1.3975538,0.49289158
CHL,2004-01-01,4.5976233,1.6214974
CHL,2004-04-01,-1.286529,-0.45373517
CHL,2004-07-01,-3.0528724,-1.0766921
CHL,2004-10-01,1.8354511,0.6473299
CHL,2005-01-01,4.05295,1.429401
CHL,2005-04-01,-2.2490754,-0.79320765
CHL,2005-07-01,-3.1886988,-1.1245955
CHL,2005-10-01,1.5063726,0.53126997
CHL,2006-01-01,4.0453067,1.4267055
CHL,2006-04-01,-1.2866325,-0.4537717
CHL,2006-07-01,-2.7652156,-0.9752408
CHL,2006-10-01,1.5557991,0.5487018
CHL,2007-01-01,3.7395236,1.3188614
CHL,2007-04-01,-2.2111883,-0.77984554
CHL,2007-07-01,-3.960207,-1.3966924
CHL,2007-10-01,1.1617446,0.40972602
CHL,2008-01-01,4.4798255,1.5799522
CHL,2008-04-01,-2.2012403,-0.7763371
CHL,2008-07-01,-3.3016841,-1.1644435
CHL,2008-10-01,2.103358,0.7418158
CHL,2009-01-01,3.951937,1.3937757
CHL,2009-04-01,-1.1497945,-0.4055114
CHL,2009-07-01,-3.4115925,-1.2032061
CHL,2009-10-01,0.77635497,0.27380615
CHL,2010-01-01,3.859147,1.3610504
CHL,2010-04-01,-1.8345475,-0.6470113
CHL,2010-07-01,-3.7563076,-1.3247808
CHL,2010-10-01,0.98853236,0.34863722
CHL,2011-01-01,3.6273546,1.2793014
CHL,2011-04-01,-1.6572951,-0.5844976
CHL,2011-07-01,-3.611028,-1.2735434
CHL,2011-10-01,1.8799862,0.66303664
CHL,2012-01-01,4.0400095,1.4248372
CHL,2012-04-01,-1.8317767,-0.64603406
CHL,2012-07-01,-2.7529097,-0.9709007
CHL,2012-10-01,1.5151863,0.5343784
CHL,2013-01-01,4.4510317,1.5697973
CHL,2013-04-01,-1.0509977,-0.37066764
CHL,2013-07-01,-3.3799374,-1.1920419
CHL,2013-10-01,1.6521238,0.5826738
CHL,2014-01-01,3.3200843,1.1709329
CHL,2014-04-01,-1.7744528,-0.62581694
CHL,2014-07-01,-2.5701885,-0.9064584
CHL,2014-10-01,1.6917776,0.59665895
CHL,2015-01-01,4.3186765,1.523118
CHL,2015-04-01,-0.72045517,-0.25409132
CHL,2015-07-01,-3.029322,-1.0683863
CHL,2015-10-01,1.4541484,0.5128515
CHL,2016-01-01,4.8685594,1.7170516
CHL,2016-04-01,-1.4219384,-0.5014916
CHL,2016-07-01,-2.2668667,-0.7994823
CHL,2016-10-01,2.2484186,0.79297596
CHL,2017-01-01,4.4560895,1.571581
CHL,2017-04-01,-1.7168773,-0.6055111
CHL,2017-07-01,-2.709895,-0.9557302
CHL,2017-10-01,1.6355861,0.57684124
CHL,2018-01-01,3.987239,1.406226
CHL,2018-04-01,-1.6752671,-0.590836
CHL,2018-07-01,-3.0739546,-1.0841274
CHL,2018-10-01,1.8747429,0.6611874
CHL,2019-01-01,4.041152,1.4252402
CHL,2019-04-01,-1.074165,-0.3788383
CHL,2019-07-01,-2.611745,-0.9211146
CHL,2019-10-01,2.0193155,0.71217555
CHL,2020-01-01,4.7044163,1.6591613
CHL,2020-04-01,-0.7490754,-0.26418516
CHL,2020-07-01,-3.4546127,-1.2183785
CHL,2020-10-01,1.9860643,0.70044845
CHL,2021-01-01,4.1375413,1.459235
CHL,2021-04-01,-1.0255961,-0.36170894
CHL,2021-07-01,-2.5208962,-0.88907385
CHL,2021-10-01,2.157748,0.76099813
CHL,2022-01-01,3.71234,1.3092743
CHL,2022-04-01,-2.1577432,-0.76099646
CHL,2022-07-01,-3.5938604,-1.2674886
CHL,2022-10-01,2.1139865,0.7455643
CHL,2023-01-01,4.1245127,1.4546399
CHL,2023-04-01,-0.7715087,-0.27209696
CHL,2023-07-01,-2.6923892,-0.9495563
CHL,2023-10-01,1.5073423,0.531612
CHL,2024-01-01,4.85673,1.7128795
CHL,2024-04-01,-2.352101,-0.82954293
CHL,2024-07-01,-3.088878,-1.0893906
CHL,2024-10-01,2.2497578,0.79344827
COL,1981-01-01,0.628135,0.9990636
COL,1981-04-01,-0.18181928,-0.28918785
COL,1981-07-01,-0.6453597,-1.0264599
COL,1981-10-01,-0.08291944,-0.13188533
COL,1982-01-01,0.26185927,0.41649336
COL,1982-04-01,-0.29004034,-0.46131605
COL,1982-07-01,-0.3560524,-0.56630975
COL,1982-10-01,-0.22453181,-0.35712317
COL,1983-01-01,1.1692854,1.8597761
COL,1983-04-01,0.38442612,0.6114389
COL,1983-07-01,-0.29369482,-0.46712857
COL,1983-10-01,-0.5008278,-0.79657847
COL,1984-01-01,-0.34395662,-0.54707116
COL,1984-04-01,-0.47064337,-0.7485694
COL,1984-07-01,-1.0589561,-1.6842948
COL,1984-10-01,-0.47613335,-0.7573014
COL,1985-01-01,0.62768936,0.9983548
COL,1985-04-01,-0.6046098,-0.9616462
COL,1985-07-01,-1.0189432,-1.6206533
COL,1985-10-01,-0.4715309,-0.7499811
COL,1986-01-01,-0.13815816,-0.21974382
COL,1986-04-01,-0.49715233,-0.79073256
COL,1986-07-01,-0.7755992,-1.2336088
COL,1986-10-01,-0.3353437,-0.5333721
COL,1987-01-01,0.55069095,0.875887
COL,1987-04-01,0.1003952,0.15968095
COL,1987-07-01,-0.04875819,-0.07755106
COL,1987-10-01,0.21130562,0.3360866
COL,1988-01-01,1.1043307,1.7564641
COL,1988-04-01,-0.19337337,-0.3075649
COL,1988-07-01,-0.76495427,-1.2166779
COL,1988-10-01,-0.31689835,-0.50403434
COL,1989-01-01,-0.47616005,-0.7573438
COL,1989-04-01,-0.6256161,-0.99505717
COL,1989-07-01,-0.6950982,-1.1055702
COL,1989-10-01,-0.031142553,-0.04953297
COL,1990-01-01,0.21457481,0.34128633
COL,1990-04-01,-0.20048968,-0.3188836
COL,1990-07-01,-0.5065651,-0.80570376
COL,1990-10-01,-0.16622734,-0.26438853
COL,1991-01-01,0.9042346,1.4382066
COL,1991-04-01,-0.028174082,-0.044811543
COL,1991-07-01,-0.6001403,-0.95453733
COL,1991-10-01,-0.16589801,-0.26386473
COL,1992-01-01,0.92649966,1.4736197
COL,1992-04-01,0.16592662,0.26391023
COL,1992-07-01,-0.81150055,-1.2907108
COL,1992-10-01,-0.14134662,-0.22481515
COL,1993-01-01,0.023399353,0.037217226
COL,1993-04-01,-0.108289085,-0.17223635
COL,1993-07-01,-0.5544154,-0.88181084
COL,1993-10-01,-0.14353307,-0.22829273
COL,1994-01-01,0.28258005,0.44945025
COL,1994-04-01,-0.3123188,-0.49675044
COL,1994-07-01,-0.6623599,-1.0534991
COL,1994-10-01,-0.051992416,-0.08269517
COL,1995-01-01,0.9621188,1.5302727
COL,1995-04-01,-0.053020477,-0.08433033
COL,1995-07-01,-0.35718408,-0.56810975
COL,1995-10-01,-0.22369449,-0.3557914
COL,1996-01-01,0.05470848,0.08701514
COL,1996-04-01,-0.57001686,-0.90662533
COL,1996-07-01,-0.65490466,-1.0416414
COL,1996-10-01,-0.3504683,-0.5574281
COL,1997-01-01,0.25463867,0.40500885
COL,1997-04-01,-0.16338158,-0.25986227
COL,1997-07-01,0.015817642,0.025158335
COL,1997-10-01,0.55381393,0.8808542
COL,1998-01-01,1.5184937,2.4152002
COL,1998-04-01,0.28168297,0.44802344
COL,1998-07-01,-0.22796822,-0.36258885
COL,1998-10-01,-0.028764725,-0.045750976
COL,1999-01-01,-0.17878596,-0.2843633
COL,1999-04-01,-0.6410243,-1.0195643
COL,1999-07-01,-0.8058364,-1.2817018
COL,1999-10-01,-0.34602484,-0.5503607
COL,2000-01-01,0.19009018,0.30234292
COL,2000-04-01,-0.48322996,-0.7685887
COL,2000-07-01,-0.6544488,-1.0409163
COL,2000-10-01,-0.23133405,-0.36794227
COL,2001-01-01,0.15326118,0.24376555
COL,2001-04-01,-0.2422479,-0.38530102
COL,2001-07-01,-0.43954468,-0.6991062
COL,2001-10-01,0.16042455,0.25515905
COL,2002-01-01,0.7821376,1.2440083
COL,2002-04-01,-0.10993004,-0.17484634
COL,2002-07-01,-0.20325024,-0.3232743
COL,2002-10-01,0.1582597,0.2517158
COL,2003-01-01,1.1617025,1.8477154
COL,2003-04-01,-0.08402506,-0.13364385
COL,2003-07-01,-0.46244684,-0.73553264
COL,2003-10-01,0.031942368,0.05080509
COL,2004-01-01,0.9950778,1.5826948
COL,2004-04-01,-0.037712097,-0.059981983
COL,2004-07-01,-0.39489555,-0.62809074
COL,2004-10-01,0.28119215,0.44724277
COL,2005-01-01,1.0727934,1.7063032
COL,2005-04-01,0.3911349,0.6221093
COL,2005-07-01,0.0351607,0.055923928
COL,2005-10-01,0.20755768,0.3301254
COL,2006-01-01,0.4593544,0.73061407
COL,2006-04-01,-0.04090945,-0.06506745
COL,2006-07-01,0.08839289,0.14059098
COL,2006-10-01,0.4207128,0.6691537
COL,2007-01-01,1.5194181,2.4166706
COL,2007-04-01,-0.06708018,-0.10669261
COL,2007-07-01,-0.14432018,-0.22954465
COL,2007-10-01,0.06823095,0.108522944
COL,2008-01-01,0.5843385,0.9294042
COL,2008-04-01,-0.03071785,-0.04885747
COL,2008-07-01,-0.124668755,-0.1982886
COL,2008-10-01,0.20987956,0.3338184
COL,2009-01-01,0.37071356,0.5896287
COL,2009-04-01,0.17681186,0.28122345
COL,2009-07-01,0.30776978,0.48951513
COL,2009-10-01,0.9171435,1.4587384
COL,2010-01-01,1.7976087,2.8591392
COL,2010-04-01,0.6898308,1.0971922
COL,2010-07-01,0.036311466,0.05775425
COL,2010-10-01,0.25949416,0.4127316
COL,2011-01-01,0.60262364,0.95848715
COL,2011-04-01,0.1360817,0.21644115
COL,2011-07-01,0.15778287,0.2509574
COL,2011-10-01,0.2805214,0.44617593
COL,2012-01-01,0.48817253,0.77645
COL,2012-04-01,0.109547295,0.17423756
COL,2012-07-01,-0.066527046,-0.10581284
COL,2012-10-01,0.6628761,1.0543202
COL,2013-01-01,1.0397421,1.6537344
COL,2013-04-01,0.44524702,0.70817596
COL,2013-07-01,-0.11212412,-0.17833607
COL,2013-10-01,0.47113037,0.749344
COL,2014-01-01,1.1340643,1.8037561
COL,2014-04-01,0.4862194,0.7733435
COL,2014-07-01,0.18403435,0.292711
COL,2014-10-01,0.60815555,0.9672858
COL,2015-01-01,0.9224923,1.4672459
COL,2015-04-01,0.59734917,0.950098
COL,2015-07-01,0.79448384,1.2636454
COL,2015-10-01,1.0317078,1.6409557
COL,2016-01-01,2.2906468,3.643328
COL,2016-04-01,0.69352025,1.1030604
COL,2016-07-01,0.26973724,0.42902347
COL,2016-10-01,0.605367,0.9628506
COL,2017-01-01,0.9136543,1.4531889
COL,2017-04-01,0.66994923,1.0655701
COL,2017-07-01,0.49995932,0.7951971
COL,2017-10-01,0.7560692,1.202546
COL,2018-01-01,1.1437315,1.819132
COL,2018-04-01,-0.0035216014,-0.0056011905
COL,2018-07-01,0.25579834,0.40685332
COL,2018-10-01,0.69277763,1.1018792
COL,2019-01-01,1.3753592,2.1875412
COL,2019-04-01,0.73058194,1.1620079
COL,2019-07-01,0.53897667,0.85725516
COL,2019-10-01,0.58247375,0.92643833
COL,2020-01-01,1.9688429,3.1314912
COL,2020-04-01,0.87801105,1.3964974
COL,2020-07-01,0.35580635,0.56591845
COL,2020-10-01,0.5471713,0.8702889
COL,2021-01-01,0.9382737,1.4923466
COL,2021-04-01,0.22260793,0.35406318
COL,2021-07-01,0.14033318,0.22320324
COL,2021-10-01,0.75863457,1.2066263
COL,2022-01-01,0.8678169,1.3802834
COL,2022-04-01,0.052743275,0.083889425
COL,2022-07-01,0.14061356,0.22364919
COL,2022-10-01,0.3795948,0.6037545
COL,2023-01-01,0.7175255,1.1412413
COL,2023-04-01,0.8385932,1.3338023
COL,2023-07-01,1.2711353,2.021771
COL,2023-10-01,1.5466493,2.4599824
COL,2024-01-01,2.2558033,3.5879087
COL,2024-04-01,1.3332729,2.1206021
COL,2024-07-01,1.0898272,1.7333959
COL,2024-10-01,1.1620337,1.848242
EGY,1981-01-01,-8.423524,-1.4508299
EGY,1981-04-01,3.708168,0.6386782
EGY,1981-07-01,5.797905,0.9986051
EGY,1981-10-01,-4.2190423,-0.72666883
EGY,1982-01-01,-8.472625,-1.4592868
EGY,1982-04-01,3.0770905,0.52998424
EGY,1982-07-01,5.815209,1.0015854
EGY,1982-10-01,-4.7319016,-0.8150014
EGY,1983-01-01,-9.727668,-1.6754497
EGY,1983-04-01,2.9736683,0.51217127
EGY,1983-07-01,5.8492293,1.007445
EGY,1983-10-01,-4.1968627,-0.7228487
EGY,1984-01-01,-7.3982315,-1.2742381
EGY,1984-04-01,3.5697918,0.61484486
EGY,1984-07-01,5.540402,0.9542539
EGY,1984-10-01,-4.041617,-0.6961099
EGY,1985-01-01,-6.494659,-1.1186109
EGY,1985-04-01,4.110995,0.70805925
EGY,1985-07-01,5.657139,0.9743601
EGY,1985-10-01,-4.070166,-0.7010271
EGY,1986-01-01,-6.5949516,-1.1358848
EGY,1986-04-01,2.867466,0.49387944
EGY,1986-07-01,6.769604,1.1659662
EGY,1986-10-01,-5.0638547,-0.8721755
EGY,1987-01-01,-7.249558,-1.2486312
EGY,1987-04-01,2.689191,0.46317416
EGY,1987-07-01,6.70747,1.1552644
EGY,1987-10-01,-4.10768,-0.7074883
EGY,1988-01-01,-7.2309113,-1.2454196
EGY,1988-04-01,4.935177,0.85001266
EGY,1988-07-01,7.211887,1.2421429
EGY,1988-10-01,-4.960833,-0.85443157
EGY,1989-01-01,-9.061889,-1.5607789
EGY,1989-04-01,4.7052617,0.8104131
EGY,1989-07-01,6.798633,1.1709659
EGY,1989-10-01,-4.1629615,-0.7170097
EGY,1990-01-01,-8.09154,-1.3936505
EGY,1990-04-01,3.6231396,0.6240333
EGY,1990-07-01,5.678299,0.97800463
EGY,1990-10-01,-2.0241196,-0.34862524
EGY,1991-01-01,-6.899325,-1.1883087
EGY,1991-04-01,4.6257324,0.7967153
EGY,1991-07-01,5.884358,1.0134953
EGY,1991-10-01,-4.3540034,-0.74991393
EGY,1992-01-01,-9.123009,-1.571306
EGY,1992-04-01,3.4342854,0.5915059
EGY,1992-07-01,6.0254498,1.0377964
EGY,1992-10-01,-3.8602307,-0.6648688
EGY,1993-01-01,-8.549294,-1.472492
EGY,1993-04-01,3.7089546,0.6388136
EGY,1993-07-01,6.773957,1.1667159
EGY,1993-10-01,-1.8375155,-0.3164854
EGY,1994-01-01,-7.276188,-1.2532178
EGY,1994-04-01,3.825531,0.6588922
EGY,1994-07-01,7.0773168,1.2189652
EGY,1994-10-01,-3.7366078,-0.6435765
EGY,1995-01-01,-7.293574,-1.2562124
EGY,1995-04-01,3.8945382,0.67077774
EGY,1995-07-01,7.605827,1.3099934
EGY,1995-10-01,-4.280632,-0.7372768
EGY,1996-01-01,-6.780414,-1.167828
EGY,1996-04-01,3.7730312,0.6498499
EGY,1996-07-01,7.281658,1.25416
EGY,1996-10-01,-3.4990404,-0.602659
EGY,1997-01-01,-7.99514,-1.377047
EGY,1997-04-01,3.6691647,0.6319604
EGY,1997-07-01,6.804028,1.1718951
EGY,1997-10-01,-3.512165,-0.6049195
EGY,1998-01-01,-7.740381,-1.3331684
EGY,1998-04-01,4.449449,0.7663531
EGY,1998-07-01,7.966104,1.3720459
EGY,1998-10-01,-2.8775032,-0.49560818
EGY,1999-01-01,-6.5219417,-1.1233099
EGY,1999-04-01,3.616483,0.6228867
EGY,1999-07-01,7.666307,1.3204103
EGY,1999-10-01,-2.735254,-0.47110784
EGY,2000-01-01,-8.313779,-1.4319278
EGY,2000-04-01,3.8333886,0.6602456
EGY,2000-07-01,6.956995,1.1982415
EGY,2000-10-01,-3.691266,-0.63576704
EGY,2001-01-01,-6.2408223,-1.0748911
EGY,2001-04-01,3.895789,0.67099315
EGY,2001-07-01,7.679001,1.3225965
EGY,2001-10-01,-3.7724047,-0.649742
EGY,2002-01-01,-6.8346267,-1.1771654
EGY,2002-04-01,3.5335286,0.60859907
EGY,2002-07-01,8.301419,1.4297991
EGY,2002-10-01,-2.834627,-0.48822337
EGY,2003-01-01,-7.607708,-1.3103174
EGY,2003-04-01,4.507132,0.77628815
EGY,2003-07-01,7.1791673,1.2365074
EGY,2003-10-01,-2.8249915,-0.4865638
EGY,2004-01-01,-6.5616174,-1.1301434
EGY,2004-04-01,4.032861,0.6946019
EGY,2004-07-01,6.7392383,1.1607361
EGY,2004-10-01,-2.901613,-0.49976075
EGY,2005-01-01,-6.4972587,-1.1190586
EGY,2005-04-01,3.701234,0.6374839
EGY,2005-07-01,7.5604606,1.3021797
EGY,2005-10-01,-3.25947,-0.5613964
EGY,2006-01-01,-6.0673013,-1.0450046
EGY,2006-04-01,3.8337448,0.66030693
EGY,2006-07-01,7.562943,1.3026073
EGY,2006-10-01,-4.0977035,-0.70577
EGY,2007-01-01,-6.871874,-1.1835806
EGY,2007-04-01,4.391859,0.756434
EGY,2007-07-01,7.0609193,1.216141
EGY,2007-10-01,-2.8668082,-0.49376613
EGY,2008-01-01,-6.915897,-1.191163
EGY,2008-04-01,4.7305546,0.81476945
EGY,2008-07-01,7.7321167,1.331745
EGY,2008-10-01,-2.599391,-0.4477074
EGY,2009-01-01,-6.572178,-1.1319623
EGY,2009-04-01,4.0922475,0.7048303
EGY,2009-07-01,7.408943,1.276083
EGY,2009-10-01,-2.564113,-0.44163126
EGY,2010-01-01,-4.057827,-0.69890183
EGY,2010-04-01,4.977661,0.85732996
EGY,2010-07-01,8.314239,1.4320071
EGY,2010-10-01,-1.0432949,-0.17969242
EGY,2011-01-01,-6.3356895,-1.0912306
EGY,2011-04-01,3.412526,0.5877581
EGY,2011-07-01,7.2776203,1.2534646
EGY,2011-10-01,-4.222407,-0.7272484
EGY,2012-01-01,-7.9629593,-1.3715043
EGY,2012-04-01,5.095637,0.87764955
EGY,2012-07-01,7.610337,1.3107702
EGY,2012-10-01,-2.1749554,-0.37460452
EGY,2013-01-01,-5.477337,-0.94339186
EGY,2013-04-01,4.47159,0.7701665
EGY,2013-07-01,6.91577,1.1911411
EGY,2013-10-01,-3.1882524,-0.54913026
EGY,2014-01-01,-5.7264075,-0.98629063
EGY,2014-04-01,4.6871276,0.8072898
EGY,2014-07-01,7.915251,1.3632872
EGY,2014-10-01,-2.8768148,-0.49548963
EGY,2015-01-01,-6.5209565,-1.1231402
EGY,2015-04-01,3.4038684,0.586267
EGY,2015-07-01,8.775376,1.5114313
EGY,2015-10-01,-2.6999369,-0.46502498
EGY,2016-01-01,-5.9417653,-1.0233829
EGY,2016-04-01,5.9652534,1.0274284
EGY,2016-07-01,7.4500446,1.2831621
EGY,2016-10-01,-2.9822657,-0.513652
EGY,2017-01-01,-7.587255,-1.3067946
EGY,2017-04-01,4.5792594,0.788711
EGY,2017-07-01,7.842443,1.3507471
EGY,2017-10-01,-3.2227879,-0.55507845
EGY,2018-01-01,-4.835612,-0.832864
EGY,2018-04-01,5.656095,0.97418034
EGY,2018-07-01,8.00831,1.3793154
EGY,2018-10-01,-2.8892004,-0.49762288
EGY,2019-01-01,-7.745338,-1.3340222
EGY,2019-04-01,4.822642,0.8306301
EGY,2019-07-01,7.9344487,1.3665937
EGY,2019-10-01,-2.0143979,-0.34695083
EGY,2020-01-01,-7.4992175,-1.2916315
EGY,2020-04-01,3.8767319,0.66771084
EGY,2020-07-01,8.025395,1.3822579
EGY,2020-10-01,-2.197569,-0.37849936
EGY,2021-01-01,-6.2513156,-1.0766984
EGY,2021-04-01,4.8217273,0.8304726
EGY,2021-07-01,8.039526,1.3846917
EGY,2021-10-01,-2.547862,-0.43883228
EGY,2022-01-01,-8.678111,-1.4946787
EGY,2022-04-01,4.972594,0.8564572
EGY,2022-07-01,7.8345685,1.3493909
EGY,2022-10-01,-2.7559364,-0.47467008
EGY,2023-01-01,-6.659921,-1.1470748
EGY,2023-04-01,4.2832603,0.7377295
EGY,2023-07-01,8.622649,1.4851263
EGY,2023-10-01,-1.3111356,-0.2258241
EGY,2024-01-01,-6.084623,-1.047988
EGY,2024-04-01,5.786028,0.9965594
EGY,2024-07-01,9.292205,1.6004475
EGY,2024-10-01,-3.258598,-0.5612463
IDN,1981-01-01,-0.31060982,-0.6885609
IDN,1981-04-01,-0.05439059,-0.120573245
IDN,1981-07-01,-0.39092955,-0.866614
IDN,1981-10-01,-0.25906754,-0.5743018
IDN,1982-01-01,-0.44420815,-0.98472214
IDN,1982-04-01,-0.15243721,-0.33792332
IDN,1982-07-01,-0.4761734,-1.0555828
IDN,1982-10-01,0.03657786,0.08108593
IDN,1983-01-01,0.2898973,0.6426453
IDN,1983-04-01,0.2448527,0.5427903
IDN,1983-07-01,-0.29010963,-0.643116
IDN,1983-10-01,-0.16252773,-0.36029202
IDN,1984-01-01,-0.6019535,-1.3344126
IDN,1984-04-01,-0.31220946,-0.69210696
IDN,1984-07-01,-0.7401193,-1.6406989
IDN,1984-10-01,-0.33371797,-0.73978716
IDN,1985-01-01,-0.25445428,-0.5640751
IDN,1985-04-01,-0.17926471,-0.39739463
IDN,1985-07-01,-0.89085644,-1.9748536
IDN,1985-10-01,-0.37841606,-0.83887404
IDN,1986-01-01,-0.57384235,-1.2720957
IDN,1986-04-01,-0.1083959,-0.2402924
IDN,1986-07-01,-0.37718263,-0.83613974
IDN,1986-10-01,-0.2673378,-0.59263533
IDN,1987-01-01,-0.37246513,-0.825682
IDN,1987-04-01,0.1839854,0.40785944
IDN,1987-07-01,-0.10920715,-0.24209079
IDN,1987-10-01,0.23966472,0.5312896
IDN,1988-01-01,0.07027181,0.1557788
IDN,1988-04-01,0.2802353,0.62122655
IDN,1988-07-01,-0.34683928,-0.76887447
IDN,1988-10-01,-0.21232224,-0.47067666
IDN,1989-01-01,-0.44544348,-0.9874606
IDN,1989-04-01,-0.17507999,-0.3881179
IDN,1989-07-01,-0.48852858,-1.0829718
IDN,1989-10-01,-0.26376662,-0.58471876
IDN,1990-01-01,-0.23717308,-0.5257661
IDN,1990-04-01,0.10293897,0.22819546
IDN,1990-07-01,-0.47072792,-1.0435113
IDN,1990-10-01,-0.075276054,-0.16687222
IDN,1991-01-01,-0.17325084,-0.38406307
IDN,1991-04-01,-0.18900807,-0.41899374
IDN,1991-07-01,-0.24149068,-0.5353373
IDN,1991-10-01,-0.4098072,-0.908462
IDN,1992-01-01,-0.24325116,-0.53924
IDN,1992-04-01,-0.09867414,-0.21874118
IDN,1992-07-01,-0.5080128,-1.1261644
IDN,1992-10-01,-0.30318007,-0.6720906
IDN,1993-01-01,-0.3085607,-0.68401843
IDN,1993-04-01,0.03681183,0.081604585
IDN,1993-07-01,-0.3793869,-0.8410262
IDN,1993-10-01,0.082548775,0.18299441
IDN,1994-01-01,-0.22253609,-0.49331877
IDN,1994-04-01,-0.086736046,-0.19227676
IDN,1994-07-01,-0.36712202,-0.81383735
IDN,1994-10-01,0.13106728,0.29055038
IDN,1995-01-01,-0.14312553,-0.3172812
IDN,1995-04-01,0.26210403,0.5810331
IDN,1995-07-01,-0.26454735,-0.58644944
IDN,1995-10-01,0.029013315,0.06431682
IDN,1996-01-01,-0.15224648,-0.3375005
IDN,1996-04-01,0.21428935,0.47503737
IDN,1996-07-01,-0.115600586,-0.25626376
IDN,1996-10-01,-0.017900467,-0.039681815
IDN,1997-01-01,-0.048533123,-0.107588395
IDN,1997-04-01,0.25400224,0.56307304
IDN,1997-07-01,0.036888123,0.08177371
IDN,1997-10-01,0.476511,1.0563312
IDN,1998-01-01,0.9167544,2.0322642
IDN,1998-04-01,1.0112934,2.2418387
IDN,1998-07-01,0.15123177,0.3352511
IDN,1998-10-01,0.2951037,0.6541869
IDN,1999-01-01,0.036532085,0.08098445
IDN,1999-04-01,0.12758891,0.28283954
IDN,1999-07-01,-0.36736807,-0.8143828
IDN,1999-10-01,-0.037682217,-0.08353407
IDN,2000-01-01,-0.08677419,-0.19236133
IDN,2000-04-01,0.031274796,0.069330074
IDN,2000-07-01,-0.24022166,-0.5325242
IDN,2000-10-01,0.18602435,0.4123794
IDN,2001-01-01,0.0007305145,0.0016194071
IDN,2001-04-01,0.19768207,0.4382223
IDN,2001-07-01,-0.06372261,-0.1412605
IDN,2001-10-01,0.15978687,0.35421607
IDN,2002-01-01,0.08449682,0.18731284
IDN,2002-04-01,0.33802223,0.74932885
IDN,2002-07-01,-0.0037841797,-0.008388783
IDN,2002-10-01,0.48593965,1.0772327
IDN,2003-01-01,0.16401355,0.3635858
IDN,2003-04-01,0.5063197,1.1224113
IDN,2003-07-01,-0.13139153,-0.29126918
IDN,2003-10-01,0.21950467,0.4865987
IDN,2004-01-01,0.26744142,0.59286505
IDN,2004-04-01,0.4287974,0.9505595
IDN,2004-07-01,-0.2856318,-0.63318956
IDN,2004-10-01,0.3406836,0.7552286
IDN,2005-01-01,0.38369116,0.8505679
IDN,2005-04-01,0.39915085,0.88483894
IDN,2005-07-01,0.101234436,0.22441684
IDN,2005-10-01,0.1615467,0.35811728
IDN,2006-01-01,0.24624443,0.5458755
IDN,2006-04-01,0.15606244,0.34595975
IDN,2006-07-01,-0.05933253,-0.13152856
IDN,2006-10-01,0.6345622,1.4066997
IDN,2007-01-01,0.35629782,0.78984225
IDN,2007-04-01,0.4804554,1.0650752
IDN,2007-07-01,-0.15689404,-0.34780324
IDN,2007-10-01,0.31330553,0.69453675
IDN,2008-01-01,0.14662997,0.32504982
IDN,2008-04-01,0.0927887,0.2056943
IDN,2008-07-01,-0.22683398,-0.50284636
IDN,2008-10-01,0.27010092,0.59876066
IDN,2009-01-01,0.15076892,0.33422506
IDN,2009-04-01,0.6331565,1.4035834
IDN,2009-07-01,0.40397707,0.89553773
IDN,2009-10-01,0.5631364,1.2483627
IDN,2010-01-01,0.6712411,1.4880096
IDN,2010-04-01,0.97645634,2.1646118
IDN,2010-07-01,0.24952061,0.55313814
IDN,2010-10-01,0.3762652,0.83410597
IDN,2011-01-01,0.16473007,0.36517417
IDN,2011-04-01,0.38545418,0.85447615
IDN,2011-07-01,0.018870672,0.04183257
IDN,2011-10-01,0.41677538,0.92390907
IDN,2012-01-01,0.30043665,0.666009
IDN,2012-04-01,0.43505606,0.9644337
IDN,2012-07-01,0.017315546,0.03838516
IDN,2012-10-01,0.5243511,1.1623833
IDN,2013-01-01,0.60593605,1.3432411
IDN,2013-04-01,0.79897815,1.7711775
IDN,2013-07-01,-0.051657993,-0.11451562
IDN,2013-10-01,0.39550462,0.876756
IDN,2014-01-01,0.3758596,0.83320683
IDN,2014-04-01,0.72189903,1.6003082
IDN,2014-07-01,0.17601712,0.39019534
IDN,2014-10-01,0.7026221,1.5575751
IDN,2015-01-01,0.29041925,0.6438024
IDN,2015-04-01,0.65271187,1.4469339
IDN,2015-07-01,0.47557577,1.054258
IDN,2015-10-01,1.0113608,2.241988
IDN,2016-01-01,1.06961,2.3711152
IDN,2016-04-01,1.1703581,2.5944538
IDN,2016-07-01,0.66765976,1.4800705
IDN,2016-10-01,0.75217247,1.6674185
IDN,2017-01-01,0.51002437,1.1306238
IDN,2017-04-01,0.6819356,1.5117172
IDN,2017-07-01,0.36273575,0.80411386
IDN,2017-10-01,0.76647377,1.6991217
IDN,2018-01-01,0.49928537,1.1068175
IDN,2018-04-01,0.7026151,1.5575595
IDN,2018-07-01,0.35633025,0.78991413
IDN,2018-10-01,0.7762871,1.7208759
IDN,2019-01-01,0.7063382,1.565813
IDN,2019-04-01,0.8659242,1.9195837
IDN,2019-07-01,0.3514131,0.77901375
IDN,2019-10-01,0.93543243,2.07367
IDN,2020-01-01,1.0564417,2.3419235
IDN,2020-04-01,1.0106493,2.2404108
IDN,2020-07-01,0.44424948,0.98481375
IDN,2020-10-01,0.72795486,1.6137328
IDN,2021-01-01,0.5034211,1.1159856
IDN,2021-04-01,0.7757943,1.7197835
IDN,2021-07-01,0.40110078,0.8891616
IDN,2021-10-01,0.8238659,1.8263487
IDN,2022-01-01,0.59444237,1.3177619
IDN,2022-04-01,0.78109103,1.7315253
IDN,2022-07-01,0.3764852,0.83459365
IDN,2022-10-01,0.5423463,1.2022752
IDN,2023-01-01,0.47029877,1.0425599
IDN,2023-04-01,1.0211016,2.2635815
IDN,2023-07-01,0.6769822,1.5007365
IDN,2023-10-01,1.370751,3.0386856
IDN,2024-01-01,1.2856579,2.8500507
IDN,2024-04-01,1.3175831,2.9208226
IDN,2024-07-01,0.8830865,1.9576292
IDN,2024-10-01,1.120285,2.4834516
IND,1981-01-01,-4.190805,-1.1176528
IND,1981-04-01,4.755024,1.2681252
IND,1981-07-01,2.2491257,0.59982306
IND,1981-10-01,-3.8952663,-1.038835
IND,1982-01-01,-4.5213275,-1.2058003
IND,1982-04-01,3.9730575,1.0595813
IND,1982-07-01,2.6231048,0.69956017
IND,1982-10-01,-3.1957333,-0.85227543
IND,1983-01-01,-4.684152,-1.2492243
IND,1983-04-01,4.156635,1.1085398
IND,1983-07-01,2.4737995,0.6597417
IND,1983-10-01,-3.9635868,-1.0570556
IND,1984-01-01,-4.490337,-1.1975354
IND,1984-04-01,4.968521,1.3250631
IND,1984-07-01,1.9175396,0.5113918
IND,1984-10-01,-3.5130584,-0.93690336
IND,1985-01-01,-3.5246456,-0.93999356
IND,1985-04-01,4.8235545,1.2864017
IND,1985-07-01,2.2176025,0.59141606
IND,1985-10-01,-3.4768994,-0.92726004
IND,1986-01-01,-4.2690864,-1.1385298
IND,1986-04-01,4.477667,1.1941564
IND,1986-07-01,2.3602512,0.6294593
IND,1986-10-01,-3.24422,-0.8652064
IND,1987-01-01,-3.843916,-1.0251403
IND,1987-04-01,4.766052,1.2710663
IND,1987-07-01,3.3340023,0.8891506
IND,1987-10-01,-3.1213791,-0.8324458
IND,1988-01-01,-3.3918374,-0.90457475
IND,1988-04-01,5.153253,1.3743296
IND,1988-07-01,2.4023545,0.6406879
IND,1988-10-01,-3.3130054,-0.88355094
IND,1989-01-01,-4.662031,-1.2433249
IND,1989-04-01,4.402611,1.1741396
IND,1989-07-01,2.1979916,0.58618605
IND,1989-10-01,-3.3608272,-0.8963046
IND,1990-01-01,-4.121662,-1.0992129
IND,1990-04-01,3.9791749,1.0612128
IND,1990-07-01,2.0589314,0.5490998
IND,1990-10-01,-3.3072166,-0.8820071
IND,1991-01-01,-3.8922377,-1.0380273
IND,1991-04-01,4.5082417,1.2023104
IND,1991-07-01,2.5231946,0.6729149
IND,1991-10-01,-3.6489086,-0.9731335
IND,1992-01-01,-4.4984984,-1.199712
IND,1992-04-01,4.732479,1.2621127
IND,1992-07-01,2.2766082,0.6071524
IND,1992-10-01,-3.4162636,-0.911089
IND,1993-01-01,-4.3274727,-1.1541009
IND,1993-04-01,4.789206,1.2772413
IND,1993-07-01,2.4694633,0.65858525
IND,1993-10-01,-3.2231236,-0.85958016
IND,1994-01-01,-3.6357555,-0.96962565
IND,1994-04-01,4.499453,1.1999665
IND,1994-07-01,2.0399177,0.54402906
IND,1994-10-01,-3.6148503,-0.9640504
IND,1995-01-01,-4.5347104,-1.2093694
IND,1995-04-01,5.118957,1.3651831
IND,1995-07-01,2.5736306,0.6863658
IND,1995-10-01,-3.0709064,-0.8189851
IND,1996-01-01,-3.5267842,-0.9405639
IND,1996-04-01,4.68535,1.2495438
IND,1996-07-01,2.3409545,0.62431306
IND,1996-10-01,-3.8125668,-1.0167798
IND,1997-01-01,-4.6309533,-1.2350366
IND,1997-04-01,3.6580975,0.9755841
IND,1997-07-01,2.5430107,0.67819977
IND,1997-10-01,-3.6956913,-0.98561007
IND,1998-01-01,-4.3827343,-1.1688387
IND,1998-04-01,5.358192,1.4289851
IND,1998-07-01,2.80159,0.7471607
IND,1998-10-01,-3.0761497,-0.8203835
IND,1999-01-01,-3.6112645,-0.9630941
IND,1999-04-01,4.6883616,1.2503469
IND,1999-07-01,2.4978008,0.66614264
IND,1999-10-01,-3.222784,-0.8594896
IND,2000-01-01,-4.517243,-1.204711
IND,2000-04-01,4.597532,1.2261233
IND,2000-07-01,2.4556472,0.6549006
IND,2000-10-01,-2.7590992,-0.73582876
IND,2001-01-01,-3.8916252,-1.037864
IND,2001-04-01,4.1910205,1.1177102
IND,2001-07-01,2.6427174,0.70479065
IND,2001-10-01,-2.8256943,-0.7535891
IND,2002-01-01,-3.7975082,-1.0127637
IND,2002-04-01,5.0568314,1.3486147
IND,2002-07-01,2.8781383,0.7675755
IND,2002-10-01,-2.6375568,-0.7034144
IND,2003-01-01,-4.002255,-1.067368
IND,2003-04-01,5.1942077,1.3852519
IND,2003-07-01,2.4553692,0.6548265
IND,2003-10-01,-3.2118442,-0.85657203
IND,2004-01-01,-3.429332,-0.91457427
IND,2004-04-01,4.6980586,1.252933
IND,2004-07-01,2.7058735,0.7216339
IND,2004-10-01,-3.3243477,-0.8865758
IND,2005-01-01,-3.7089531,-0.9891469
IND,2005-04-01,4.953125,1.3209572
IND,2005-07-01,2.635053,0.7027466
IND,2005-10-01,-3.53177,-0.9418936
IND,2006-01-01,-3.1662204,-0.8444046
IND,2006-04-01,4.6706815,1.2456318
IND,2006-07-01,2.6131058,0.6968935
IND,2006-10-01,-2.7131355,-0.7235706
IND,2007-01-01,-3.8909245,-1.037677
IND,2007-04-01,5.1034217,1.36104
IND,2007-07-01,2.6932209,0.7182595
IND,2007-10-01,-3.002517,-0.80074626
IND,2008-01-01,-4.2627068,-1.1368283
IND,2008-04-01,4.2505856,1.1335957
IND,2008-07-01,2.4560769,0.65501523
IND,2008-10-01,-2.4861305,-0.66303027
IND,2009-01-01,-2.787835,-0.7434923
IND,2009-04-01,5.4078846,1.4422377
IND,2009-07-01,3.1135013,0.83034486
IND,2009-10-01,-2.9273326,-0.7806952
IND,2010-01-01,-3.0591862,-0.81585944
IND,2010-04-01,5.959154,1.5892568
IND,2010-07-01,2.6006584,0.6935739
IND,2010-10-01,-2.8807793,-0.7682798
IND,2011-01-01,-4.144663,-1.105347
IND,2011-04-01,4.40645,1.1751634
IND,2011-07-01,2.501339,0.66708624
IND,2011-10-01,-2.6974857,-0.71939695
IND,2012-01-01,-4.257996,-1.1355721
IND,2012-04-01,5.2842793,1.4092733
IND,2012-07-01,2.6607926,0.7096112
IND,2012-10-01,-3.2579525,-0.86886877
IND,2013-01-01,-3.9549358,-1.0547484
IND,2013-04-01,4.6708755,1.2456836
IND,2013-07-01,2.454914,0.6547051
IND,2013-10-01,-3.4088898,-0.90912247
IND,2014-01-01,-4.531164,-1.2084237
IND,2014-04-01,5.1349616,1.3694514
IND,2014-07-01,2.9811573,0.7950498
IND,2014-10-01,-2.9422195,-0.7846654
IND,2015-01-01,-4.003879,-1.0678011
IND,2015-04-01,4.61597,1.2310407
IND,2015-07-01,3.284436,0.8759317
IND,2015-10-01,-2.1708126,-0.5789376
IND,2016-01-01,-2.8202457,-0.752136
IND,2016-04-01,5.743286,1.5316865
IND,2016-07-01,2.8874981,0.7700717
IND,2016-10-01,-2.4806328,-0.66156405
IND,2017-01-01,-3.3300056,-0.8880847
IND,2017-04-01,5.4557343,1.4549989
IND,2017-07-01,3.1238053,0.8330928
IND,2017-10-01,-2.4615853,-0.65648425
IND,2018-01-01,-3.2030888,-0.8542371
IND,2018-04-01,5.239822,1.3974168
IND,2018-07-01,2.8400123,0.7574076
IND,2018-10-01,-2.934871,-0.7827056
IND,2019-01-01,-4.0811806,-1.0884168
IND,2019-04-01,5.813065,1.550296
IND,2019-07-01,3.0532742,0.8142828
IND,2019-10-01,-3.0225906,-0.8060997
IND,2020-01-01,-4.3653855,-1.1642119
IND,2020-04-01,4.463194,1.1902965
IND,2020-07-01,3.324014,0.88648677
IND,2020-10-01,-2.7730446,-0.73954785
IND,2021-01-01,-3.1654232,-0.84419197
IND,2021-04-01,4.0577817,1.0821766
IND,2021-07-01,3.1118526,0.82990515
IND,2021-10-01,-2.9126613,-0.77678245
IND,2022-01-01,-3.77765,-1.0074677
IND,2022-04-01,5.568531,1.4850808
IND,2022-07-01,2.9201393,0.7787768
IND,2022-10-01,-2.9091282,-0.7758402
IND,2023-01-01,-3.6441166,-0.9718555
IND,2023-04-01,4.362452,1.1634296
IND,2023-07-01,3.3090355,0.8824922
IND,2023-10-01,-2.2457535,-0.59892374
IND,2024-01-01,-3.7134712,-0.9903518
IND,2024-04-01,5.5466256,1.4792387
IND,2024-07-01,3.3037472,0.8810818
IND,2024-10-01,-2.1668549,-0.5778821
KEN,1981-01-01,0.96982956,0.9877517
KEN,1981-04-01,-1.0012411,-1.0197438
KEN,1981-07-01,-1.4584109,-1.4853619
KEN,1981-10-01,-0.021676382,-0.022076955
KEN,1982-01-01,1.3579553,1.38305
KEN,1982-04-01,-0.59347725,-0.60444456
KEN,1982-07-01,-1.2315153,-1.2542734
KEN,1982-10-01,-1.1181074,-1.1387697
KEN,1983-01-01,1.3990415,1.4248954
KEN,1983-04-01,0.36726508,0.37405205
KEN,1983-07-01,-1.2079328,-1.2302551
KEN,1983-10-01,-0.04921913,-0.050128687
KEN,1984-01-01,0.99948055,1.0179507
KEN,1984-04-01,0.13537407,0.13787575
KEN,1984-07-01,-1.4515558,-1.4783802
KEN,1984-10-01,-0.79987717,-0.8146587
KEN,1985-01-01,0.7147967,0.72800595
KEN,1985-04-01,-1.1197821,-1.1404754
KEN,1985-07-01,-1.6656774,-1.6964587
KEN,1985-10-01,-0.25850233,-0.26327938
KEN,1986-01-01,1.057223,1.0767602
KEN,1986-04-01,-0.822237,-0.8374317
KEN,1986-07-01,-1.5960693,-1.6255642
KEN,1986-10-01,-0.2297306,-0.23397596
KEN,1987-01-01,1.2309595,1.2537073
KEN,1987-04-01,-0.17949803,-0.1828151
KEN,1987-07-01,-0.768781,-0.7829879
KEN,1987-10-01,0.93150073,0.9487146
KEN,1988-01-01,1.918513,1.9539665
KEN,1988-04-01,-0.24147289,-0.24593525
KEN,1988-07-01,-1.3068079,-1.3309573
KEN,1988-10-01,-0.32315382,-0.3291256
KEN,1989-01-01,0.51240605,0.5218752
KEN,1989-04-01,-0.901453,-0.9181116
KEN,1989-07-01,-1.5301514,-1.5584282
KEN,1989-10-01,-0.4853808,-0.4943505
KEN,1990-01-01,0.32824197,0.3343078
KEN,1990-04-01,-0.5218099,-0.5314528
KEN,1990-07-01,-1.2911276,-1.3149873
KEN,1990-10-01,-0.34604326,-0.35243803
KEN,1991-01-01,1.2320518,1.2548199
KEN,1991-04-01,-0.1217734,-0.12402374
KEN,1991-07-01,-1.6526636,-1.6832044
KEN,1991-10-01,-0.16938782,-0.17251806
KEN,1992-01-01,1.3787924,1.4042721
KEN,1992-04-01,0.10286204,0.104762904
KEN,1992-07-01,-1.589756,-1.6191343
KEN,1992-10-01,-0.8754139,-0.8915913
KEN,1993-01-01,0.029910406,0.030463142
KEN,1993-04-01,-0.08479118,-0.0863581
KEN,1993-07-01,-1.4448541,-1.4715546
KEN,1993-10-01,0.036986034,0.037669525
KEN,1994-01-01,1.6190859,1.6490061
KEN,1994-04-01,0.002304713,0.0023473036
KEN,1994-07-01,-1.075046,-1.0949125
KEN,1994-10-01,-0.47657585,-0.48538285
KEN,1995-01-01,1.0460905,1.0654219
KEN,1995-04-01,0.17915027,0.18246092
KEN,1995-07-01,-0.9435107,-0.96094656
KEN,1995-10-01,0.019673666,0.02003723
KEN,1996-01-01,1.3778,1.4032614
KEN,1996-04-01,0.027629217,0.028139798
KEN,1996-07-01,-1.3343939,-1.3590531
KEN,1996-10-01,0.14187114,0.14449288
KEN,1997-01-01,1.8190492,1.8526648
KEN,1997-04-01,-0.51691246,-0.5264649
KEN,1997-07-01,-0.583793,-0.5945813
KEN,1997-10-01,-1.0165634,-1.0353492
KEN,1998-01-01,0.5687606,0.57927114
KEN,1998-04-01,0.05199623,0.052957106
KEN,1998-07-01,-1.4699816,-1.4971464
KEN,1998-10-01,0.05600993,0.05704498
KEN,1999-01-01,1.343811,1.3686444
KEN,1999-04-01,-0.09615389,-0.09793079
KEN,1999-07-01,-1.0671495,-1.0868702
KEN,1999-10-01,-0.42321143,-0.43103227
KEN,2000-01-01,1.3282865,1.3528329
KEN,2000-04-01,0.28671774,0.2920162
KEN,2000-07-01,-1.2156996,-1.2381654
KEN,2000-10-01,0.17822392,0.18151745
KEN,2001-01-01,1.0700861,1.089861
KEN,2001-04-01,-0.027934393,-0.028450614
KEN,2001-07-01,-1.0861899,-1.1062623
KEN,2001-10-01,0.052813213,0.053789187
KEN,2002-01-01,1.3075981,1.3317622
KEN,2002-04-01,-0.24484761,-0.24937233
KEN,2002-07-01,-0.7268416,-0.7402735
KEN,2002-10-01,0.01767858,0.018005274
KEN,2003-01-01,1.8017979,1.8350946
KEN,2003-04-01,0.107522964,0.10950996
KEN,2003-07-01,-1.0752863,-1.0951573
KEN,2003-10-01,0.23701923,0.24139927
KEN,2004-01-01,1.7033697,1.7348475
KEN,2004-04-01,0.062253315,0.06340374
KEN,2004-07-01,-0.69633675,-0.70920485
KEN,2004-10-01,-0.02458191,-0.025036177
KEN,2005-01-01,1.7941774,1.8273333
KEN,2005-04-01,0.6108163,0.62210405
KEN,2005-07-01,-0.770551,-0.7847906
KEN,2005-10-01,0.7789071,0.7933011
KEN,2006-01-01,1.9675522,2.003912
KEN,2006-04-01,0.28423753,0.28949016
KEN,2006-07-01,-0.47848573,-0.48732802
KEN,2006-10-01,-0.33693948,-0.34316602
KEN,2007-01-01,1.4589119,1.4858721
KEN,2007-04-01,0.4712073,0.47991508
KEN,2007-07-01,-0.63932294,-0.6511375
KEN,2007-10-01,0.1139768,0.11608306
KEN,2008-01-01,1.1599598,1.1813955
KEN,2008-04-01,-0.023640314,-0.02407718
KEN,2008-07-01,-0.44131723,-0.44947267
KEN,2008-10-01,0.52154607,0.5311841
KEN,2009-01-01,1.8714987,1.9060835
KEN,2009-04-01,0.84182614,0.85738283
KEN,2009-07-01,-0.18870926,-0.19219656
KEN,2009-10-01,0.46177736,0.47031087
KEN,2010-01-01,1.4442984,1.4709886
KEN,2010-04-01,0.4947885,0.50393206
KEN,2010-07-01,-0.7457345,-0.75951546
KEN,2010-10-01,0.7996972,0.8144754
KEN,2011-01-01,1.7690951,1.8017875
KEN,2011-04-01,1.1038679,1.1242671
KEN,2011-07-01,-0.42983246,-0.43777564
KEN,2011-10-01,-0.48306274,-0.4919896
KEN,2012-01-01,1.5432669,1.571786
KEN,2012-04-01,0.3537623,0.36029974
KEN,2012-07-01,-0.7619069,-0.77598673
KEN,2012-10-01,0.25407663,0.2587719
KEN,2013-01-01,1.589976,1.6193583
KEN,2013-04-01,-0.19878642,-0.20245995
KEN,2013-07-01,-0.8775425,-0.89375925
KEN,2013-10-01,0.3539753,0.36051667
KEN,2014-01-01,1.475886,1.50316
KEN,2014-04-01,0.44760767,0.45587933
KEN,2014-07-01,-0.4562626,-0.4646942
KEN,2014-10-01,0.5219021,0.5315467
KEN,2015-01-01,1.8266907,1.8604474
KEN,2015-04-01,0.53347397,0.5433324
KEN,2015-07-01,-0.059886932,-0.060993627
KEN,2015-10-01,0.6406555,0.65249467
KEN,2016-01-01,2.4970093,2.5431533
KEN,2016-04-01,0.54528934,0.55536616
KEN,2016-07-01,-0.792572,-0.80721855
KEN,2016-10-01,0.67413455,0.6865924
KEN,2017-01-01,1.9355017,1.9712692
KEN,2017-04-01,0.98446274,1.0026554
KEN,2017-07-01,-0.16442554,-0.16746408
KEN,2017-10-01,0.55287236,0.5630893
KEN,2018-01-01,1.0284023,1.0474069
KEN,2018-04-01,-0.7270362,-0.7404716
KEN,2018-07-01,-0.5493202,-0.5594715
KEN,2018-10-01,0.69469386,0.70753163
KEN,2019-01-01,2.4536312,2.4989736
KEN,2019-04-01,1.3904381,1.416133
KEN,2019-07-01,0.0006643931,0.0006766709
KEN,2019-10-01,-0.25775465,-0.2625179
KEN,2020-01-01,1.5388368,1.5672741
KEN,2020-04-01,0.30960146,0.31532282
KEN,2020-07-01,-0.644715,-0.65662915
KEN,2020-10-01,0.6751709,0.6876479
KEN,2021-01-01,1.6131287,1.6429389
KEN,2021-04-01,0.5745271,0.58514416
KEN,2021-07-01,-0.19451396,-0.19810852
KEN,2021-10-01,1.2797331,1.3033822
KEN,2022-01-01,2.0203,2.0576346
KEN,2022-04-01,0.8588047,0.87467515
KEN,2022-07-01,-0.80934525,-0.8243017
KEN,2022-10-01,0.7116839,0.72483563
KEN,2023-01-01,1.6355623,1.6657871
KEN,2023-04-01,0.4002533,0.40764987
KEN,2023-07-01,0.10162417,0.103502154
KEN,2023-10-01,0.43754324,0.4456289
KEN,2024-01-01,2.4742725,2.5199964
KEN,2024-04-01,0.8809268,0.89720607
KEN,2024-07-01,-0.1006209,-0.10248035
KEN,2024-10-01,1.014876,1.0336306
MEX,1981-01-01,-4.6244087,-1.406414
MEX,1981-04-01,2.1935604,0.667124
MEX,1981-07-01,3.1853008,0.9687404
MEX,1981-10-01,-2.2751112,-0.6919259
MEX,1982-01-01,-3.265666,-0.99318177
MEX,1982-04-01,2.8872688,0.8781004
MEX,1982-07-01,3.5789146,1.0884496
MEX,1982-10-01,-3.1207428,-0.9491065
MEX,1983-01-01,-5.0840077,-1.5461911
MEX,1983-04-01,2.190616,0.6662285
MEX,1983-07-01,3.3939888,1.0322083
MEX,1983-10-01,-2.4491568,-0.7448581
MEX,1984-01-01,-4.3873215,-1.334309
MEX,1984-04-01,2.2467499,0.68330044
MEX,1984-07-01,2.3818467,0.72438717
MEX,1984-10-01,-2.7462559,-0.8352144
MEX,1985-01-01,-4.6991076,-1.4291321
MEX,1985-04-01,2.23478,0.6796601
MEX,1985-07-01,2.910677,0.8852195
MEX,1985-10-01,-2.7618964,-0.8399711
MEX,1986-01-01,-3.8757665,-1.1787306
MEX,1986-04-01,2.3988502,0.72955847
MEX,1986-07-01,2.9382057,0.89359176
MEX,1986-10-01,-2.9665184,-0.9022025
MEX,1987-01-01,-5.1927514,-1.5792631
MEX,1987-04-01,1.538887,0.46801925
MEX,1987-07-01,3.3226807,1.0105215
MEX,1987-10-01,-2.5366313,-0.7714616
MEX,1988-01-01,-4.2930765,-1.3056464
MEX,1988-04-01,2.394307,0.7281767
MEX,1988-07-01,2.9964325,0.9113002
MEX,1988-10-01,-2.3966281,-0.7288827
MEX,1989-01-01,-3.7101104,-1.1283499
MEX,1989-04-01,3.1443436,0.95628417
MEX,1989-07-01,3.2190235,0.97899646
MEX,1989-10-01,-3.0274782,-0.9207421
MEX,1990-01-01,-3.918957,-1.191866
MEX,1990-04-01,3.1306953,0.95213336
MEX,1990-07-01,2.7682488,0.84190303
MEX,1990-10-01,-2.4362586,-0.7409354
MEX,1991-01-01,-3.5685298,-1.0852913
MEX,1991-04-01,2.67519,0.8136012
MEX,1991-07-01,2.5541935,0.7768028
MEX,1991-10-01,-2.9811153,-0.90664184
MEX,1992-01-01,-4.828006,-1.4683336
MEX,1992-04-01,2.2002125,0.6691471
MEX,1992-07-01,3.4327862,1.0440078
MEX,1992-10-01,-2.5750532,-0.7831468
MEX,1993-01-01,-3.611622,-1.0983968
MEX,1993-04-01,2.5452633,0.77408683
MEX,1993-07-01,3.1215649,0.9493565
MEX,1993-10-01,-2.2547262,-0.6857262
MEX,1994-01-01,-3.3982165,-1.0334941
MEX,1994-04-01,3.0162423,0.9173249
MEX,1994-07-01,3.819886,1.1617358
MEX,1994-10-01,-1.7140617,-0.52129483
MEX,1995-01-01,-3.007809,-0.9147601
MEX,1995-04-01,2.9395962,0.89401466
MEX,1995-07-01,3.8225892,1.1625578
MEX,1995-10-01,-1.8791491,-0.57150257
MEX,1996-01-01,-3.545643,-1.0783308
MEX,1996-04-01,3.3062031,1.0055102
MEX,1996-07-01,3.5720298,1.0863557
MEX,1996-10-01,-2.3222637,-0.70626634
MEX,1997-01-01,-3.869795,-1.1769146
MEX,1997-04-01,2.0643551,0.627829
MEX,1997-07-01,4.159134,1.2649107
MEX,1997-10-01,-2.9720478,-0.9038841
MEX,1998-01-01,-4.094289,-1.2451894
MEX,1998-04-01,3.623124,1.1018949
MEX,1998-07-01,4.2059712,1.2791553
MEX,1998-10-01,-1.8447628,-0.56104475
MEX,1999-01-01,-3.096008,-0.94158393
MEX,1999-04-01,3.0302002,0.92156994
MEX,1999-07-01,3.4682858,1.0548042
MEX,1999-10-01,-2.8344915,-0.86204934
MEX,2000-01-01,-2.7837553,-0.846619
MEX,2000-04-01,3.1275616,0.9511803
MEX,2000-07-01,3.8828514,1.1808853
MEX,2000-10-01,-3.093633,-0.9408616
MEX,2001-01-01,-4.049172,-1.2314682
MEX,2001-04-01,3.018526,0.9180195
MEX,2001-07-01,3.9266746,1.1942133
MEX,2001-10-01,-2.2927778,-0.6972988
MEX,2002-01-01,-3.784868,-1.1510859
MEX,2002-04-01,3.7054603,1.1269357
MEX,2002-07-01,3.8686187,1.1765568
MEX,2002-10-01,-2.6073878,-0.7929807
MEX,2003-01-01,-3.4428008,-1.0470535
MEX,2003-04-01,3.3918724,1.0315647
MEX,2003-07-01,3.7039096,1.1264641
MEX,2003-10-01,-2.2413456,-0.68165684
MEX,2004-01-01,-3.9885979,-1.2130458
MEX,2004-04-01,2.3809528,0.7241154
MEX,2004-07-01,3.6611092,1.1134473
MEX,2004-10-01,-2.6699073,-0.8119946
MEX,2005-01-01,-3.6638658,-1.1142856
MEX,2005-04-01,3.1847095,0.9685606
MEX,2005-07-01,4.2448335,1.2909744
MEX,2005-10-01,-1.9774317,-0.6013931
MEX,2006-01-01,-3.0222251,-0.91914445
MEX,2006-04-01,3.5983894,1.0943724
MEX,2006-07-01,3.773648,1.1476735
MEX,2006-10-01,-2.280513,-0.69356877
MEX,2007-01-01,-3.821272,-1.1621573
MEX,2007-04-01,2.7740784,0.843676
MEX,2007-07-01,3.7038689,1.1264517
MEX,2007-10-01,-1.9900993,-0.6052457
MEX,2008-01-01,-3.4643457,-1.0536059
MEX,2008-04-01,3.3084939,1.0062069
MEX,2008-07-01,3.2317154,0.9828564
MEX,2008-10-01,-2.194641,-0.6674527
MEX,2009-01-01,-2.801564,-0.85203516
MEX,2009-04-01,3.284106,0.9987899
MEX,2009-07-01,4.538479,1.3802803
MEX,2009-10-01,-2.340064,-0.71167994
MEX,2010-01-01,-4.8528295,-1.4758832
MEX,2010-04-01,3.1306846,0.9521301
MEX,2010-07-01,4.0165806,1.2215562
MEX,2010-10-01,-2.5408652,-0.77274925
MEX,2011-01-01,-3.319686,-1.0096108
MEX,2011-04-01,4.264384,1.2969202
MEX,2011-07-01,4.4525313,1.3541412
MEX,2011-10-01,-2.4482012,-0.7445675
MEX,2012-01-01,-3.1206524,-0.94907904
MEX,2012-04-01,3.5818017,1.0893276
MEX,2012-07-01,3.9300811,1.1952492
MEX,2012-10-01,-1.4542503,-0.4422788
MEX,2013-01-01,-3.555687,-1.0813854
MEX,2013-04-01,3.297018,1.0027168
MEX,2013-07-01,3.7065792,1.127276
MEX,2013-10-01,-2.3044002,-0.70083356
MEX,2014-01-01,-3.0847492,-0.9381598
MEX,2014-04-01,3.244149,0.98663783
MEX,2014-07-01,3.9305737,1.195399
MEX,2014-10-01,-2.1165807,-0.6437123
MEX,2015-01-01,-3.754845,-1.1419549
MEX,2015-04-01,2.8403847,0.86384165
MEX,2015-07-01,4.490644,1.3657323
MEX,2015-10-01,-1.3521862,-0.41123822
MEX,2016-01-01,-3.367298,-1.0240909
MEX,2016-04-01,3.2709808,0.9947981
MEX,2016-07-01,4.099116,1.2466575
MEX,2016-10-01,-1.0840206,-0.32968146
MEX,2017-01-01,-2.3713024,-0.7211804
MEX,2017-04-01,3.5557396,1.0814013
MEX,2017-07-01,3.8858585,1.1817999
MEX,2017-10-01,-1.5180674,-0.4616874
MEX,2018-01-01,-2.7795515,-0.84534055
MEX,2018-04-01,3.5452297,1.078205
MEX,2018-07-01,4.1323752,1.2567726
MEX,2018-10-01,-2.6537845,-0.80709124
MEX,2019-01-01,-3.0926008,-0.9405477
MEX,2019-04-01,3.3114624,1.0071098
MEX,2019-07-01,4.702328,1.4301115
MEX,2019-10-01,-1.6222283,-0.49336568
MEX,2020-01-01,-2.7529314,-0.8372446
MEX,2020-04-01,3.9034321,1.1871445
MEX,2020-07-01,4.6363907,1.410058
MEX,2020-10-01,-1.487929,-0.45252144
MEX,2021-01-01,-3.311531,-1.0071306
MEX,2021-04-01,3.3938644,1.0321705
MEX,2021-07-01,3.886097,1.1818724
MEX,2021-10-01,-1.0330728,-0.31418678
MEX,2022-01-01,-3.6805437,-1.1193578
MEX,2022-04-01,3.8808632,1.1802807
MEX,2022-07-01,3.9003422,1.1862048
MEX,2022-10-01,-2.285619,-0.69512165
MEX,2023-01-01,-3.008648,-0.9150153
MEX,2023-04-01,3.4559815,1.0510621
MEX,2023-07-01,5.6559906,1.7201474
MEX,2023-10-01,-1.4422995,-0.43864423
MEX,2024-01-01,-2.843067,-0.8646574
MEX,2024-04-01,4.7028236,1.4302622
MEX,2024-07-01,4.6798058,1.4232618
MEX,2024-10-01,-0.8267047,-0.25142437
PER,1981-01-01,0.24142647,0.33036062
PER,1981-04-01,-0.5579383,-0.7634657
PER,1981-07-01,-1.3979708,-1.9129406
PER,1981-10-01,0.19940758,0.27286324
PER,1982-01-01,0.339173,0.46411398
PER,1982-04-01,-0.5610256,-0.76769036
PER,1982-07-01,-0.80240124,-1.0979815
PER,1982-10-01,0.4232483,0.57916003
PER,1983-01-01,1.7442449,2.3867717
PER,1983-04-01,0.77341205,1.0583135
PER,1983-07-01,-0.21920013,-0.29994678
PER,1983-10-01,0.21627681,0.2959466
PER,1984-01-01,-0.21317036,-0.29169583
PER,1984-04-01,-0.6744518,-0.9228993
PER,1984-07-01,-1.3013026,-1.7806628
PER,1984-10-01,-0.09432348,-0.12906937
PER,1985-01-01,0.09490776,0.12986888
PER,1985-04-01,-1.0721983,-1.4671634
PER,1985-07-01,-1.4978065,-2.049553
PER,1985-10-01,-0.13694954,-0.18739757
PER,1986-01-01,-0.23218791,-0.31771886
PER,1986-04-01,-0.68443555,-0.93656075
PER,1986-07-01,-1.3612194,-1.8626511
PER,1986-10-01,0.06349818,0.08688897
PER,1987-01-01,0.7041957,0.9635999
PER,1987-04-01,-0.26197052,-0.35847247
PER,1987-07-01,-0.38204002,-0.5227719
PER,1987-10-01,0.7491741,1.0251471
PER,1988-01-01,0.77011555,1.0538026
PER,1988-04-01,-0.5135657,-0.7027477
PER,1988-07-01,-0.81449825,-1.1145346
PER,1988-10-01,0.1590163,0.21759306
PER,1989-01-01,-0.16071574,-0.21991852
PER,1989-04-01,-0.8671029,-1.1865172
PER,1989-07-01,-1.1483275,-1.5713363
PER,1989-10-01,0.410614,0.5618717
PER,1990-01-01,0.444451,0.6081732
PER,1990-04-01,-0.31312498,-0.42847067
PER,1990-07-01,-1.3068949,-1.7883152
PER,1990-10-01,0.13447635,0.18401334
PER,1991-01-01,0.69191295,0.9467926
PER,1991-04-01,-0.26699257,-0.3653445
PER,1991-07-01,-0.942571,-1.2897854
PER,1991-10-01,0.23403485,0.32024616
PER,1992-01-01,1.0392952,1.4221399
PER,1992-04-01,0.42053604,0.5754487
PER,1992-07-01,-1.3196951,-1.8058306
PER,1992-10-01,0.15211423,0.20814846
PER,1993-01-01,0.14941661,0.20445713
PER,1993-04-01,-0.19252396,-0.26344392
PER,1993-07-01,-0.9088726,-1.2436736
PER,1993-10-01,0.32071114,0.43885133
PER,1994-01-01,0.31135178,0.4260443
PER,1994-04-01,-0.4166387,-0.5701157
PER,1994-07-01,-0.79533005,-1.0883054
PER,1994-10-01,0.47665724,0.65224326
PER,1995-01-01,0.70705223,0.96750873
PER,1995-04-01,-0.14851634,-0.20322524
PER,1995-07-01,-0.12875938,-0.17619042
PER,1995-10-01,0.46498552,0.636272
PER,1996-01-01,0.31739298,0.43431088
PER,1996-04-01,-0.49658647,-0.6795138
PER,1996-07-01,-0.9240875,-1.2644932
PER,1996-10-01,0.118299484,0.16187741
PER,1997-01-01,0.41080856,0.5621379
PER,1997-04-01,0.010406494,0.01423993
PER,1997-07-01,0.07767805,0.10629227
PER,1997-10-01,1.3579775,1.858215
PER,1998-01-01,2.067321,2.828859
PER,1998-04-01,0.56561023,0.7739638
PER,1998-07-01,0.0023651123,0.0032363476
PER,1998-10-01,0.5340398,0.7307638
PER,1999-01-01,0.18272336,0.25003308
PER,1999-04-01,-0.73921394,-1.0115179
PER,1999-07-01,-0.965175,-1.320716
PER,1999-10-01,0.27404532,0.37499526
PER,2000-01-01,0.19608434,0.26831582
PER,2000-04-01,-0.44900703,-0.61440754
PER,2000-07-01,-0.942447,-1.2896158
PER,2000-10-01,0.41162935,0.56326103
PER,2001-01-01,0.2201608,0.30126134
PER,2001-04-01,-0.6581211,-0.90055287
PER,2001-07-01,-0.84694606,-1.1589352
PER,2001-10-01,0.6134866,0.83947635
PER,2002-01-01,0.86519307,1.1839038
PER,2002-04-01,-0.11010107,-0.15065895
PER,2002-07-01,-0.78615695,-1.0757532
PER,2002-10-01,0.5556876,0.760386
PER,2003-01-01,0.9375375,1.2828977
PER,2003-04-01,-0.22417386,-0.30675268
PER,2003-07-01,-0.8979371,-1.2287098
PER,2003-10-01,0.7634652,1.0447025
PER,2004-01-01,0.92835873,1.2703378
PER,2004-04-01,-0.38487053,-0.5266451
PER,2004-07-01,-0.929856,-1.2723866
PER,2004-10-01,0.71881485,0.9836043
PER,2005-01-01,1.182324,1.6178561
PER,2005-04-01,0.109806694,0.15025613
PER,2005-07-01,-0.49624953,-0.6790527
PER,2005-10-01,0.57091016,0.781216
PER,2006-01-01,0.7718169,1.0561308
PER,2006-04-01,-0.41294417,-0.5650602
PER,2006-07-01,-0.268006,-0.36673123
PER,2006-10-01,0.6947746,0.95070845
PER,2007-01-01,1.0771294,1.4739109
PER,2007-04-01,-0.38430214,-0.52586734
PER,2007-07-01,-0.6666667,-0.91224635
PER,2007-10-01,0.27467665,0.37585914
PER,2008-01-01,0.39156914,0.53581125
PER,2008-04-01,-0.6237869,-0.853571
PER,2008-07-01,-0.11533228,-0.15781718
PER,2008-10-01,0.69595844,0.9523283
PER,2009-01-01,0.5218652,0.7141044
PER,2009-04-01,-0.23679225,-0.3240193
PER,2009-07-01,-0.07093684,-0.0970678
PER,2009-10-01,1.1298243,1.546017
PER,2010-01-01,1.6259041,2.2248375
PER,2010-04-01,0.4085528,0.5590512
PER,2010-07-01,-0.2356313,-0.3224307
PER,2010-10-01,0.54009247,0.7390461
PER,2011-01-01,0.24542491,0.33583197
PER,2011-04-01,-0.08125559,-0.111187674
PER,2011-07-01,-0.39736304,-0.54373944
PER,2011-10-01,0.49785867,0.6812546
PER,2012-01-01,0.297994,0.4077659
PER,2012-04-01,-0.060768127,-0.083153255
PER,2012-07-01,-0.16492271,-0.22567521
PER,2012-10-01,0.8074754,1.1049247
PER,2013-01-01,0.8772672,1.2004256
PER,2013-04-01,-0.027270636,-0.037316307
PER,2013-07-01,-0.73611957,-1.0072836
PER,2013-10-01,0.66142845,0.90507853
PER,2014-01-01,0.63942844,0.87497437
PER,2014-04-01,0.29270872,0.4005337
PER,2014-07-01,-0.44443575,-0.60815233
PER,2014-10-01,0.7832902,1.0718304
PER,2015-01-01,0.70259666,0.96141183
PER,2015-04-01,0.32641792,0.44666034
PER,2015-07-01,0.42184195,0.57723564
PER,2015-10-01,1.3992805,1.9147328
PER,2016-01-01,1.9403667,2.6551387
PER,2016-04-01,0.3883114,0.5313535
PER,2016-07-01,0.07071241,0.096760705
PER,2016-10-01,0.9091651,1.2440737
PER,2017-01-01,0.8606002,1.1776191
PER,2017-04-01,0.28763327,0.3935886
PER,2017-07-01,-0.117409386,-0.16065942
PER,2017-10-01,0.76663715,1.0490429
PER,2018-01-01,0.56436795,0.7722639
PER,2018-04-01,-0.44138527,-0.60397816
PER,2018-07-01,-0.51802,-0.70884275
PER,2018-10-01,0.8232314,1.1264848
PER,2019-01-01,0.9155903,1.2528658
PER,2019-04-01,0.33691344,0.46102208
PER,2019-07-01,-0.24409485,-0.33401194
PER,2019-10-01,0.7656339,1.04767
PER,2020-01-01,1.5310072,2.0949836
PER,2020-04-01,0.34268633,0.4689215
PER,2020-07-01,0.07526652,0.10299241
PER,2020-10-01,1.1180185,1.5298624
PER,2021-01-01,0.7828598,1.0712415
PER,2021-04-01,-0.13581721,-0.18584813
PER,2021-07-01,-0.07412529,-0.10143079
PER,2021-10-01,1.0692106,1.4630753
PER,2022-01-01,0.71758014,0.98191476
PER,2022-04-01,-0.36681303,-0.5019358
PER,2022-07-01,-0.10302544,-0.14097686
PER,2022-10-01,0.8800805,1.2042754
PER,2023-01-01,0.88810474,1.2152555
PER,2023-04-01,0.40454736,0.5535703
PER,2023-07-01,1.0742353,1.4699509
PER,2023-10-01,1.9999905,2.736726
PER,2024-01-01,2.218455,3.0356662
PER,2024-04-01,1.1377875,1.5569137
PER,2024-07-01,0.68848544,0.9421025
PER,2024-10-01,1.5988592,2.1878302
PHL,1981-01-01,-1.4797453,-1.8102094
PHL,1981-04-01,0.8126621,0.99414986
PHL,1981-07-01,0.29528046,0.36122397
PHL,1981-10-01,-0.8555705,-1.0466408
PHL,1982-01-01,-1.6615034,-2.0325587
PHL,1982-04-01,0.5714957,0.699125
PHL,1982-07-01,-0.06336721,-0.077518694
PHL,1982-10-01,-0.53195506,-0.6507539
PHL,1983-01-01,-0.86142033,-1.053797
PHL,1983-04-01,1.2906336,1.5788643
PHL,1983-07-01,0.40338644,0.49347273
PHL,1983-10-01,-0.8583234,-1.0500084
PHL,1984-01-01,-1.2152857,-1.4866893
PHL,1984-04-01,0.40843454,0.49964818
PHL,1984-07-01,0.025498709,0.031193208
PHL,1984-10-01,-0.79534847,-0.97296965
PHL,1985-01-01,-0.9155979,-1.1200738
PHL,1985-04-01,0.5591418,0.6840122
PHL,1985-07-01,-0.17691422,-0.21642359
PHL,1985-10-01,-0.7278671,-0.89041805
PHL,1986-01-01,-1.5616537,-1.91041
PHL,1986-04-01,0.84577686,1.03466
PHL,1986-07-01,0.21295738,0.26051608
PHL,1986-10-01,-0.56826466,-0.69517237
PHL,1987-01-01,-1.3200175,-1.6148103
PHL,1987-04-01,1.3826694,1.691454
PHL,1987-07-01,0.4978949,0.6090873
PHL,1987-10-01,-0.0027421315,-0.003354518
PHL,1988-01-01,-0.03697014,-0.045226496
PHL,1988-04-01,1.0592302,1.2957828
PHL,1988-07-01,0.6215191,0.7603198
PHL,1988-10-01,-0.8025996,-0.98184013
PHL,1989-01-01,-1.1479677,-1.4043375
PHL,1989-04-01,0.62546474,0.7651467
PHL,1989-07-01,0.35869217,0.4387971
PHL,1989-10-01,-0.6422278,-0.78565335
PHL,1990-01-01,-0.7219124,-0.8831335
PHL,1990-04-01,1.0714964,1.3107883
PHL,1990-07-01,0.42170778,0.51588565
PHL,1990-10-01,-0.53699684,-0.6569217
PHL,1991-01-01,-0.9337947,-1.1423343
PHL,1991-04-01,1.0747973,1.3148264
PHL,1991-07-01,0.4250412,0.5199635
PHL,1991-10-01,-0.72113353,-0.8821807
PHL,1992-01-01,-1.0007458,-1.2242373
PHL,1992-04-01,1.1128927,1.3614295
PHL,1992-07-01,0.25882658,0.31662902
PHL,1992-10-01,-0.7321186,-0.895619
PHL,1993-01-01,-1.2904695,-1.5786636
PHL,1993-04-01,1.0660528,1.304129
PHL,1993-07-01,0.25822195,0.31588936
PHL,1993-10-01,-0.32614264,-0.39897844
PHL,1994-01-01,-0.7271182,-0.88950187
PHL,1994-04-01,0.81250256,0.9939547
PHL,1994-07-01,0.17494266,0.21401173
PHL,1994-10-01,-0.48312378,-0.59101737
PHL,1995-01-01,-1.1274332,-1.3792171
PHL,1995-04-01,0.8972747,1.0976585
PHL,1995-07-01,0.17360942,0.21238074
PHL,1995-10-01,-0.6351032,-0.77693766
PHL,1996-01-01,-1.4766865,-1.8064675
PHL,1996-04-01,0.4707508,0.57588124
PHL,1996-07-01,0.41172537,0.5036739
PHL,1996-10-01,-0.63091403,-0.7718129
PHL,1997-01-01,-1.609178,-1.9685476
PHL,1997-04-01,0.65751773,0.8043579
PHL,1997-07-01,0.22831218,0.2793
PHL,1997-10-01,-0.39912096,-0.48825464
PHL,1998-01-01,-0.2194856,-0.2685022
PHL,1998-04-01,1.5669384,1.9168749
PHL,1998-07-01,0.88705635,1.0851582
PHL,1998-10-01,0.036067326,0.044122063
PHL,1999-01-01,-0.88212776,-1.079129
PHL,1999-04-01,0.34335646,0.42003655
PHL,1999-07-01,-0.020090738,-0.024577502
PHL,1999-10-01,-0.4737784,-0.57958496
PHL,2000-01-01,-0.9103978,-1.1137124
PHL,2000-04-01,0.6050358,0.7401554
PHL,2000-07-01,0.10985819,0.13439228
PHL,2000-10-01,-0.35551706,-0.4349129
PHL,2001-01-01,-0.62596256,-0.76575565
PHL,2001-04-01,0.89270467,1.092068
PHL,2001-07-01,0.3749517,0.45868778
PHL,2001-10-01,-0.4119059,-0.5038948
PHL,2002-01-01,-0.9520429,-1.1646578
PHL,2002-04-01,1.0900129,1.3334401
PHL,2002-07-01,0.40469742,0.49507648
PHL,2002-10-01,0.15088908,0.18458639
PHL,2003-01-01,-0.8617077,-1.0541486
PHL,2003-04-01,1.1047102,1.3514196
PHL,2003-07-01,0.45697784,0.55903244
PHL,2003-10-01,-0.36342493,-0.44458678
PHL,2004-01-01,-0.57439107,-0.70266694
PHL,2004-04-01,0.97601575,1.1939845
PHL,2004-07-01,0.45010695,0.55062705
PHL,2004-10-01,-0.2791748,-0.3415215
PHL,2005-01-01,-0.7336318,-0.8974701
PHL,2005-04-01,1.1974703,1.4648954
PHL,2005-07-01,0.60366696,0.73848087
PHL,2005-10-01,-0.07295164,-0.08924356
PHL,2006-01-01,-0.36361375,-0.44481778
PHL,2006-04-01,1.1834971,1.4478016
PHL,2006-07-01,0.5196298,0.6356761
PHL,2006-10-01,0.14970589,0.18313895
PHL,2007-01-01,-0.4138724,-0.50630045
PHL,2007-04-01,1.3498173,1.6512653
PHL,2007-07-01,0.68892163,0.84277505
PHL,2007-10-01,-0.18204625,-0.22270173
PHL,2008-01-01,-0.7224738,-0.88382024
PHL,2008-04-01,0.7017956,0.8585241
PHL,2008-07-01,0.45809174,0.56039506
PHL,2008-10-01,-0.020378748,-0.02492983
PHL,2009-01-01,-0.47601953,-0.5823266
PHL,2009-04-01,0.7477315,0.9147186
PHL,2009-07-01,0.7665221,0.93770564
PHL,2009-10-01,-0.1466287,-0.17937455
PHL,2010-01-01,-0.25329718,-0.30986476
PHL,2010-04-01,1.7565441,2.1488242
PHL,2010-07-01,0.8085391,0.98910606
PHL,2010-10-01,0.024342855,0.029779224
PHL,2011-01-01,-0.9665902,-1.182454
PHL,2011-04-01,0.6368942,0.7791286
PHL,2011-07-01,0.54175377,0.66274095
PHL,2011-10-01,0.111021675,0.13581559
PHL,2012-01-01,-0.38243613,-0.46784368
PHL,2012-04-01,1.0513376,1.2861276
PHL,2012-07-01,0.46074548,0.5636415
PHL,2012-10-01,0.12853241,0.1572369
PHL,2013-01-01,-0.29001108,-0.3547778
PHL,2013-04-01,1.3877316,1.6976467
PHL,2013-07-01,0.53854436,0.6588148
PHL,2013-10-01,-0.040461857,-0.049498
PHL,2014-01-01,-1.1706594,-1.432097
PHL,2014-04-01,1.4195105,1.7365227
PHL,2014-07-01,0.65940094,0.80666167
PHL,2014-10-01,0.018266678,0.022346083
PHL,2015-01-01,-0.89455223,-1.094328
PHL,2015-04-01,1.4454149,1.7682122
PHL,2015-07-01,0.85304517,1.0435514
PHL,2015-10-01,0.37844467,0.46296084
PHL,2016-01-01,0.07591947,0.092874184
PHL,2016-04-01,1.8778471,2.2972174
PHL,2016-07-01,1.050862,1.2855457
PHL,2016-10-01,0.25229964,0.30864444
PHL,2017-01-01,-0.6895962,-0.8436002
PHL,2017-04-01,1.2689337,1.5523182
PHL,2017-07-01,0.87875175,1.074999
PHL,2017-10-01,0.24826813,0.3037126
PHL,2018-01-01,-0.30980492,-0.3789921
PHL,2018-04-01,1.3938535,1.7051358
PHL,2018-07-01,0.74013966,0.90543133
PHL,2018-10-01,0.355491,0.43488103
PHL,2019-01-01,-0.4664758,-0.57065153
PHL,2019-04-01,1.7611504,2.1544592
PHL,2019-07-01,0.96966237,1.1862122
PHL,2019-10-01,0.36962828,0.45217553
PHL,2020-01-01,-0.11645571,-0.14246318
PHL,2020-04-01,1.7577972,2.1503572
PHL,2020-07-01,1.082913,1.3247546
PHL,2020-10-01,0.26609293,0.32551813
PHL,2021-01-01,-0.39624915,-0.48474148
PHL,2021-04-01,1.293698,1.582613
PHL,2021-07-01,1.0187258,1.2462326
PHL,2021-10-01,0.26011404,0.31820402
PHL,2022-01-01,-0.23874092,-0.29205772
PHL,2022-04-01,1.0500215,1.2845175
PHL,2022-07-01,0.92358524,1.1298449
PHL,2022-10-01,0.3314794,0.40550703
PHL,2023-01-01,-0.54866725,-0.67119837
PHL,2023-04-01,1.4460481,1.7689868
PHL,2023-07-01,1.2613945,1.5430955
PHL,2023-10-01,0.79186755,0.9687114
PHL,2024-01-01,0.022140503,0.02708503
PHL,2024-04-01,2.186175,2.6744027
PHL,2024-07-01,1.2325153,1.5077668
PHL,2024-10-01,0.7050902,0.8625545
THA,1981-01-01,-1.0758826,-0.73731476
THA,1981-04-01,1.331377,0.91240805
THA,1981-07-01,0.450812,0.30894667
THA,1981-10-01,-2.1949909,-1.5042526
THA,1982-01-01,-1.047011,-0.71752876
THA,1982-04-01,1.3953152,0.9562256
THA,1982-07-01,0.078121185,0.05353735
THA,1982-10-01,-2.0157917,-1.3814453
THA,1983-01-01,-0.96555835,-0.6617083
THA,1983-04-01,2.7780857,1.9038543
THA,1983-07-01,0.66156197,0.45337605
THA,1983-10-01,-2.6928532,-1.8454434
THA,1984-01-01,-1.3255692,-0.90842783
THA,1984-04-01,1.4735819,1.0098627
THA,1984-07-01,0.13216908,0.090577
THA,1984-10-01,-2.069039,-1.4179363
THA,1985-01-01,-0.7041302,-0.48254853
THA,1985-04-01,1.2583128,0.8623363
THA,1985-07-01,-0.04635938,-0.031770617
THA,1985-10-01,-1.9625034,-1.3449262
THA,1986-01-01,-1.7096506,-1.1716433
THA,1986-04-01,1.4691099,1.0067979
THA,1986-07-01,0.45086542,0.30898327
THA,1986-10-01,-1.8404554,-1.2612853
THA,1987-01-01,-0.88670033,-0.60766596
THA,1987-04-01,2.1915538,1.5018971
THA,1987-07-01,0.9317182,0.6385172
THA,1987-10-01,-1.78895,-1.225988
THA,1988-01-01,-0.09847069,-0.0674831
THA,1988-04-01,1.6654822,1.1413741
THA,1988-07-01,0.72171974,0.49460286
THA,1988-10-01,-2.5459843,-1.7447925
THA,1989-01-01,-0.96209335,-0.6593337
THA,1989-04-01,1.8445835,1.2641144
THA,1989-07-01,0.5794093,0.3970759
THA,1989-10-01,-2.0595176,-1.4114112
THA,1990-01-01,-0.5199928,-0.3563571
THA,1990-04-01,1.8895365,1.2949212
THA,1990-07-01,0.69204587,0.474267
THA,1990-10-01,-1.6121,-1.1047907
THA,1991-01-01,-0.11858114,-0.081265025
THA,1991-04-01,2.114582,1.4491475
THA,1991-07-01,0.5773366,0.39565545
THA,1991-10-01,-1.9189764,-1.3150967
THA,1992-01-01,-1.4162197,-0.9705517
THA,1992-04-01,2.8133438,1.9280169
THA,1992-07-01,0.52216023,0.35784245
THA,1992-10-01,-2.7139866,-1.8599263
THA,1993-01-01,-1.6617094,-1.1387887
THA,1993-04-01,1.9737295,1.3526196
THA,1993-07-01,0.6213977,0.425851
THA,1993-10-01,-1.9379164,-1.3280765
THA,1994-01-01,-0.49704042,-0.34062755
THA,1994-04-01,1.6459745,1.1280054
THA,1994-07-01,0.28541246,0.19559646
THA,1994-10-01,-1.6530399,-1.1328473
THA,1995-01-01,-0.76365155,-0.5233392
THA,1995-04-01,2.2892444,1.5688456
THA,1995-07-01,0.45281854,0.31032178
THA,1995-10-01,-1.9579067,-1.3417761
THA,1996-01-01,-1.3108705,-0.8983547
THA,1996-04-01,1.339332,0.9178597
THA,1996-07-01,0.44646963,0.3059708
THA,1996-10-01,-1.7786217,-1.21891
THA,1997-01-01,-1.203825,-0.82499516
THA,1997-04-01,1.9252834,1.3194189
THA,1997-07-01,0.5878207,0.40284032
THA,1997-10-01,-0.62594414,-0.42896673
THA,1998-01-01,0.7096863,0.4863562
THA,1998-04-01,3.0470512,2.0881793
THA,1998-07-01,1.0708166,0.733843
THA,1998-10-01,-1.2404581,-0.8501003
THA,1999-01-01,-0.4399484,-0.30150172
THA,1999-04-01,0.90923434,0.6231088
THA,1999-07-01,0.49520555,0.33937007
THA,1999-10-01,-2.3900712,-1.6379434
THA,2000-01-01,-1.0429922,-0.7147746
THA,2000-04-01,1.013401,0.69449544
THA,2000-07-01,0.4051609,0.27766144
THA,2000-10-01,-1.3551394,-0.92869264
THA,2001-01-01,-0.46772575,-0.32053787
THA,2001-04-01,1.8803883,1.2886518
THA,2001-07-01,0.75630826,0.5183068
THA,2001-10-01,-1.7532724,-1.2015378
THA,2002-01-01,-0.62506676,-0.42836547
THA,2002-04-01,1.94177,1.3307173
THA,2002-07-01,0.59970284,0.41098326
THA,2002-10-01,-0.7025458,-0.48146275
THA,2003-01-01,-1.0483202,-0.7184259
THA,2003-04-01,2.2334774,1.5306278
THA,2003-07-01,0.8554344,0.5862391
THA,2003-10-01,-1.3145155,-0.9008526
THA,2004-01-01,-0.7662328,-0.52510816
THA,2004-04-01,1.9458059,1.3334832
THA,2004-07-01,0.72294617,0.49544334
THA,2004-10-01,-1.4357115,-0.98390967
THA,2005-01-01,-0.18732834,-0.12837827
THA,2005-04-01,2.3261745,1.5941542
THA,2005-07-01,0.846152,0.57987773
THA,2005-10-01,-1.2111416,-0.8300093
THA,2006-01-01,-0.30672073,-0.21019925
THA,2006-04-01,1.6283067,1.1158974
THA,2006-07-01,0.75475883,0.51724494
THA,2006-10-01,-0.8575471,-0.58768696
THA,2007-01-01,-0.5314458,-0.36420593
THA,2007-04-01,1.8921477,1.2967106
THA,2007-07-01,0.9659259,0.6619601
THA,2007-10-01,-1.507836,-1.0333374
THA,2008-01-01,-1.2535864,-0.85909724
THA,2008-04-01,1.3333721,0.9137753
THA,2008-07-01,0.618571,0.42391384
THA,2008-10-01,-1.8345293,-1.2572241
THA,2009-01-01,-1.1382027,-0.7800234
THA,2009-04-01,1.6134192,1.1056948
THA,2009-07-01,0.9247729,0.63375753
THA,2009-10-01,-1.0536175,-0.7220562
THA,2010-01-01,0.17473094,0.11974513
THA,2010-04-01,3.2703488,2.2412078
THA,2010-07-01,0.9547208,0.6542812
THA,2010-10-01,-1.3340162,-0.9142167
THA,2011-01-01,-1.9203854,-1.3160622
THA,2011-04-01,1.2584356,0.86242044
THA,2011-07-01,0.55354375,0.37934992
THA,2011-10-01,-1.5498238,-1.0621121
THA,2012-01-01,-0.38551775,-0.26419976
THA,2012-04-01,1.7703451,1.2132379
THA,2012-07-01,0.6352374,0.43533552
THA,2012-10-01,-0.055190403,-0.03782262
THA,2013-01-01,-0.0835425,-0.05725264
THA,2013-04-01,2.3253918,1.5936178
THA,2013-07-01,0.5566686,0.3814914
THA,2013-10-01,-1.9810854,-1.3576607
THA,2014-01-01,-1.3554655,-0.92891616
THA,2014-04-01,2.3568847,1.6152003
THA,2014-07-01,0.9022687,0.6183352
THA,2014-10-01,-0.9193751,-0.6300584
THA,2015-01-01,-1.0632426,-0.7286524
THA,2015-04-01,2.6373112,1.8073798
THA,2015-07-01,1.2167715,0.83386755
THA,2015-10-01,-0.20281918,-0.13899432
THA,2016-01-01,-0.6742897,-0.4620985
THA,2016-04-01,3.3382466,2.2877388
THA,2016-07-01,1.0146478,0.6953499
THA,2016-10-01,-0.5095374,-0.34919187
THA,2017-01-01,-0.4817327,-0.33013698
THA,2017-04-01,1.8766842,1.2861134
THA,2017-07-01,1.0288016,0.7050496
THA,2017-10-01,-1.0605049,-0.72677624
THA,2018-01-01,-0.90121967,-0.61761624
THA,2018-04-01,1.46422,1.0034469
THA,2018-07-01,0.8198102,0.5618254
THA,2018-10-01,-0.21914546,-0.15018292
THA,2019-01-01,0.40897498,0.2802753
THA,2019-04-01,3.0774574,2.1090171
THA,2019-07-01,1.1062222,0.7581068
THA,2019-10-01,-0.83243626,-0.5704782
THA,2020-01-01,0.38035265,0.26066005
THA,2020-04-01,2.8601525,1.9600955
THA,2020-07-01,1.4088751,0.96551836
THA,2020-10-01,-1.2796879,-0.8769849
THA,2021-01-01,-0.8583482,-0.5882359
THA,2021-04-01,2.0236466,1.3868284
THA,2021-07-01,1.0720495,0.73468786
THA,2021-10-01,-1.0359917,-0.70997703
THA,2022-01-01,-0.4800612,-0.32899147
THA,2022-04-01,1.5053171,1.0316112
THA,2022-07-01,0.9100723,0.6236831
THA,2022-10-01,-1.1046187,-0.7570079
THA,2023-01-01,-0.8609155,-0.5899953
THA,2023-04-01,3.1638253,2.168206
THA,2023-07-01,1.4340204,0.9827507
THA,2023-10-01,-0.21587436,-0.14794119
THA,2024-01-01,0.64889145,0.4446928
THA,2024-04-01,3.6050828,2.470605
THA,2024-07-01,1.22531,0.83971906
THA,2024-10-01,-0.5787055,-0.39659354
ZAF,1981-01-01,3.6098626,0.92627037
ZAF,1981-04-01,-3.5666454,-0.9151811
ZAF,1981-07-01,-5.565047,-1.4279597
ZAF,1981-10-01,2.3102913,0.5928077
ZAF,1982-01-01,4.6599827,1.1957253
ZAF,1982-04-01,-4.0169973,-1.0307388
ZAF,1982-07-01,-3.804204,-0.9761373
ZAF,1982-10-01,2.6797192,0.68760085
ZAF,1983-01-01,5.4246693,1.3919395
ZAF,1983-04-01,-2.7210362,-0.69820255
ZAF,1983-07-01,-4.3213687,-1.1088388
ZAF,1983-10-01,2.850895,0.7315236
ZAF,1984-01-01,5.386682,1.3821923
ZAF,1984-04-01,-3.648594,-0.9362086
ZAF,1984-07-01,-4.0277715,-1.0335034
ZAF,1984-10-01,2.6411393,0.6777014
ZAF,1985-01-01,4.4549165,1.1431065
ZAF,1985-04-01,-3.2365634,-0.8304839
ZAF,1985-07-01,-3.781141,-0.9702195
ZAF,1985-10-01,3.332243,0.85503477
ZAF,1986-01-01,4.3780055,1.1233715
ZAF,1986-04-01,-2.568127,-0.6589669
ZAF,1986-07-01,-3.9685109,-1.0182976
ZAF,1986-10-01,2.7626908,0.70889086
ZAF,1987-01-01,5.21361,1.337783
ZAF,1987-04-01,-2.4202948,-0.62103397
ZAF,1987-07-01,-4.901547,-1.2577093
ZAF,1987-10-01,3.0077908,0.77178216
ZAF,1988-01-01,5.085392,1.3048829
ZAF,1988-04-01,-4.044255,-1.037733
ZAF,1988-07-01,-4.1752963,-1.0713575
ZAF,1988-10-01,1.8154169,0.46582574
ZAF,1989-01-01,3.7034137,0.95027506
ZAF,1989-04-01,-3.6621075,-0.9396761
ZAF,1989-07-01,-4.3297925,-1.1110003
ZAF,1989-10-01,2.2534084,0.5782119
ZAF,1990-01-01,4.351253,1.1165069
ZAF,1990-04-01,-3.7477953,-0.9616631
ZAF,1990-07-01,-4.2006965,-1.077875
ZAF,1990-10-01,2.9378808,0.7538436
ZAF,1991-01-01,4.2508965,1.090756
ZAF,1991-04-01,-3.097966,-0.7949206
ZAF,1991-07-01,-4.715976,-1.2100929
ZAF,1991-10-01,2.824525,0.7247572
ZAF,1992-01-01,5.454223,1.3995229
ZAF,1992-04-01,-2.9289932,-0.75156313
ZAF,1992-07-01,-4.084281,-1.0480034
ZAF,1992-10-01,2.8358974,0.7276753
ZAF,1993-01-01,4.8526053,1.2451512
ZAF,1993-04-01,-3.55336,-0.91177213
ZAF,1993-07-01,-3.0245342,-0.7760784
ZAF,1993-10-01,3.1359165,0.8046585
ZAF,1994-01-01,3.9740002,1.019706
ZAF,1994-04-01,-3.3537772,-0.8605603
ZAF,1994-07-01,-4.470454,-1.1470933
ZAF,1994-10-01,2.816764,0.7227658
ZAF,1995-01-01,5.2796535,1.3547293
ZAF,1995-04-01,-3.781618,-0.97034186
ZAF,1995-07-01,-3.9329197,-1.009165
ZAF,1995-10-01,1.7611179,0.45189294
ZAF,1996-01-01,3.967759,1.0181046
ZAF,1996-04-01,-3.3454459,-0.8584225
ZAF,1996-07-01,-5.9025626,-1.5145643
ZAF,1996-10-01,1.829155,0.46935084
ZAF,1997-01-01,3.8462532,0.98692685
ZAF,1997-04-01,-4.788935,-1.2288138
ZAF,1997-07-01,-3.678949,-0.9439976
ZAF,1997-10-01,2.9181862,0.74879014
ZAF,1998-01-01,4.686458,1.2025187
ZAF,1998-04-01,-2.6828823,-0.6884125
ZAF,1998-07-01,-3.9304101,-1.0085211
ZAF,1998-10-01,2.611232,0.67002743
ZAF,1999-01-01,5.5933843,1.4352309
ZAF,1999-04-01,-2.5875838,-0.6639594
ZAF,1999-07-01,-3.9464598,-1.0126393
ZAF,1999-10-01,3.481467,0.8933248
ZAF,2000-01-01,3.7469056,0.96143484
ZAF,2000-04-01,-3.9763556,-1.0203104
ZAF,2000-07-01,-4.3964,-1.1280915
ZAF,2000-10-01,2.8031723,0.7192782
ZAF,2001-01-01,4.706077,1.2075528
ZAF,2001-04-01,-3.0259151,-0.77643275
ZAF,2001-07-01,-4.868885,-1.2493285
ZAF,2001-10-01,2.8136437,0.72196513
ZAF,2002-01-01,4.647697,1.1925728
ZAF,2002-04-01,-3.213563,-0.82458216
ZAF,2002-07-01,-4.2310243,-1.085657
ZAF,2002-10-01,3.1145637,0.7991795
ZAF,2003-01-01,5.4447093,1.3970817
ZAF,2003-04-01,-2.850128,-0.73132676
ZAF,2003-07-01,-4.621342,-1.1858103
ZAF,2003-10-01,3.659207,0.9389319
ZAF,2004-01-01,4.492903,1.1528536
ZAF,2004-04-01,-2.7957814,-0.7173817
ZAF,2004-07-01,-4.5396533,-1.1648494
ZAF,2004-10-01,4.2168117,1.0820101
ZAF,2005-01-01,4.8177543,1.2362086
ZAF,2005-04-01,-3.205243,-0.8224473
ZAF,2005-07-01,-3.0707905,-0.78794754
ZAF,2005-10-01,3.145158,0.80702984
ZAF,2006-01-01,4.015711,1.0304087
ZAF,2006-04-01,-4.3297334,-1.1109852
ZAF,2006-07-01,-4.1272883,-1.0590389
ZAF,2006-10-01,3.4260113,0.8790952
ZAF,2007-01-01,5.3447056,1.3714213
ZAF,2007-04-01,-3.123414,-0.80145043
ZAF,2007-07-01,-3.8319273,-0.9832509
ZAF,2007-10-01,2.2325313,0.57285494
ZAF,2008-01-01,4.4288325,1.1364135
ZAF,2008-04-01,-3.2686913,-0.8387278
ZAF,2008-07-01,-4.277982,-1.0977061
ZAF,2008-10-01,3.8436573,0.9862608
ZAF,2009-01-01,4.4316278,1.1371307
ZAF,2009-04-01,-2.9490175,-0.7567013
ZAF,2009-07-01,-4.279685,-1.0981431
ZAF,2009-10-01,3.062111,0.7857204
ZAF,2010-01-01,5.114551,1.3123649
ZAF,2010-04-01,-2.9925747,-0.7678778
ZAF,2010-07-01,-3.1255138,-0.8019892
ZAF,2010-10-01,3.1288116,0.8028354
ZAF,2011-01-01,4.787993,1.228572
ZAF,2011-04-01,-4.068989,-1.0440795
ZAF,2011-07-01,-4.7853107,-1.2278837
ZAF,2011-10-01,2.5621605,0.65743595
ZAF,2012-01-01,5.116991,1.312991
ZAF,2012-04-01,-3.4911385,-0.89580643
ZAF,2012-07-01,-4.6471663,-1.1924367
ZAF,2012-10-01,3.0659554,0.78670686
ZAF,2013-01-01,5.2691402,1.3520317
ZAF,2013-04-01,-3.349805,-0.8595411
ZAF,2013-07-01,-4.318889,-1.1082026
ZAF,2013-10-01,3.039334,0.779876
ZAF,2014-01-01,4.8879056,1.254209
ZAF,2014-04-01,-3.163266,-0.8116762
ZAF,2014-07-01,-3.6400697,-0.93402135
ZAF,2014-10-01,2.9677994,0.7615206
ZAF,2015-01-01,5.212109,1.3373978
ZAF,2015-04-01,-2.5727055,-0.6601417
ZAF,2015-07-01,-2.9717143,-0.76252514
ZAF,2015-10-01,4.9115396,1.2602733
ZAF,2016-01-01,5.844635,1.4997004
ZAF,2016-04-01,-2.15125,-0.5519986
ZAF,2016-07-01,-3.4316654,-0.880546
ZAF,2016-10-01,4.2789383,1.0979514
ZAF,2017-01-01,4.7947865,1.2303152
ZAF,2017-04-01,-2.1388884,-0.5488267
ZAF,2017-07-01,-3.0505817,-0.78276205
ZAF,2017-10-01,2.7475586,0.70500803
ZAF,2018-01-01,4.957129,1.2719713
ZAF,2018-04-01,-2.5181744,-0.64614934
ZAF,2018-07-01,-3.93367,-1.0093576
ZAF,2018-10-01,4.1792583,1.0723741
ZAF,2019-01-01,5.7819595,1.4836183
ZAF,2019-04-01,-1.8008038,-0.4620761
ZAF,2019-07-01,-2.3785665,-0.61032677
ZAF,2019-10-01,4.1558113,1.0663577
ZAF,2020-01-01,5.1635094,1.3249273
ZAF,2020-04-01,-2.9012327,-0.74443996
ZAF,2020-07-01,-3.9965565,-1.0254939
ZAF,2020-10-01,3.6879635,0.94631064
ZAF,2021-01-01,4.4928684,1.1528447
ZAF,2021-04-01,-2.0081546,-0.51528114
ZAF,2021-07-01,-4.066275,-1.0433832
ZAF,2021-10-01,2.2160084,0.56861526
ZAF,2022-01-01,4.761353,1.2217363
ZAF,2022-04-01,-3.5758612,-0.9175458
ZAF,2022-07-01,-3.1804492,-0.81608534
ZAF,2022-10-01,3.698552,0.94902754
ZAF,2023-01-01,4.8981533,1.2568386
ZAF,2023-04-01,-2.9106865,-0.74686575
ZAF,2023-07-01,-3.8184059,-0.9797814
ZAF,2023-10-01,3.9778175,1.0206856
ZAF,2024-01-01,5.965014,1.530589
ZAF,2024-04-01,-1.5851072,-0.40672958
ZAF,2024-07-01,-3.7957983,-0.9739804
ZAF,2024-10-01,4.291205,1.101099
