country,quarter,PRITHVI_MOISTURE_ANOM,PRITHVI_MOISTURE_STD
BRA,1981-01-01,0.0027730213,1.1371423
BRA,1981-04-01,-0.0014984241,-0.61446387
BRA,1981-07-01,-0.0036024556,-1.4772712
BRA,1981-10-01,0.0012315757,0.5050365
BRA,1982-01-01,0.0029759882,1.2203736
BRA,1982-04-01,-0.00093372184,-0.3828945
BRA,1982-07-01,-0.0029806055,-1.222267
BRA,1982-10-01,0.000601081,0.24648733
BRA,1983-01-01,0.002953326,1.2110804
BRA,1983-04-01,-0.0012090831,-0.49581283
BRA,1983-07-01,-0.002926929,-1.2002556
BRA,1983-10-01,0.0013077091,0.53625673
BRA,1984-01-01,0.0025790066,1.057582
BRA,1984-04-01,-0.00015234388,-0.062472176
BRA,1984-07-01,-0.0024894811,-1.02087
BRA,1984-10-01,0.00084153115,0.34508952
BRA,1985-01-01,0.003832547,1.5716256
BRA,1985-04-01,-0.00041170776,-0.1688304
BRA,1985-07-01,-0.002774798,-1.1378709
BRA,1985-10-01,0.0015744796,0.64565223
BRA,1986-01-01,0.0032205225,1.3206506
BRA,1986-04-01,-0.00072425586,-0.29699805
BRA,1986-07-01,-0.0025500807,-1.0457202
BRA,1986-10-01,0.0010651186,0.4367768
BRA,1987-01-01,0.0024348116,0.9984515
BRA,1987-04-01,-0.0008814411,-0.36145556
BRA,1987-07-01,-0.0030268412,-1.241227
BRA,1987-10-01,0.00082472153,0.33819637
BRA,1988-01-01,0.0032317347,1.3252485
BRA,1988-04-01,-0.00027143955,-0.11131014
BRA,1988-07-01,-0.0035489977,-1.4553496
BRA,1988-10-01,0.0013267236,0.54405403
BRA,1989-01-01,0.0032291447,1.3241863
BRA,1989-04-01,4.709636e-05,0.019312965
BRA,1989-07-01,-0.002832609,-1.1615776
BRA,1989-10-01,0.0019298824,0.79139346
BRA,1990-01-01,0.0025091132,1.0289205
BRA,1990-04-01,-0.0010043207,-0.4118452
BRA,1990-07-01,-0.0026764285,-1.0975322
BRA,1990-10-01,0.00031105537,0.12755553
BRA,1991-01-01,0.0033860998,1.3885494
BRA,1991-04-01,-0.00047937347,-0.19657831
BRA,1991-07-01,-0.0033239468,-1.3630621
BRA,1991-10-01,0.00016583782,0.06800567
BRA,1992-01-01,0.003319473,1.3612276
BRA,1992-04-01,-0.0016632815,-0.68206745
BRA,1992-07-01,-0.002837065,-1.1634048
BRA,1992-10-01,0.0011413647,0.4680433
BRA,1993-01-01,0.0025792809,1.0576944
BRA,1993-04-01,-0.001229953,-0.504371
BRA,1993-07-01,-0.002992184,-1.227015
BRA,1993-10-01,0.0010703636,0.43892762
BRA,1994-01-01,0.003415957,1.4007931
BRA,1994-04-01,-0.000247885,-0.10165105
BRA,1994-07-01,-0.0032817482,-1.3457576
BRA,1994-10-01,0.0007649241,0.31367502
BRA,1995-01-01,0.0028391024,1.1642404
BRA,1995-04-01,-3.4177986e-06,-0.0014015483
BRA,1995-07-01,-0.0035404188,-1.4518316
BRA,1995-10-01,0.0011777766,0.48297486
BRA,1996-01-01,0.003209825,1.3162638
BRA,1996-04-01,-0.0004082887,-0.16742833
BRA,1996-07-01,-0.003032049,-1.2433627
BRA,1996-10-01,0.0010686824,0.43823823
BRA,1997-01-01,0.0039857686,1.6344577
BRA,1997-04-01,-0.0008264401,-0.3389011
BRA,1997-07-01,-0.0035557307,-1.4581106
BRA,1997-10-01,0.00026639752,0.109242536
BRA,1998-01-01,0.0024547167,1.006614
BRA,1998-04-01,-0.0012066736,-0.49482474
BRA,1998-07-01,-0.0032458557,-1.3310391
BRA,1998-10-01,0.0010528737,0.43175548
BRA,1999-01-01,0.0032510636,1.3331747
BRA,1999-04-01,-0.00044906978,-0.18415157
BRA,1999-07-01,-0.0032841123,-1.3467271
BRA,1999-10-01,0.00081696716,0.3350165
BRA,2000-01-01,0.0035729443,1.4651694
BRA,2000-04-01,-0.00084587716,-0.34687173
BRA,2000-07-01,-0.0024984754,-1.0245583
BRA,2000-10-01,0.00088098476,0.3612684
BRA,2001-01-01,0.0026780416,1.0981936
BRA,2001-04-01,-0.0009383536,-0.38479385
BRA,2001-07-01,-0.0031857442,-1.306389
BRA,2001-10-01,0.00078244024,0.32085794
BRA,2002-01-01,0.0030436444,1.2481176
BRA,2002-04-01,-0.0010202132,-0.41836232
BRA,2002-07-01,-0.0033821317,-1.3869222
BRA,2002-10-01,0.00025947407,0.10640341
BRA,2003-01-01,0.0027749129,1.137918
BRA,2003-04-01,-0.00076997577,-0.31574658
BRA,2003-07-01,-0.003458557,-1.4182622
BRA,2003-10-01,0.00010271013,0.04211869
BRA,2004-01-01,0.004071262,1.6695163
BRA,2004-04-01,-0.0011358679,-0.4657892
BRA,2004-07-01,-0.0034125892,-1.399412
BRA,2004-10-01,8.527702e-05,0.034969836
BRA,2005-01-01,0.0032486643,1.3321909
BRA,2005-04-01,-0.0012493664,-0.51233196
BRA,2005-07-01,-0.0037205946,-1.5257169
BRA,2005-10-01,0.0010991781,0.4507437
BRA,2006-01-01,0.003086351,1.2656305
BRA,2006-04-01,-0.00073494593,-0.30138177
BRA,2006-07-01,-0.0036194448,-1.484238
BRA,2006-10-01,0.0010187762,0.417773
BRA,2007-01-01,0.002711229,1.1118029
BRA,2007-04-01,-0.0013452038,-0.5516323
BRA,2007-07-01,-0.003831489,-1.5711917
BRA,2007-10-01,0.0006600139,0.27065414
BRA,2008-01-01,0.0037197536,1.525372
BRA,2008-04-01,-0.00064427126,-0.2641985
BRA,2008-07-01,-0.0037661456,-1.5443962
BRA,2008-10-01,0.0010531234,0.43185788
BRA,2009-01-01,0.0038155017,1.5646358
BRA,2009-04-01,0.00027325345,0.11205397
BRA,2009-07-01,-0.0033546162,-1.3756388
BRA,2009-10-01,0.00089762826,0.36809346
BRA,2010-01-01,0.0024661273,1.0112932
BRA,2010-04-01,-0.001086864,-0.44569403
BRA,2010-07-01,-0.004021913,-1.6492795
BRA,2010-10-01,0.0010581482,0.43391845
BRA,2011-01-01,0.0041324473,1.6946067
BRA,2011-04-01,-0.00080329133,-0.3294084
BRA,2011-07-01,-0.0038829895,-1.5923107
BRA,2011-10-01,0.0012053443,0.49427965
BRA,2012-01-01,0.0028857898,1.1833856
BRA,2012-04-01,-0.0014963825,-0.61362666
BRA,2012-07-01,-0.0040237154,-1.6500187
BRA,2012-10-01,8.332776e-05,0.034170497
BRA,2013-01-01,0.0032771921,1.3438894
BRA,2013-04-01,-0.00080413715,-0.32975525
BRA,2013-07-01,-0.0033906288,-1.3904067
BRA,2013-10-01,0.0011525409,0.47262636
BRA,2014-01-01,0.0026488828,1.0862364
BRA,2014-04-01,-0.00062512996,-0.25634918
BRA,2014-07-01,-0.0036161456,-1.4828851
BRA,2014-10-01,0.000682858,0.2800219
BRA,2015-01-01,0.002684369,1.1007884
BRA,2015-04-01,-0.00067800126,-0.27803028
BRA,2015-07-01,-0.0037488716,-1.5373125
BRA,2015-10-01,-0.00074150274,-0.30407053
BRA,2016-01-01,0.0030686723,1.2583809
BRA,2016-04-01,-0.0015831897,-0.649224
BRA,2016-07-01,-0.003503633,-1.4367467
BRA,2016-10-01,0.000810357,0.33230585
BRA,2017-01-01,0.0035097904,1.4392717
BRA,2017-04-01,-0.00099066,-0.40624332
BRA,2017-07-01,-0.0041040243,-1.6829512
BRA,2017-10-01,0.0005817803,0.23857261
BRA,2018-01-01,0.0030193257,1.2381451
BRA,2018-04-01,-0.0009920847,-0.40682757
BRA,2018-07-01,-0.0035242084,-1.4451841
BRA,2018-10-01,0.0012912438,0.5295047
BRA,2019-01-01,0.002566667,1.0525218
BRA,2019-04-01,-0.00065660104,-0.26925462
BRA,2019-07-01,-0.0038195688,-1.5663035
BRA,2019-10-01,0.00023557292,0.09660219
BRA,2020-01-01,0.0029738166,1.219483
BRA,2020-04-01,-0.0005206115,-0.21348892
BRA,2020-07-01,-0.0041920887,-1.7190641
BRA,2020-10-01,-9.516316e-05,-0.03902388
BRA,2021-01-01,0.0028696486,1.1767665
BRA,2021-04-01,-0.0014920342,-0.6118435
BRA,2021-07-01,-0.003987953,-1.6353534
BRA,2021-10-01,0.0017517707,0.7183546
BRA,2022-01-01,0.0031174642,1.2783892
BRA,2022-04-01,-0.0012632939,-0.5180432
BRA,2022-07-01,-0.0039961985,-1.6387347
BRA,2022-10-01,0.0007147325,0.2930928
BRA,2023-01-01,0.002899032,1.188816
BRA,2023-04-01,-0.0014249994,-0.58435434
BRA,2023-07-01,-0.0044056647,-1.8066459
BRA,2023-10-01,-0.0014967137,-0.6137625
BRA,2024-01-01,0.0023868817,0.9787967
BRA,2024-04-01,-0.0012878434,-0.5281103
BRA,2024-07-01,-0.004803789,-1.969906
BRA,2024-10-01,-0.0002114616,-0.08671478
CHL,1981-01-01,0.00047173133,0.7275222
CHL,1981-04-01,0.0003704444,0.5713136
CHL,1981-07-01,8.993782e-06,0.013870557
CHL,1981-10-01,-0.000111573994,-0.1720737
CHL,1982-01-01,0.00053338223,0.8226026
CHL,1982-04-01,-0.00017969776,-0.2771368
CHL,1982-07-01,-0.0004619658,-0.7124615
CHL,1982-10-01,0.000375384,0.5789316
CHL,1983-01-01,3.1606603e-05,0.04874492
CHL,1983-04-01,-0.0003370374,-0.5197921
CHL,1983-07-01,0.00026037637,0.40156245
CHL,1983-10-01,-7.938951e-05,-0.12243756
CHL,1984-01-01,0.000795302,1.2265453
CHL,1984-04-01,3.2704943e-07,0.00050438824
CHL,1984-07-01,-0.0011530416,-1.7782651
CHL,1984-10-01,0.00015493979,0.2389541
CHL,1985-01-01,0.0008887495,1.3706636
CHL,1985-04-01,0.00042862663,0.6610445
CHL,1985-07-01,-0.00011020666,-0.16996495
CHL,1985-10-01,-0.00058538653,-0.9028056
CHL,1986-01-01,0.0013995925,2.1585054
CHL,1986-04-01,0.001632609,2.5178726
CHL,1986-07-01,-0.0008035254,-1.2392278
CHL,1986-10-01,-8.318713e-05,-0.1282944
CHL,1987-01-01,0.0006653505,1.0261292
CHL,1987-04-01,6.233171e-05,0.09613036
CHL,1987-07-01,0.00027035177,0.41694692
CHL,1987-10-01,-0.00024862945,-0.38344592
CHL,1988-01-01,-0.00039401618,-0.6076669
CHL,1988-04-01,-0.00066376635,-1.023686
CHL,1988-07-01,-0.0014961549,-2.3074276
CHL,1988-10-01,0.00076470553,1.1793584
CHL,1989-01-01,0.00012550798,0.19356325
CHL,1989-04-01,0.00026303483,0.40566245
CHL,1989-07-01,-0.000841635,-1.2980019
CHL,1989-10-01,0.0009145296,1.4104228
CHL,1990-01-01,-0.0003415734,-0.52678764
CHL,1990-04-01,0.00045116278,0.6958006
CHL,1990-07-01,3.1097326e-05,0.047959495
CHL,1990-10-01,0.0007873403,1.2142665
CHL,1991-01-01,0.000412274,0.63582486
CHL,1991-04-01,-5.94339e-06,-0.009166125
CHL,1991-07-01,-0.0005594984,-0.86287993
CHL,1991-10-01,8.385163e-06,0.012931921
CHL,1992-01-01,-0.00065201445,-1.0055618
CHL,1992-04-01,0.00038132537,0.58809465
CHL,1992-07-01,-0.0011147489,-1.7192086
CHL,1992-10-01,0.00033235535,0.5125712
CHL,1993-01-01,0.00053585303,0.82641315
CHL,1993-04-01,0.00026422614,0.40749973
CHL,1993-07-01,-0.00028984156,-0.4470048
CHL,1993-10-01,0.00023765226,0.36651647
CHL,1994-01-01,-0.00041357553,-0.6378321
CHL,1994-04-01,0.0006318271,0.9744281
CHL,1994-07-01,-0.0001348139,-0.2079152
CHL,1994-10-01,-0.00013859959,-0.21375361
CHL,1995-01-01,-0.0005792722,-0.89337593
CHL,1995-04-01,0.0002453945,0.37845686
CHL,1995-07-01,-0.0001470816,-0.22683492
CHL,1995-10-01,-0.0009111127,-1.405153
CHL,1996-01-01,0.0003198216,0.49324122
CHL,1996-04-01,-0.0001332527,-0.20550744
CHL,1996-07-01,-0.0008775124,-1.3533334
CHL,1996-10-01,0.00050733675,0.7824343
CHL,1997-01-01,5.5112564e-06,0.008499672
CHL,1997-04-01,0.00043642116,0.67306554
CHL,1997-07-01,2.6085103e-05,0.04022945
CHL,1997-10-01,9.405054e-05,0.14504836
CHL,1998-01-01,-0.0007012792,-1.0815398
CHL,1998-04-01,-0.001990201,-3.0693645
CHL,1998-07-01,0.00065470085,1.0097048
CHL,1998-10-01,0.0006160939,0.9501638
CHL,1999-01-01,-0.00059343706,-0.91522145
CHL,1999-04-01,-0.00090533885,-1.3962485
CHL,1999-07-01,-0.00015291618,-0.23583323
CHL,1999-10-01,-0.0006121597,-0.9440963
CHL,2000-01-01,-0.00021433255,-0.33055192
CHL,2000-04-01,-0.00021867221,-0.33724472
CHL,2000-07-01,-0.0010838449,-1.6715474
CHL,2000-10-01,0.00046724608,0.7206049
CHL,2001-01-01,0.001904247,2.936803
CHL,2001-04-01,-7.371899e-05,-0.11369227
CHL,2001-07-01,-0.00056062156,-0.86461216
CHL,2001-10-01,-0.0004309703,-0.664659
CHL,2002-01-01,-0.00013723706,-0.21165228
CHL,2002-04-01,4.9429636e-05,0.07623229
CHL,2002-07-01,-0.00046427827,-0.71602786
CHL,2002-10-01,0.0010721983,1.6535854
CHL,2003-01-01,0.0005553959,0.85655296
CHL,2003-04-01,-0.00047737043,-0.73621905
CHL,2003-07-01,-0.0002824481,-0.43560234
CHL,2003-10-01,0.0010690653,1.6487536
CHL,2004-01-01,-0.0004910336,-0.7572909
CHL,2004-04-01,0.00018719964,0.28870648
CHL,2004-07-01,-0.00029868897,-0.46064964
CHL,2004-10-01,0.00038257302,0.59001887
CHL,2005-01-01,-0.00016758684,-0.25845888
CHL,2005-04-01,0.001232788,1.9012531
CHL,2005-07-01,-0.0010852473,-1.6737101
CHL,2005-10-01,-0.00057426776,-0.88565785
CHL,2006-01-01,0.00078433455,1.209631
CHL,2006-04-01,-0.00014484487,-0.22338535
CHL,2006-07-01,5.982195e-07,0.0009225972
CHL,2006-10-01,0.0011852682,1.8279662
CHL,2007-01-01,-0.0005447233,-0.84009326
CHL,2007-04-01,-4.002545e-05,-0.06172879
CHL,2007-07-01,-0.00093007786,-1.4344019
CHL,2007-10-01,-3.4248456e-05,-0.05281929
CHL,2008-01-01,-0.0006821764,-1.0520787
CHL,2008-04-01,0.0006246483,0.9633567
CHL,2008-07-01,-0.00066546345,-1.0263034
CHL,2008-10-01,-0.00010012897,-0.15442276
CHL,2009-01-01,0.0007523896,1.1603643
CHL,2009-04-01,0.00062216306,0.95952386
CHL,2009-07-01,-6.243804e-05,-0.09629435
CHL,2009-10-01,0.0003693622,0.56964463
CHL,2010-01-01,0.00031203358,0.4812302
CHL,2010-04-01,0.00016029894,0.24721919
CHL,2010-07-01,-0.00084382604,-1.301381
CHL,2010-10-01,0.0002836104,0.4373949
CHL,2011-01-01,0.00058992085,0.9097986
CHL,2011-04-01,0.00043304558,0.66785955
CHL,2011-07-01,-0.00031140228,-0.4802566
CHL,2011-10-01,-0.0012047207,-1.8579667
CHL,2012-01-01,0.00041671362,0.64267176
CHL,2012-04-01,0.0007566903,1.1669968
CHL,2012-07-01,-0.00053205603,-0.8205573
CHL,2012-10-01,0.00032579186,0.50244874
CHL,2013-01-01,-0.00084659486,-1.3056512
CHL,2013-04-01,0.0009871265,1.5223845
CHL,2013-07-01,-0.0003843396,-0.59274334
CHL,2013-10-01,-0.00022412185,-0.34564933
CHL,2014-01-01,7.702783e-05,0.11879528
CHL,2014-04-01,3.6902104e-06,0.0056911847
CHL,2014-07-01,-5.5704575e-05,-0.08590974
CHL,2014-10-01,0.00043224217,0.66662055
CHL,2015-01-01,-0.0003817558,-0.58875847
CHL,2015-04-01,0.00066090067,1.0192665
CHL,2015-07-01,0.0005770403,0.88993376
CHL,2015-10-01,-0.00079165463,-1.2209202
CHL,2016-01-01,-0.001137145,-1.7537488
CHL,2016-04-01,-0.0025659406,-3.9572923
CHL,2016-07-01,-0.0013157143,-2.0291452
CHL,2016-10-01,0.00034379354,0.5302116
CHL,2017-01-01,0.00047971666,0.7398375
CHL,2017-04-01,0.00043985154,0.678356
CHL,2017-07-01,0.0011450049,1.7658706
CHL,2017-10-01,0.0006936118,1.0697148
CHL,2018-01-01,0.0009384447,1.4473056
CHL,2018-04-01,9.74598e-05,0.15030625
CHL,2018-07-01,-0.0004534186,-0.6992796
CHL,2018-10-01,-2.3457376e-05,-0.036176868
CHL,2019-01-01,-0.00033714218,-0.51995367
CHL,2019-04-01,0.0001316932,0.20310234
CHL,2019-07-01,-0.0008748511,-1.349229
CHL,2019-10-01,0.00032062968,0.49448743
CHL,2020-01-01,0.0001011393,0.15598093
CHL,2020-04-01,0.00036062146,0.5561643
CHL,2020-07-01,-0.00067411223,-1.0396419
CHL,2020-10-01,-8.749807e-05,-0.13494289
CHL,2021-01-01,-0.0011167458,-1.7222883
CHL,2021-04-01,-0.0006103997,-0.94138193
CHL,2021-07-01,-0.00024049154,-0.37089533
CHL,2021-10-01,-0.00068368466,-1.0544049
CHL,2022-01-01,-0.00020480559,-0.31585908
CHL,2022-04-01,-0.0007026284,-1.0836205
CHL,2022-07-01,-0.00023209008,-0.35793826
CHL,2022-10-01,-0.0003746315,-0.5777711
CHL,2023-01-01,0.0004645954,0.7165169
CHL,2023-04-01,9.127939e-05,0.1407746
CHL,2023-07-01,9.4309915e-05,0.14544839
CHL,2023-10-01,-0.0004694094,-0.72394127
CHL,2024-01-01,-3.2599393e-05,-0.05027604
CHL,2024-04-01,-0.0003703426,-0.5711566
CHL,2024-07-01,-0.00048328828,-0.74534583
CHL,2024-10-01,-0.00072173233,-1.1130834
COL,1981-01-01,-0.0026895406,-1.2620387
COL,1981-04-01,0.0036519852,1.7136556
COL,1981-07-01,0.000114968665,0.053947836
COL,1981-10-01,-0.00039076526,-0.18336248
COL,1982-01-01,-0.002292324,-1.075649
COL,1982-04-01,0.002216304,1.0399773
COL,1982-07-01,-0.00041021593,-0.1924895
COL,1982-10-01,-0.001268493,-0.595227
COL,1983-01-01,-0.0036415085,-1.7087395
COL,1983-04-01,0.0014601644,0.68516684
COL,1983-07-01,0.0003061608,0.14366274
COL,1983-10-01,-0.0003671084,-0.17226176
COL,1984-01-01,-0.0011562085,-0.54253864
COL,1984-04-01,0.0018618585,0.8736575
COL,1984-07-01,0.00050089014,0.23503743
COL,1984-10-01,-0.00066155754,-0.31042892
COL,1985-01-01,-0.0044164485,-2.072372
COL,1985-04-01,0.0023948688,1.123767
COL,1985-07-01,0.0008225404,0.38596842
COL,1985-10-01,-0.00141204,-0.6625849
COL,1986-01-01,-0.0023008084,-1.0796301
COL,1986-04-01,0.0031468216,1.4766129
COL,1986-07-01,0.00058319914,0.27366006
COL,1986-10-01,-0.00017239433,-0.080894224
COL,1987-01-01,-0.0026517052,-1.2442847
COL,1987-04-01,0.0021051767,0.987832
COL,1987-07-01,0.0010474846,0.49152112
COL,1987-10-01,0.00042817462,0.20091644
COL,1988-01-01,-0.0039190827,-1.8389883
COL,1988-04-01,0.0037696853,1.7688851
COL,1988-07-01,0.002063637,0.9683399
COL,1988-10-01,8.12936e-05,0.038146164
COL,1989-01-01,-0.0020992549,-0.98505324
COL,1989-04-01,0.0028835086,1.3530561
COL,1989-07-01,0.00053247093,0.24985638
COL,1989-10-01,-0.0010099337,-0.47390074
COL,1990-01-01,-0.0026820728,-1.2585344
COL,1990-04-01,0.0027812815,1.3050871
COL,1990-07-01,-5.0584164e-05,-0.023736088
COL,1990-10-01,-2.164611e-05,-0.01015721
COL,1991-01-01,-0.0030092355,-1.4120522
COL,1991-04-01,0.003941138,1.8493375
COL,1991-07-01,0.0011643559,0.54636174
COL,1991-10-01,-0.0015829153,-0.7427664
COL,1992-01-01,-0.0036292325,-1.7029792
COL,1992-04-01,0.0020254217,0.95040786
COL,1992-07-01,0.0012976723,0.6089191
COL,1992-10-01,-0.0011026509,-0.51740736
COL,1993-01-01,-0.0016718606,-0.784503
COL,1993-04-01,0.0028967212,1.359256
COL,1993-07-01,0.000707505,0.33198926
COL,1993-10-01,-0.00010944499,-0.05135591
COL,1994-01-01,-0.0019136133,-0.8979429
COL,1994-04-01,0.0036117577,1.6947793
COL,1994-07-01,0.0009730707,0.45660317
COL,1994-10-01,-0.0007349504,-0.34486777
COL,1995-01-01,-0.0043789553,-2.0547788
COL,1995-04-01,0.0029872565,1.4017386
COL,1995-07-01,0.0014844397,0.6965577
COL,1995-10-01,-9.861185e-05,-0.046272572
COL,1996-01-01,-0.0022334533,-1.0480245
COL,1996-04-01,0.0029558511,1.3870021
COL,1996-07-01,0.00080339116,0.37698284
COL,1996-10-01,-0.0007875518,-0.3695504
COL,1997-01-01,-0.002958902,-1.3884336
COL,1997-04-01,0.001590942,0.7465328
COL,1997-07-01,-0.00052314316,-0.24547942
COL,1997-10-01,-0.001638645,-0.7689169
COL,1998-01-01,-0.0025400333,-1.1918839
COL,1998-04-01,0.0037329856,1.7516643
COL,1998-07-01,0.0016859466,0.7911127
COL,1998-10-01,0.0003033178,0.14232868
COL,1999-01-01,-0.0011184359,-0.52481425
COL,1999-04-01,0.0026173443,1.2281612
COL,1999-07-01,0.0010226875,0.47988537
COL,1999-10-01,-0.000609284,-0.2859001
COL,2000-01-01,-0.0032823214,-1.5401947
COL,2000-04-01,0.0035276238,1.6553004
COL,2000-07-01,0.001777173,0.83391976
COL,2000-10-01,-0.0003595613,-0.16872035
COL,2001-01-01,-0.003357745,-1.5755866
COL,2001-04-01,0.0013478389,0.6324592
COL,2001-07-01,0.00054558896,0.25601187
COL,2001-10-01,-0.0001468081,-0.06888816
COL,2002-01-01,-0.0034516149,-1.619634
COL,2002-04-01,0.0019805124,0.92933464
COL,2002-07-01,0.00052947766,0.24845183
COL,2002-10-01,-0.0006555328,-0.30760187
COL,2003-01-01,-0.004149794,-1.9472473
COL,2003-04-01,0.002826405,1.3262608
COL,2003-07-01,0.00066213496,0.31069988
COL,2003-10-01,0.00033620713,0.15776166
COL,2004-01-01,-0.004151111,-1.9478651
COL,2004-04-01,0.0023195927,1.0884445
COL,2004-07-01,0.00044122213,0.20703885
COL,2004-10-01,-0.0005182472,-0.24318205
COL,2005-01-01,-0.0031747802,-1.4897323
COL,2005-04-01,0.0020415413,0.95797175
COL,2005-07-01,-0.00029153036,-0.13679756
COL,2005-10-01,-0.00010817343,-0.050759245
COL,2006-01-01,-0.0021529368,-1.0102429
COL,2006-04-01,0.001383651,0.6492637
COL,2006-07-01,-0.00013053666,-0.061252955
COL,2006-10-01,0.00030390886,0.14260603
COL,2007-01-01,-0.0040358114,-1.8937621
COL,2007-04-01,0.0034482342,1.6180476
COL,2007-07-01,0.00059700635,0.28013894
COL,2007-10-01,-7.31259e-05,-0.03431356
COL,2008-01-01,-0.00333069,-1.5628912
COL,2008-04-01,0.0022388205,1.050543
COL,2008-07-01,0.001083904,0.50861055
COL,2008-10-01,4.8014335e-05,0.022530222
COL,2009-01-01,-0.0014114054,-0.6622871
COL,2009-04-01,0.001356807,0.6366674
COL,2009-07-01,0.00039882088,0.1871425
COL,2009-10-01,-0.00130192,-0.61091226
COL,2010-01-01,-0.0031748444,-1.4897623
COL,2010-04-01,0.0033267436,1.5610394
COL,2010-07-01,0.0012293439,0.57685673
COL,2010-10-01,0.00120821,0.56693983
COL,2011-01-01,-0.0023828533,-1.1181289
COL,2011-04-01,0.0031997345,1.5014417
COL,2011-07-01,0.00019026424,0.089279495
COL,2011-10-01,0.0009736481,0.45687413
COL,2012-01-01,-0.0018033929,-0.8462232
COL,2012-04-01,0.0020411357,0.95778143
COL,2012-07-01,-0.00018284842,-0.0857997
COL,2012-10-01,-0.001042727,-0.4892887
COL,2013-01-01,-0.002511998,-1.1787286
COL,2013-04-01,0.0022013534,1.032962
COL,2013-07-01,0.00065992214,0.30966154
COL,2013-10-01,-0.0010305109,-0.4835564
COL,2014-01-01,-0.003337796,-1.5662258
COL,2014-04-01,0.0025372317,1.1905693
COL,2014-07-01,0.00018960268,0.08896907
COL,2014-10-01,-0.00049270067,-0.2311946
COL,2015-01-01,-0.0026598156,-1.2480905
COL,2015-04-01,0.0018490577,0.8676509
COL,2015-07-01,-0.00022670254,-0.10637778
COL,2015-10-01,-0.0011675948,-0.5478816
COL,2016-01-01,-0.0041887495,-1.9655267
COL,2016-04-01,0.00272144,1.2770071
COL,2016-07-01,0.00034530865,0.16203246
COL,2016-10-01,0.00052431476,0.24602918
COL,2017-01-01,-0.0024720496,-1.1599833
COL,2017-04-01,0.0013825232,0.6487345
COL,2017-07-01,-0.00038187485,-0.17919075
COL,2017-10-01,-0.0014927881,-0.7004751
COL,2018-01-01,-0.0033985442,-1.5947311
COL,2018-04-01,0.0027201392,1.2763968
COL,2018-07-01,-0.0008144351,-0.3821651
COL,2018-10-01,-0.0013150437,-0.61707044
COL,2019-01-01,-0.003417968,-1.6038456
COL,2019-04-01,0.00240109,1.1266862
COL,2019-07-01,-0.0017282596,-0.8109676
COL,2019-10-01,-0.00075979746,-0.35652697
COL,2020-01-01,-0.0049532615,-2.324266
COL,2020-04-01,0.0011578295,0.5432993
COL,2020-07-01,0.0004419048,0.20735918
COL,2020-10-01,-0.00051586766,-0.24206547
COL,2021-01-01,-0.0029255624,-1.3727894
COL,2021-04-01,0.0028178098,1.3222276
COL,2021-07-01,0.0006254728,0.29349655
COL,2021-10-01,-0.0011290383,-0.5297893
COL,2022-01-01,-0.0031253656,-1.466545
COL,2022-04-01,0.0026536323,1.2451891
COL,2022-07-01,0.0005179299,0.24303316
COL,2022-10-01,-0.0012122974,-0.5688578
COL,2023-01-01,-0.0032202515,-1.5110692
COL,2023-04-01,0.000954876,0.44806552
COL,2023-07-01,-0.001132117,-0.531234
COL,2023-10-01,-0.0014915802,-0.6999083
COL,2024-01-01,-0.0045695975,-2.1442356
COL,2024-04-01,0.002272417,1.0663078
COL,2024-07-01,-0.0016452232,-0.7720037
COL,2024-10-01,-0.0010942767,-0.5134778
EGY,1981-01-01,-4.3911743e-05,-0.93177193
EGY,1981-04-01,-4.0773895e-05,-0.8651893
EGY,1981-07-01,-1.4652284e-05,-0.3109097
EGY,1981-10-01,-8.1022896e-05,-1.7192408
EGY,1982-01-01,7.915265e-05,1.6795555
EGY,1982-04-01,-2.1933587e-05,-0.4654131
EGY,1982-07-01,-2.1063266e-05,-0.44694558
EGY,1982-10-01,-5.327574e-05,-1.1304684
EGY,1983-01-01,2.7441061e-05,0.5822773
EGY,1983-04-01,-4.8654376e-05,-1.0324068
EGY,1983-07-01,-3.0473815e-05,-0.64662987
EGY,1983-10-01,-7.991695e-05,-1.6957735
EGY,1984-01-01,-4.3103184e-05,-0.9146149
EGY,1984-04-01,-5.549786e-05,-1.17762
EGY,1984-07-01,-3.0362184e-05,-0.6442611
EGY,1984-10-01,-6.389101e-05,-1.355716
EGY,1985-01-01,4.128578e-05,0.87605107
EGY,1985-04-01,-4.2726556e-06,-0.090662315
EGY,1985-07-01,-1.6865088e-05,-0.3578636
EGY,1985-10-01,0.00019032873,4.038623
EGY,1986-01-01,-7.397039e-06,-0.15695922
EGY,1986-04-01,2.0379957e-06,0.04324463
EGY,1986-07-01,-1.0686529e-05,-0.22675957
EGY,1986-10-01,2.6521555e-05,0.5627661
EGY,1987-01-01,8.292671e-06,0.17596382
EGY,1987-04-01,2.2154902e-06,0.04701092
EGY,1987-07-01,-2.0282848e-06,-0.043038573
EGY,1987-10-01,8.335647e-06,0.17687574
EGY,1988-01-01,0.00014438525,3.063739
EGY,1988-04-01,-1.5504969e-06,-0.0329003
EGY,1988-07-01,2.578059e-05,0.5470434
EGY,1988-10-01,6.7664674e-05,1.4357901
EGY,1989-01-01,3.3399916e-05,0.7087194
EGY,1989-04-01,-1.0342502e-05,-0.21945958
EGY,1989-07-01,7.4495133e-06,0.15807268
EGY,1989-10-01,-4.7080073e-05,-0.9990013
EGY,1990-01-01,3.0912663e-05,0.65594184
EGY,1990-04-01,-7.293711e-06,-0.15476668
EGY,1990-07-01,-4.2012348e-07,-0.008914683
EGY,1990-10-01,-6.067855e-05,-1.2875501
EGY,1991-01-01,0.00018477952,3.920873
EGY,1991-04-01,2.356995e-05,0.5001354
EGY,1991-07-01,3.4718735e-06,0.073670365
EGY,1991-10-01,2.4592455e-05,0.5218321
EGY,1992-01-01,8.593532e-05,1.8234783
EGY,1992-04-01,-5.618805e-06,-0.11922653
EGY,1992-07-01,5.8412647e-06,0.12394694
EGY,1992-10-01,-6.3397506e-06,-0.13452442
EGY,1993-01-01,3.2165397e-05,0.6825239
EGY,1993-04-01,4.6083783e-06,0.097786084
EGY,1993-07-01,-1.3469854e-05,-0.28581947
EGY,1993-10-01,-2.9467346e-05,-0.6252734
EGY,1994-01-01,4.0359184e-05,0.85638946
EGY,1994-04-01,-1.9800791e-05,-0.42015687
EGY,1994-07-01,-2.2558281e-06,-0.04786686
EGY,1994-10-01,0.0001857475,3.9414127
EGY,1995-01-01,2.7116504e-05,0.57539046
EGY,1995-04-01,3.411522e-06,0.07238975
EGY,1995-07-01,-6.241142e-06,-0.13243201
EGY,1995-10-01,-4.6715915e-05,-0.9912742
EGY,1996-01-01,-3.4328937e-07,-0.0072843246
EGY,1996-04-01,-5.1269503e-06,-0.108789764
EGY,1996-07-01,-1.4098914e-05,-0.29916763
EGY,1996-10-01,4.5266934e-06,0.096052796
EGY,1997-01-01,3.3381948e-05,0.70833814
EGY,1997-04-01,-1.9941683e-05,-0.4231465
EGY,1997-07-01,-5.703701e-06,-0.121027954
EGY,1997-10-01,-2.927386e-05,-0.6211678
EGY,1998-01-01,1.4240611e-05,0.30217433
EGY,1998-04-01,-1.463847e-05,-0.31061658
EGY,1998-07-01,-1.1388358e-05,-0.2416518
EGY,1998-10-01,-5.722693e-05,-1.2143095
EGY,1999-01-01,6.1304745e-05,1.3008374
EGY,1999-04-01,-4.1704585e-05,-0.88493776
EGY,1999-07-01,-2.0379734e-05,-0.43244156
EGY,1999-10-01,-6.6364126e-05,-1.4081935
EGY,2000-01-01,2.9048504e-05,0.61638594
EGY,2000-04-01,-1.591155e-05,-0.3376303
EGY,2000-07-01,1.9588499e-05,0.41565222
EGY,2000-10-01,-1.5604193e-05,-0.33110845
EGY,2001-01-01,-7.2505805e-05,-1.538515
EGY,2001-04-01,5.124098e-06,0.10872924
EGY,2001-07-01,6.6882253e-06,0.14191876
EGY,2001-10-01,-3.8272905e-05,-0.8121203
EGY,2002-01-01,2.9601573e-05,0.6281216
EGY,2002-04-01,4.773872e-06,0.101297736
EGY,2002-07-01,1.2253712e-05,0.26001394
EGY,2002-10-01,-3.6602218e-05,-0.7766697
EGY,2003-01-01,-1.2257937e-05,-0.26010358
EGY,2003-04-01,-7.773236e-06,-0.16494182
EGY,2003-07-01,1.9423964e-05,0.4121609
EGY,2003-10-01,-4.013591e-05,-0.8516518
EGY,2004-01-01,2.3528293e-05,0.49925148
EGY,2004-04-01,8.684884e-06,0.18428627
EGY,2004-07-01,1.0516301e-05,0.22314745
EGY,2004-10-01,-4.892723e-05,-1.0381966
EGY,2005-01-01,8.365552e-05,1.7751029
EGY,2005-04-01,5.183237e-06,0.10998413
EGY,2005-07-01,1.2870693e-05,0.27310577
EGY,2005-10-01,-5.3249674e-05,-1.1299154
EGY,2006-01-01,1.4499432e-06,0.030766629
EGY,2006-04-01,2.3752344e-05,0.5040057
EGY,2006-07-01,1.5255316e-05,0.32370555
EGY,2006-10-01,-3.3697423e-05,-0.7150322
EGY,2007-01-01,5.4692596e-06,0.11605329
EGY,2007-04-01,2.9707453e-05,0.6303683
EGY,2007-07-01,1.4221189e-05,0.30176222
EGY,2007-10-01,-7.01788e-05,-1.4891378
EGY,2008-01-01,5.5628134e-05,1.1803843
EGY,2008-04-01,1.2866318e-06,0.027301293
EGY,2008-07-01,4.193862e-06,0.08899038
EGY,2008-10-01,-6.1689556e-05,-1.3090028
EGY,2009-01-01,-2.8952258e-05,-0.61434364
EGY,2009-04-01,-4.6762484e-06,-0.09922624
EGY,2009-07-01,-5.88819e-06,-0.12494266
EGY,2009-10-01,-6.406104e-05,-1.3593237
EGY,2010-01-01,-7.0036817e-06,-0.1486125
EGY,2010-04-01,-4.171161e-07,-0.008850869
EGY,2010-07-01,1.162112e-05,0.24659084
EGY,2010-10-01,-3.2729877e-05,-0.6945017
EGY,2011-01-01,4.409217e-05,0.9356004
EGY,2011-04-01,5.339767e-06,0.11330557
EGY,2011-07-01,-7.300327e-06,-0.15490708
EGY,2011-10-01,-3.6282643e-05,-0.7698885
EGY,2012-01-01,-9.533212e-06,-0.2022871
EGY,2012-04-01,-2.2903618e-05,-0.48599637
EGY,2012-07-01,-4.525636e-06,-0.09603036
EGY,2012-10-01,-3.4763838e-05,-0.7376607
EGY,2013-01-01,-1.8140248e-05,-0.3849215
EGY,2013-04-01,-1.4831564e-05,-0.31471387
EGY,2013-07-01,6.41527e-06,0.13612688
EGY,2013-10-01,-3.6588546e-05,-0.7763795
EGY,2014-01-01,2.3180828e-05,0.49187854
EGY,2014-04-01,2.9282955e-05,0.6213608
EGY,2014-07-01,4.2343745e-06,0.08985002
EGY,2014-10-01,-8.496576e-05,-1.8029051
EGY,2015-01-01,1.4060322e-05,0.29834875
EGY,2015-04-01,-1.5970707e-05,-0.33888558
EGY,2015-07-01,5.8215323e-06,0.12352824
EGY,2015-10-01,2.1616064e-05,0.4586755
EGY,2016-01-01,-3.0629413e-05,-0.64993155
EGY,2016-04-01,-1.8801793e-05,-0.39895895
EGY,2016-07-01,-3.6087197e-06,-0.07657413
EGY,2016-10-01,-2.204786e-05,-0.46783787
EGY,2017-01-01,-5.534432e-05,-1.1743621
EGY,2017-04-01,-8.693819e-06,-0.18447585
EGY,2017-07-01,-1.1902545e-05,-0.25256246
EGY,2017-10-01,-8.568432e-05,-1.8181524
EGY,2018-01-01,-1.5081964e-05,-0.32002717
EGY,2018-04-01,-1.1062356e-05,-0.23473431
EGY,2018-07-01,-9.829014e-06,-0.20856377
EGY,2018-10-01,7.44313e-06,0.15793724
EGY,2019-01-01,-7.774797e-07,-0.016497495
EGY,2019-04-01,-1.5175135e-05,-0.32200417
EGY,2019-07-01,2.0349592e-06,0.043180197
EGY,2019-10-01,-9.458473e-06,-0.20070119
EGY,2020-01-01,0.00026593532,5.642934
EGY,2020-04-01,-2.2478198e-05,-0.4769693
EGY,2020-07-01,-3.7450616e-06,-0.0794672
EGY,2020-10-01,-4.0863586e-05,-0.8670925
EGY,2021-01-01,-1.9722944e-05,-0.418505
EGY,2021-04-01,-2.4699033e-05,-0.5240936
EGY,2021-07-01,-4.846564e-06,-0.10284019
EGY,2021-10-01,2.4223507e-06,0.051400334
EGY,2022-01-01,6.598855e-05,1.400224
EGY,2022-04-01,-2.4012299e-05,-0.50952166
EGY,2022-07-01,-3.109201e-06,-0.06597475
EGY,2022-10-01,-6.9035515e-05,-1.4648782
EGY,2023-01-01,-1.7618711e-05,-0.3738549
EGY,2023-04-01,1.8832216e-05,0.39960447
EGY,2023-07-01,1.7342943e-05,0.36800334
EGY,2023-10-01,-6.0185735e-05,-1.2770929
EGY,2024-01-01,-3.969978e-05,-0.8423974
EGY,2024-04-01,-4.554158e-06,-0.09663557
EGY,2024-07-01,5.6116103e-05,1.1907387
EGY,2024-10-01,-6.0761828e-05,-1.2893171
IDN,1981-01-01,0.00019890598,0.10410865
IDN,1981-04-01,-1.3439606e-05,-0.007034375
IDN,1981-07-01,-0.001739698,-0.9105689
IDN,1981-10-01,0.0017142143,0.8972306
IDN,1982-01-01,0.0015629776,0.8180723
IDN,1982-04-01,-0.0006330963,-0.33136663
IDN,1982-07-01,-0.005424272,-2.8390982
IDN,1982-10-01,-0.0015663352,-0.81982976
IDN,1983-01-01,0.00021060246,0.11023066
IDN,1983-04-01,0.0002681402,0.14034627
IDN,1983-07-01,-0.001984988,-1.0389553
IDN,1983-10-01,0.001417139,0.7417395
IDN,1984-01-01,0.0028812361,1.5080572
IDN,1984-04-01,0.0009150592,0.47894776
IDN,1984-07-01,-0.0007654832,-0.40065873
IDN,1984-10-01,0.00072177063,0.3777793
IDN,1985-01-01,0.0013865056,0.72570574
IDN,1985-04-01,-0.0005185241,-0.27139878
IDN,1985-07-01,-0.0009783035,-0.5120502
IDN,1985-10-01,0.0010956706,0.5734809
IDN,1986-01-01,0.0027569497,1.443005
IDN,1986-04-01,-0.00050519593,-0.26442274
IDN,1986-07-01,-0.0027979275,-1.4644529
IDN,1986-10-01,0.00084605534,0.4428307
IDN,1987-01-01,0.0011845877,0.6200207
IDN,1987-04-01,-0.00086159754,-0.45096558
IDN,1987-07-01,-0.0036826127,-1.9275028
IDN,1987-10-01,0.0011633415,0.60890025
IDN,1988-01-01,0.0031358923,1.6413459
IDN,1988-04-01,-0.00037316792,-0.19531845
IDN,1988-07-01,-0.0003885366,-0.20336251
IDN,1988-10-01,0.001145206,0.5994081
IDN,1989-01-01,0.0021263063,1.1129222
IDN,1989-04-01,-0.0004539465,-0.23759846
IDN,1989-07-01,-0.0012547048,-0.6567204
IDN,1989-10-01,0.0012775516,0.6686786
IDN,1990-01-01,0.0011109285,0.581467
IDN,1990-04-01,-0.000764347,-0.40006402
IDN,1990-07-01,-0.0023339142,-1.2215854
IDN,1990-10-01,0.00010580104,0.055376932
IDN,1991-01-01,0.0012384625,0.6482191
IDN,1991-04-01,-0.0008220508,-0.4302666
IDN,1991-07-01,-0.0045620655,-2.3878138
IDN,1991-10-01,0.0007602588,0.39792427
IDN,1992-01-01,0.00045048818,0.23578836
IDN,1992-04-01,-0.0006807779,-0.35632345
IDN,1992-07-01,-0.001971613,-1.0319546
IDN,1992-10-01,0.0013635937,0.7137136
IDN,1993-01-01,0.000859946,0.45010117
IDN,1993-04-01,-0.00021600693,-0.11305939
IDN,1993-07-01,-0.0032490727,-1.7005851
IDN,1993-10-01,0.0008802923,0.46075055
IDN,1994-01-01,0.0026745943,1.3998996
IDN,1994-04-01,0.00015308398,0.08012512
IDN,1994-07-01,-0.004738092,-2.4799473
IDN,1994-10-01,0.00015539707,0.081335805
IDN,1995-01-01,0.0031448419,1.6460301
IDN,1995-04-01,0.0005451683,0.28534454
IDN,1995-07-01,-0.00075920083,-0.39737052
IDN,1995-10-01,0.0018593911,0.97321707
IDN,1996-01-01,0.0015453628,0.8088526
IDN,1996-04-01,-0.000384404,-0.20119949
IDN,1996-07-01,-0.0015083896,-0.78950065
IDN,1996-10-01,0.0018396968,0.9629089
IDN,1997-01-01,0.00034884768,0.18258908
IDN,1997-04-01,-0.002708774,-1.4177895
IDN,1997-07-01,-0.005383771,-2.8178997
IDN,1997-10-01,-0.001164735,-0.60962963
IDN,1998-01-01,0.00076244836,0.3990703
IDN,1998-04-01,0.0011838455,0.6196322
IDN,1998-07-01,0.0006577838,0.3442882
IDN,1998-10-01,0.0017561972,0.9192047
IDN,1999-01-01,0.002349698,1.2298467
IDN,1999-04-01,0.000107631706,0.056335114
IDN,1999-07-01,-0.0018983068,-0.99358577
IDN,1999-10-01,0.0019477824,1.0194815
IDN,2000-01-01,0.0020711173,1.0840359
IDN,2000-04-01,0.0009003493,0.4712485
IDN,2000-07-01,-0.0022540756,-1.1797974
IDN,2000-10-01,0.001594644,0.83464676
IDN,2001-01-01,0.0025708915,1.3456209
IDN,2001-04-01,-0.00018128038,-0.0948833
IDN,2001-07-01,-0.0026518425,-1.3879912
IDN,2001-10-01,0.00134305,0.70296085
IDN,2002-01-01,0.001426563,0.7466721
IDN,2002-04-01,-0.00093925773,-0.49161342
IDN,2002-07-01,-0.0046785087,-2.448761
IDN,2002-10-01,-0.00042380765,-0.2218236
IDN,2003-01-01,0.001691274,0.8852235
IDN,2003-04-01,-0.0017179555,-0.89918876
IDN,2003-07-01,-0.0022203391,-1.1621395
IDN,2003-10-01,0.0016414964,0.8591696
IDN,2004-01-01,0.0012526807,0.655661
IDN,2004-04-01,-0.0017021686,-0.8909258
IDN,2004-07-01,-0.0032946914,-1.7244623
IDN,2004-10-01,0.000112285525,0.058770955
IDN,2005-01-01,0.00086474913,0.45261517
IDN,2005-04-01,-0.00045409924,-0.23767841
IDN,2005-07-01,-0.0025797037,-1.3502332
IDN,2005-10-01,0.002225248,1.1647089
IDN,2006-01-01,0.0020985045,1.0983704
IDN,2006-04-01,0.00019371416,0.10139122
IDN,2006-07-01,-0.003907909,-2.0454242
IDN,2006-10-01,-0.0006159693,-0.3224022
IDN,2007-01-01,0.0016913069,0.88524073
IDN,2007-04-01,0.0010811264,0.5658684
IDN,2007-07-01,-0.0018175332,-0.95130837
IDN,2007-10-01,0.0012164653,0.6367056
IDN,2008-01-01,0.0014602821,0.7643209
IDN,2008-04-01,-9.944352e-05,-0.052049365
IDN,2008-07-01,-0.0007852372,-0.4109981
IDN,2008-10-01,0.0027852354,1.4578098
IDN,2009-01-01,0.0016256099,0.8508545
IDN,2009-04-01,-0.0008800747,-0.46063665
IDN,2009-07-01,-0.0036441593,-1.907376
IDN,2009-10-01,0.0011422482,0.5978599
IDN,2010-01-01,0.0023925889,1.2522961
IDN,2010-04-01,0.0015285561,0.8000559
IDN,2010-07-01,0.0010786535,0.56457406
IDN,2010-10-01,0.0021371015,1.1185725
IDN,2011-01-01,0.0014641524,0.7663466
IDN,2011-04-01,0.00024815463,0.1298857
IDN,2011-07-01,-0.002353484,-1.2318285
IDN,2011-10-01,0.0019488285,1.0200291
IDN,2012-01-01,0.0018861312,0.987213
IDN,2012-04-01,-1.36923045e-05,-0.0071666385
IDN,2012-07-01,-0.0021500185,-1.1253332
IDN,2012-10-01,0.00226725,1.1866931
IDN,2013-01-01,0.002372491,1.2417767
IDN,2013-04-01,0.0015457472,0.80905384
IDN,2013-07-01,-0.00059485715,-0.31135198
IDN,2013-10-01,0.0021639795,1.1326405
IDN,2014-01-01,-9.220807e-05,-0.048262287
IDN,2014-04-01,0.00059768994,0.31283468
IDN,2014-07-01,-0.002324203,-1.2165025
IDN,2014-10-01,0.0010638591,0.5568306
IDN,2015-01-01,0.0016004475,0.83768433
IDN,2015-04-01,-1.6501794e-05,-0.008637143
IDN,2015-07-01,-0.005193624,-2.7183757
IDN,2015-10-01,-0.00026003364,-0.13610326
IDN,2016-01-01,0.0028897997,1.5125394
IDN,2016-04-01,0.0016158391,0.8457404
IDN,2016-07-01,-0.00035849368,-0.18763785
IDN,2016-10-01,0.0028038605,1.4675583
IDN,2017-01-01,0.0024487078,1.2816691
IDN,2017-04-01,0.0017700134,0.9264362
IDN,2017-07-01,-0.00056260295,-0.29446992
IDN,2017-10-01,0.0019829345,1.0378804
IDN,2018-01-01,0.0018375308,0.9617752
IDN,2018-04-01,0.00035732487,0.1870261
IDN,2018-07-01,-0.0030021202,-1.5713286
IDN,2018-10-01,0.0015430046,0.8076184
IDN,2019-01-01,0.0015760101,0.82489365
IDN,2019-04-01,0.0004336474,0.22697379
IDN,2019-07-01,-0.0047181672,-2.4695184
IDN,2019-10-01,-0.00029103053,-0.15232722
IDN,2020-01-01,0.0021544017,1.1276275
IDN,2020-04-01,0.0019012509,0.9951267
IDN,2020-07-01,-0.0005055654,-0.2646161
IDN,2020-10-01,0.0017504297,0.916186
IDN,2021-01-01,0.0019414896,1.0161879
IDN,2021-04-01,4.084874e-05,0.021380488
IDN,2021-07-01,0.00025556298,0.13376328
IDN,2021-10-01,0.0018935666,0.9911047
IDN,2022-01-01,0.0017198831,0.9001977
IDN,2022-04-01,0.00057302165,0.29992315
IDN,2022-07-01,0.0002674684,0.13999465
IDN,2022-10-01,0.0023200533,1.2143306
IDN,2023-01-01,0.0015704697,0.82199377
IDN,2023-04-01,-0.0006672147,-0.3492244
IDN,2023-07-01,-0.0030211883,-1.5813091
IDN,2023-10-01,0.00015310415,0.08013568
IDN,2024-01-01,0.0026549548,1.3896201
IDN,2024-04-01,0.0019198464,1.0048597
IDN,2024-07-01,-0.0021660815,-1.1337407
IDN,2024-10-01,0.0022062138,1.1547462
IND,1981-01-01,-0.002960479,-0.8875954
IND,1981-04-01,-0.0006435863,-0.19295669
IND,1981-07-01,0.004584788,1.3745873
IND,1981-10-01,-0.0025877918,-0.7758583
IND,1982-01-01,-0.0030172046,-0.9046026
IND,1982-04-01,-0.0004293512,-0.12872584
IND,1982-07-01,0.0039699133,1.1902388
IND,1982-10-01,-0.0024598257,-0.73749214
IND,1983-01-01,-0.0031791916,-0.9531687
IND,1983-04-01,-7.201483e-05,-0.021591112
IND,1983-07-01,0.0062341616,1.8690939
IND,1983-10-01,-0.0022009371,-0.65987355
IND,1984-01-01,-0.002886002,-0.8652661
IND,1984-04-01,0.00022782602,0.06830561
IND,1984-07-01,0.0046317386,1.3886638
IND,1984-10-01,-0.0027060155,-0.8113035
IND,1985-01-01,-0.00332627,-0.997265
IND,1985-04-01,-0.0006437262,-0.19299865
IND,1985-07-01,0.004236258,1.2700928
IND,1985-10-01,-0.00207515,-0.6221607
IND,1986-01-01,-0.0030274207,-0.90766555
IND,1986-04-01,-1.8832428e-05,-0.005646241
IND,1986-07-01,0.004068199,1.2197063
IND,1986-10-01,-0.0022960443,-0.68838805
IND,1987-01-01,-0.0033721768,-1.0110285
IND,1987-04-01,-0.00092903717,-0.2785391
IND,1987-07-01,0.003394489,1.0177181
IND,1987-10-01,-0.0019203201,-0.5757404
IND,1988-01-01,-0.0030629702,-0.9183238
IND,1988-04-01,-0.00016485318,-0.049425423
IND,1988-07-01,0.007014072,2.1029227
IND,1988-10-01,-0.002491003,-0.7468395
IND,1989-01-01,-0.0032297608,-0.9683301
IND,1989-04-01,7.630504e-05,0.02287738
IND,1989-07-01,0.005651576,1.6944262
IND,1989-10-01,-0.0025104093,-0.7526579
IND,1990-01-01,-0.002649672,-0.79441094
IND,1990-04-01,0.001318126,0.3951937
IND,1990-07-01,0.0063307197,1.8980435
IND,1990-10-01,-0.001767269,-0.5298534
IND,1991-01-01,-0.0030404895,-0.9115838
IND,1991-04-01,0.0006612351,0.19824807
IND,1991-07-01,0.004745268,1.4227015
IND,1991-10-01,-0.0024031021,-0.72048557
IND,1992-01-01,-0.0031167658,-0.93445253
IND,1992-04-01,-0.00086854777,-0.26040348
IND,1992-07-01,0.004742052,1.4217374
IND,1992-10-01,-0.0025218083,-0.75607544
IND,1993-01-01,-0.002979649,-0.89334285
IND,1993-04-01,-2.1323407e-05,-0.006393073
IND,1993-07-01,0.0051891776,1.5557922
IND,1993-10-01,-0.0019824186,-0.59435844
IND,1994-01-01,-0.0027882254,-0.83595127
IND,1994-04-01,0.00047873193,0.14353092
IND,1994-07-01,0.0056573413,1.6961547
IND,1994-10-01,-0.0022009895,-0.6598892
IND,1995-01-01,-0.0027276946,-0.8178032
IND,1995-04-01,-0.00019413668,-0.05820505
IND,1995-07-01,0.005486497,1.6449331
IND,1995-10-01,-0.0020344344,-0.6099535
IND,1996-01-01,-0.002826415,-0.8474011
IND,1996-04-01,0.00031110877,0.09327502
IND,1996-07-01,0.0051509286,1.5443246
IND,1996-10-01,-0.0021171106,-0.6347411
IND,1997-01-01,-0.0030909476,-0.92671186
IND,1997-04-01,-1.5244276e-05,-0.0045704595
IND,1997-07-01,0.005417542,1.6242594
IND,1997-10-01,-0.0016076695,-0.48200312
IND,1998-01-01,-0.002662452,-0.7982425
IND,1998-04-01,0.00016472668,0.049387496
IND,1998-07-01,0.005364346,1.6083103
IND,1998-10-01,-0.0016555502,-0.49635845
IND,1999-01-01,-0.0032772815,-0.9825775
IND,1999-04-01,0.0004077096,0.12223737
IND,1999-07-01,0.0043424084,1.3019183
IND,1999-10-01,-0.0021145388,-0.63397
IND,2000-01-01,-0.0031007358,-0.9296465
IND,2000-04-01,0.00086026575,0.2579204
IND,2000-07-01,0.0044633914,1.3381908
IND,2000-10-01,-0.0028063152,-0.8413748
IND,2001-01-01,-0.0034575432,-1.0366226
IND,2001-04-01,0.00086008414,0.25786597
IND,2001-07-01,0.0040446757,1.2126536
IND,2001-10-01,-0.0021006467,-0.62980497
IND,2002-01-01,-0.0030912384,-0.92679906
IND,2002-04-01,0.0001617254,0.04848767
IND,2002-07-01,0.0036217235,1.0858463
IND,2002-10-01,-0.0025945085,-0.777872
IND,2003-01-01,-0.0029227624,-0.87628746
IND,2003-04-01,-0.00032042922,-0.096069425
IND,2003-07-01,0.005853196,1.7548748
IND,2003-10-01,-0.0020367287,-0.6106414
IND,2004-01-01,-0.003253106,-0.97532934
IND,2004-04-01,0.0004626545,0.13871068
IND,2004-07-01,0.004566932,1.3692338
IND,2004-10-01,-0.0022613395,-0.67798305
IND,2005-01-01,-0.0026164446,-0.7844488
IND,2005-04-01,-0.00068752846,-0.2061312
IND,2005-07-01,0.0052793045,1.5828136
IND,2005-10-01,-0.0019495208,-0.5844952
IND,2006-01-01,-0.0030358585,-0.91019535
IND,2006-04-01,0.0001192571,0.035755046
IND,2006-07-01,0.0056647896,1.6983877
IND,2006-10-01,-0.0023443454,-0.7028695
IND,2007-01-01,-0.0029086778,-0.87206465
IND,2007-04-01,0.0006722226,0.20154229
IND,2007-07-01,0.0064817504,1.9433247
IND,2007-10-01,-0.0023412716,-0.70194787
IND,2008-01-01,-0.0026217916,-0.7860519
IND,2008-04-01,0.00072610116,0.21769588
IND,2008-07-01,0.0057022446,1.7096174
IND,2008-10-01,-0.0023321481,-0.69921255
IND,2009-01-01,-0.003279687,-0.98329866
IND,2009-04-01,-0.0009857405,-0.2955396
IND,2009-07-01,0.005497725,1.6482995
IND,2009-10-01,-0.0016200381,-0.4857114
IND,2010-01-01,-0.0030895993,-0.9263076
IND,2010-04-01,0.00011130539,0.033371
IND,2010-07-01,0.007008409,2.101225
IND,2010-10-01,-0.0013828793,-0.4146077
IND,2011-01-01,-0.0029927727,-0.8972776
IND,2011-04-01,0.00038400805,0.115131296
IND,2011-07-01,0.00649084,1.9460499
IND,2011-10-01,-0.0026667465,-0.7995301
IND,2012-01-01,-0.0031732954,-0.95140094
IND,2012-04-01,-0.0008450467,-0.25335753
IND,2012-07-01,0.005956927,1.7859749
IND,2012-10-01,-0.002264859,-0.6790382
IND,2013-01-01,-0.0029571794,-0.88660616
IND,2013-04-01,0.000783647,0.23494898
IND,2013-07-01,0.005923011,1.7758063
IND,2013-10-01,-0.0017428994,-0.52254707
IND,2014-01-01,-0.0027389806,-0.8211869
IND,2014-04-01,-0.00088556204,-0.2655046
IND,2014-07-01,0.005405488,1.6206453
IND,2014-10-01,-0.0023219602,-0.69615805
IND,2015-01-01,-0.0026008694,-0.77977914
IND,2015-04-01,0.0007683776,0.23037098
IND,2015-07-01,0.004484134,1.3444097
IND,2015-10-01,-0.0023743848,-0.71187574
IND,2016-01-01,-0.0031543951,-0.9457344
IND,2016-04-01,0.00011252899,0.033737857
IND,2016-07-01,0.0060891523,1.825618
IND,2016-10-01,-0.002555031,-0.76603615
IND,2017-01-01,-0.0030142607,-0.90371996
IND,2017-04-01,0.00015649386,0.046919174
IND,2017-07-01,0.0055517326,1.6644917
IND,2017-10-01,-0.002032589,-0.6094003
IND,2018-01-01,-0.0033377989,-1.0007216
IND,2018-04-01,-8.2727835e-05,-0.02480303
IND,2018-07-01,0.005420683,1.625201
IND,2018-10-01,-0.002673868,-0.80166525
IND,2019-01-01,-0.0029249818,-0.8769528
IND,2019-04-01,-0.0009039939,-0.27103075
IND,2019-07-01,0.007454099,2.2348492
IND,2019-10-01,-0.0012838348,-0.38491267
IND,2020-01-01,-0.0025159202,-0.75431013
IND,2020-04-01,0.0005969201,0.17896548
IND,2020-07-01,0.0062402333,1.8709143
IND,2020-10-01,-0.0018411692,-0.55200976
IND,2021-01-01,-0.003133814,-0.9395639
IND,2021-04-01,0.0005282385,0.15837371
IND,2021-07-01,0.0053755133,1.6116585
IND,2021-10-01,-0.0013707243,-0.41096345
IND,2022-01-01,-0.0028015014,-0.8399316
IND,2022-04-01,8.051819e-05,0.024140546
IND,2022-07-01,0.0065657455,1.9685076
IND,2022-10-01,-0.0016833594,-0.5046961
IND,2023-01-01,-0.0028778457,-0.86282074
IND,2023-04-01,8.3285304e-05,0.024970166
IND,2023-07-01,0.00555635,1.665876
IND,2023-10-01,-0.0019843227,-0.59492934
IND,2024-01-01,-0.0028248,-0.8469169
IND,2024-04-01,0.0003542033,0.1061954
IND,2024-07-01,0.0073165945,2.1936233
IND,2024-10-01,-0.0018399633,-0.5516482
KEN,1981-01-01,0.00015086222,0.117698714
KEN,1981-04-01,0.0016772241,1.3085258
KEN,1981-07-01,-0.00036575334,-0.28535107
KEN,1981-10-01,0.0004890859,0.3815719
KEN,1982-01-01,-0.0012116061,-0.945263
KEN,1982-04-01,0.001836138,1.4325062
KEN,1982-07-01,-0.0009708148,-0.757404
KEN,1982-10-01,0.0029259494,2.2827482
KEN,1983-01-01,-0.0004985754,-0.38897532
KEN,1983-04-01,0.0006229253,0.48598984
KEN,1983-07-01,-5.5499764e-05,-0.043299448
KEN,1983-10-01,0.00071682414,0.55924726
KEN,1984-01-01,-0.0016932479,-1.3210273
KEN,1984-04-01,-0.00034475015,-0.26896495
KEN,1984-07-01,-0.001399281,-1.091682
KEN,1984-10-01,0.0013338681,1.0406486
KEN,1985-01-01,0.0003388709,0.2643781
KEN,1985-04-01,0.001953968,1.5244342
KEN,1985-07-01,-0.0011528973,-0.89945996
KEN,1985-10-01,-3.0566396e-05,-0.023847094
KEN,1986-01-01,-0.00095030066,-0.7413994
KEN,1986-04-01,0.001954154,1.5245793
KEN,1986-07-01,-0.0011945964,-0.93199253
KEN,1986-10-01,0.0013084816,1.0208427
KEN,1987-01-01,-0.0006982207,-0.5447333
KEN,1987-04-01,0.0021841682,1.7040303
KEN,1987-07-01,-0.001490483,-1.1628354
KEN,1987-10-01,-0.00081957394,-0.6394099
KEN,1988-01-01,-0.0006373048,-0.49720833
KEN,1988-04-01,0.0017018778,1.32776
KEN,1988-07-01,-0.00030966298,-0.24159086
KEN,1988-10-01,0.0004759638,0.37133437
KEN,1989-01-01,0.00022333914,0.17424329
KEN,1989-04-01,0.0013202392,1.0300157
KEN,1989-07-01,-0.00076575455,-0.59742147
KEN,1989-10-01,0.0011279323,0.87998295
KEN,1990-01-01,0.0016078488,1.2544011
KEN,1990-04-01,0.0012679241,0.98920083
KEN,1990-07-01,-0.001140501,-0.8897887
KEN,1990-10-01,0.00070543593,0.55036247
KEN,1991-01-01,-0.00051351317,-0.40062937
KEN,1991-04-01,0.0010489405,0.8183556
KEN,1991-07-01,-0.00055888476,-0.4360271
KEN,1991-10-01,0.000156588,0.12216581
KEN,1992-01-01,-0.0016363636,-1.2766476
KEN,1992-04-01,0.0008626373,0.6730068
KEN,1992-07-01,-0.0010535928,-0.8219852
KEN,1992-10-01,0.000997593,0.7782957
KEN,1993-01-01,0.0003972031,0.30988735
KEN,1993-04-01,0.00046736663,0.36462706
KEN,1993-07-01,-0.0016224025,-1.2657554
KEN,1993-10-01,-0.00031080205,-0.24247953
KEN,1994-01-01,-0.0012173158,-0.9497176
KEN,1994-04-01,0.00091096153,0.7107081
KEN,1994-07-01,-0.00095813925,-0.7475149
KEN,1994-10-01,0.002091184,1.6314864
KEN,1995-01-01,-8.249896e-05,-0.06436351
KEN,1995-04-01,0.00059309887,0.46272004
KEN,1995-07-01,-0.0010677418,-0.8330239
KEN,1995-10-01,0.00030263365,0.23610677
KEN,1996-01-01,-0.00040804213,-0.31834367
KEN,1996-04-01,0.00015784202,0.123144165
KEN,1996-07-01,-0.0007805668,-0.6089776
KEN,1996-10-01,-0.0006024277,-0.46999815
KEN,1997-01-01,-0.0018196302,-1.4196273
KEN,1997-04-01,0.0020735806,1.6177528
KEN,1997-07-01,-0.0013140311,-1.0251722
KEN,1997-10-01,0.0048736376,3.802283
KEN,1998-01-01,0.0027218908,2.123547
KEN,1998-04-01,0.0020630674,1.6095506
KEN,1998-07-01,-0.00065125315,-0.5080905
KEN,1998-10-01,-0.00070406083,-0.54928964
KEN,1999-01-01,-0.00073826633,-0.57597584
KEN,1999-04-01,-0.00043339282,-0.33812162
KEN,1999-07-01,-0.0014061482,-1.0970396
KEN,1999-10-01,0.00033713738,0.26302567
KEN,2000-01-01,-0.0016955264,-1.3228048
KEN,2000-04-01,-0.00086285867,-0.6731795
KEN,2000-07-01,-0.0011987363,-0.9352223
KEN,2000-10-01,0.00020997242,0.16381493
KEN,2001-01-01,-4.6786696e-05,-0.036501743
KEN,2001-04-01,0.00025753272,0.20092021
KEN,2001-07-01,-0.0010668297,-0.8323123
KEN,2001-10-01,0.0005777341,0.45073286
KEN,2002-01-01,-0.00042749802,-0.33352265
KEN,2002-04-01,0.0009106642,0.7104761
KEN,2002-07-01,-0.0016770916,-1.3084224
KEN,2002-10-01,0.0014114691,1.1011908
KEN,2003-01-01,-0.0012939911,-1.0095376
KEN,2003-04-01,0.0011210082,0.8745809
KEN,2003-07-01,-0.00083933864,-0.6548298
KEN,2003-10-01,0.00016866841,0.13159063
KEN,2004-01-01,-0.00078569626,-0.6129794
KEN,2004-04-01,0.0004148724,0.32367247
KEN,2004-07-01,-0.0015245005,-1.189375
KEN,2004-10-01,0.0012149046,0.9478364
KEN,2005-01-01,-0.0012528553,-0.9774445
KEN,2005-04-01,0.0004425886,0.34529594
KEN,2005-07-01,-0.0011214169,-0.8748998
KEN,2005-10-01,-0.0010880552,-0.8488719
KEN,2006-01-01,-0.0011975712,-0.93431336
KEN,2006-04-01,0.000841582,0.65658003
KEN,2006-07-01,-0.0011628616,-0.90723383
KEN,2006-10-01,0.003078416,2.4016986
KEN,2007-01-01,-0.00043420694,-0.33875677
KEN,2007-04-01,0.0006953455,0.5424902
KEN,2007-07-01,-0.0002819891,-0.22000045
KEN,2007-10-01,-0.0001457564,-0.11371529
KEN,2008-01-01,-0.000521021,-0.4064868
KEN,2008-04-01,-0.00059493474,-0.46415234
KEN,2008-07-01,-0.0014009814,-1.0930086
KEN,2008-10-01,0.00044580604,0.34780607
KEN,2009-01-01,-0.0018374128,-1.4335009
KEN,2009-04-01,-0.0005848349,-0.45627272
KEN,2009-07-01,-0.002114666,-1.6498064
KEN,2009-10-01,0.0007948707,0.6201371
KEN,2010-01-01,0.0010031174,0.78260565
KEN,2010-04-01,0.00094696385,0.7387961
KEN,2010-07-01,-0.0009011,-0.7030144
KEN,2010-10-01,-0.0008469959,-0.6608038
KEN,2011-01-01,-0.0014875531,-1.1605496
KEN,2011-04-01,-0.0007006882,-0.5466584
KEN,2011-07-01,-0.00083515845,-0.65156853
KEN,2011-10-01,0.0028599163,2.231231
KEN,2012-01-01,-0.0017787848,-1.3877609
KEN,2012-04-01,0.0008888508,0.69345784
KEN,2012-07-01,-0.00054824265,-0.42772442
KEN,2012-10-01,0.001529317,1.1931326
KEN,2013-01-01,-0.0003371703,-0.26305133
KEN,2013-04-01,0.0014105574,1.1004796
KEN,2013-07-01,-0.00068485696,-0.5343073
KEN,2013-10-01,0.0006808976,0.5312183
KEN,2014-01-01,-0.00024925228,-0.19446003
KEN,2014-04-01,-9.8071214e-05,-0.07651257
KEN,2014-07-01,-0.0010468897,-0.81675565
KEN,2014-10-01,0.00056328886,0.43946308
KEN,2015-01-01,-0.0014607949,-1.1396736
KEN,2015-04-01,0.0015455192,1.2057732
KEN,2015-07-01,-0.0018649275,-1.454967
KEN,2015-10-01,0.0022872814,1.7844765
KEN,2016-01-01,-0.0009659639,-0.75361943
KEN,2016-04-01,0.0010097843,0.787807
KEN,2016-07-01,-0.001201877,-0.9376727
KEN,2016-10-01,-0.00057712843,-0.45026034
KEN,2017-01-01,-0.0018194352,-1.4194752
KEN,2017-04-01,-0.00020250383,-0.15798813
KEN,2017-07-01,-0.00069668907,-0.5435384
KEN,2017-10-01,0.0005569111,0.4344873
KEN,2018-01-01,5.904818e-05,0.046067826
KEN,2018-04-01,0.0033272924,2.5958655
KEN,2018-07-01,-0.0012677417,-0.9890585
KEN,2018-10-01,0.00040169441,0.31339136
KEN,2019-01-01,-0.001784854,-1.3924959
KEN,2019-04-01,0.00031006234,0.24190244
KEN,2019-07-01,-0.00085000065,-0.66314805
KEN,2019-10-01,0.004000169,3.1208262
KEN,2020-01-01,0.0014227467,1.1099893
KEN,2020-04-01,0.0020909084,1.6312714
KEN,2020-07-01,7.5732976e-05,0.059084862
KEN,2020-10-01,0.00044039497,0.3435845
KEN,2021-01-01,-0.0011459551,-0.8940438
KEN,2021-04-01,-0.00029965662,-0.23378417
KEN,2021-07-01,-0.00132143,-1.0309447
KEN,2021-10-01,-0.00081430335,-0.63529795
KEN,2022-01-01,-0.0012923683,-1.0082716
KEN,2022-04-01,-0.00048804478,-0.38075963
KEN,2022-07-01,-0.0013750374,-1.0727677
KEN,2022-10-01,-0.001131497,-0.882764
KEN,2023-01-01,-0.0011135772,-0.8687834
KEN,2023-04-01,0.0005583565,0.43561497
KEN,2023-07-01,-0.0015841291,-1.2358956
KEN,2023-10-01,0.0020870452,1.6282575
KEN,2024-01-01,-0.0006188901,-0.48284167
KEN,2024-04-01,0.0017853292,1.3928666
KEN,2024-07-01,-0.0007371392,-0.5750965
KEN,2024-10-01,0.00010092758,0.07874103
MEX,1981-01-01,-0.0012996417,-0.62671787
MEX,1981-04-01,0.0011583791,0.55859774
MEX,1981-07-01,0.0038849283,1.873404
MEX,1981-10-01,-0.0008746809,-0.42179176
MEX,1982-01-01,-0.0021560371,-1.0396919
MEX,1982-04-01,-8.7386616e-05,-0.042139888
MEX,1982-07-01,0.0021317091,1.0279604
MEX,1982-10-01,-0.0006971413,-0.33617797
MEX,1983-01-01,-0.0011223702,-0.5412334
MEX,1983-04-01,-0.00041253748,-0.1989353
MEX,1983-07-01,0.0036806513,1.7748969
MEX,1983-10-01,-0.00076255854,-0.3677237
MEX,1984-01-01,-0.0018021213,-0.8690254
MEX,1984-04-01,0.0007658231,0.36929798
MEX,1984-07-01,0.0046652993,2.2497175
MEX,1984-10-01,-0.0009953437,-0.4799782
MEX,1985-01-01,-0.0017567604,-0.8471513
MEX,1985-04-01,0.0008566701,0.41310653
MEX,1985-07-01,0.0028965261,1.3967732
MEX,1985-10-01,-0.0010406672,-0.5018343
MEX,1986-01-01,-0.0022403041,-1.0803275
MEX,1986-04-01,0.0010017233,0.48305464
MEX,1986-07-01,0.0029080089,1.4023105
MEX,1986-10-01,-0.00045768233,-0.22070521
MEX,1987-01-01,-0.0017926489,-0.8644576
MEX,1987-04-01,0.00032718372,0.1577757
MEX,1987-07-01,0.0033713542,1.6257465
MEX,1987-10-01,-0.0015880015,-0.7657718
MEX,1988-01-01,-0.0021176056,-1.0211594
MEX,1988-04-01,-0.00012332131,-0.059468444
MEX,1988-07-01,0.0044268053,2.1347098
MEX,1988-10-01,-0.0014627371,-0.7053663
MEX,1989-01-01,-0.002093605,-1.0095857
MEX,1989-04-01,-0.00066314585,-0.31978458
MEX,1989-07-01,0.0034467203,1.6620898
MEX,1989-10-01,-0.0009755423,-0.4704295
MEX,1990-01-01,-0.0018428381,-0.88866
MEX,1990-04-01,-0.00010590822,-0.051071443
MEX,1990-07-01,0.0041527427,2.0025504
MEX,1990-10-01,-0.00074459193,-0.35905978
MEX,1991-01-01,-0.002002722,-0.96575975
MEX,1991-04-01,-0.00031011217,-0.1495434
MEX,1991-07-01,0.004073234,1.9642094
MEX,1991-10-01,-0.0002945688,-0.14204803
MEX,1992-01-01,-0.00049868994,-0.24048005
MEX,1992-04-01,0.00023716835,0.11436817
MEX,1992-07-01,0.002834669,1.3669443
MEX,1992-10-01,-0.00079381204,-0.3827949
MEX,1993-01-01,-0.001818834,-0.8770847
MEX,1993-04-01,0.00013644155,0.06579533
MEX,1993-07-01,0.0033395549,1.6104121
MEX,1993-10-01,-0.0013297877,-0.64125496
MEX,1994-01-01,-0.0022134872,-1.0673957
MEX,1994-04-01,-0.00062536885,-0.3015676
MEX,1994-07-01,0.0020563502,0.9916206
MEX,1994-10-01,-0.0009557531,-0.4608867
MEX,1995-01-01,-0.002156975,-1.0401442
MEX,1995-04-01,-0.00064260396,-0.3098788
MEX,1995-07-01,0.0033731237,1.6265998
MEX,1995-10-01,-0.0011198571,-0.5400215
MEX,1996-01-01,-0.002611433,-1.2592945
MEX,1996-04-01,-0.00040703383,-0.19628131
MEX,1996-07-01,0.0034421228,1.6598728
MEX,1996-10-01,-0.0011586541,-0.55873036
MEX,1997-01-01,-0.0019107364,-0.92140216
MEX,1997-04-01,0.00030255885,0.14590101
MEX,1997-07-01,0.002098934,1.0121555
MEX,1997-10-01,-0.00034721647,-0.16743597
MEX,1998-01-01,-0.0023297423,-1.1234567
MEX,1998-04-01,-0.0016299221,-0.78598684
MEX,1998-07-01,0.003526045,1.700342
MEX,1998-10-01,-0.0005528491,-0.26659688
MEX,1999-01-01,-0.002632471,-1.2694396
MEX,1999-04-01,-0.0005556834,-0.26796365
MEX,1999-07-01,0.0033853038,1.6324733
MEX,1999-10-01,-0.0013239965,-0.6384623
MEX,2000-01-01,-0.0026207508,-1.2637879
MEX,2000-04-01,0.00018269623,0.088100426
MEX,2000-07-01,0.0019012621,0.9168334
MEX,2000-10-01,-0.0008971859,-0.4326442
MEX,2001-01-01,-0.002168741,-1.0458181
MEX,2001-04-01,-0.0005756806,-0.27760676
MEX,2001-07-01,0.002579315,1.2438066
MEX,2001-10-01,-0.0014888253,-0.7179467
MEX,2002-01-01,-0.00228145,-1.100169
MEX,2002-04-01,-0.0008779767,-0.4233811
MEX,2002-07-01,0.0026098609,1.2585365
MEX,2002-10-01,-0.0008863078,-0.42739853
MEX,2003-01-01,-0.0023033677,-1.1107383
MEX,2003-04-01,-0.00067465333,-0.32533374
MEX,2003-07-01,0.0029612891,1.4280034
MEX,2003-10-01,-0.0009681448,-0.46686226
MEX,2004-01-01,-0.001662802,-0.80184233
MEX,2004-04-01,-0.00012579164,-0.0606597
MEX,2004-07-01,0.0022746862,1.0969074
MEX,2004-10-01,-0.0010551572,-0.50882167
MEX,2005-01-01,-0.0017519845,-0.8448482
MEX,2005-04-01,-0.0011202213,-0.54019713
MEX,2005-07-01,0.0026749813,1.289939
MEX,2005-10-01,-0.0012050049,-0.58108175
MEX,2006-01-01,-0.0026001644,-1.2538606
MEX,2006-04-01,-0.0007217025,-0.34802198
MEX,2006-07-01,0.0033706252,1.6253949
MEX,2006-10-01,-0.00052204455,-0.25174218
MEX,2007-01-01,-0.002019062,-0.9736393
MEX,2007-04-01,-0.00069357903,-0.33446017
MEX,2007-07-01,0.0036836516,1.7763437
MEX,2007-10-01,-0.0012310606,-0.59364647
MEX,2008-01-01,-0.0025935413,-1.2506667
MEX,2008-04-01,-0.00069615175,-0.33570078
MEX,2008-07-01,0.00501329,2.4175267
MEX,2008-10-01,-0.0015715157,-0.7578219
MEX,2009-01-01,-0.0026248659,-1.2657722
MEX,2009-04-01,-0.00065819215,-0.31739578
MEX,2009-07-01,0.0021272318,1.0258013
MEX,2009-10-01,-0.0008010327,-0.38627687
MEX,2010-01-01,-0.0014196677,-0.68459725
MEX,2010-04-01,-0.0005595684,-0.26983708
MEX,2010-07-01,0.0052588955,2.5359635
MEX,2010-10-01,-0.0023041314,-1.1111065
MEX,2011-01-01,-0.0027767643,-1.3390212
MEX,2011-04-01,-0.0014735768,-0.71059346
MEX,2011-07-01,0.002868373,1.3831971
MEX,2011-10-01,-0.0014651315,-0.706521
MEX,2012-01-01,-0.0022085041,-1.0649928
MEX,2012-04-01,-0.0005799393,-0.2796604
MEX,2012-07-01,0.0027958953,1.3482467
MEX,2012-10-01,-0.0018160501,-0.8757422
MEX,2013-01-01,-0.0024719778,-1.192046
MEX,2013-04-01,-0.00082558516,-0.39811665
MEX,2013-07-01,0.0042572967,2.052969
MEX,2013-10-01,-0.00016171408,-0.077982344
MEX,2014-01-01,-0.0024033766,-1.1589649
MEX,2014-04-01,-8.196058e-05,-0.039523322
MEX,2014-07-01,0.003251862,1.5681245
MEX,2014-10-01,-0.00070837484,-0.34159505
MEX,2015-01-01,-0.0011155286,-0.53793424
MEX,2015-04-01,0.0001886508,0.090971865
MEX,2015-07-01,0.002092035,1.0088286
MEX,2015-10-01,-0.00039713425,-0.1915075
MEX,2016-01-01,-0.0020800733,-1.0030605
MEX,2016-04-01,-0.0002799437,-0.13499545
MEX,2016-07-01,0.0034187871,1.6486198
MEX,2016-10-01,-0.0012662701,-0.61062527
MEX,2017-01-01,-0.0022717768,-1.0955044
MEX,2017-04-01,-0.00068278535,-0.3292552
MEX,2017-07-01,0.0036099963,1.7408254
MEX,2017-10-01,-0.0012074753,-0.58227307
MEX,2018-01-01,-0.0022292626,-1.075003
MEX,2018-04-01,-0.00013817575,-0.06663161
MEX,2018-07-01,0.002626028,1.2663326
MEX,2018-10-01,-0.00019885576,-0.095892936
MEX,2019-01-01,-0.0022573916,-1.0885675
MEX,2019-04-01,-0.0010250022,-0.49428025
MEX,2019-07-01,0.0021677657,1.0453478
MEX,2019-10-01,-0.00016062504,-0.07745718
MEX,2020-01-01,-0.0019058924,-0.91906625
MEX,2020-04-01,-0.0006291466,-0.3033893
MEX,2020-07-01,0.0028105145,1.3552964
MEX,2020-10-01,-0.0016723941,-0.8064679
MEX,2021-01-01,-0.0025071686,-1.2090158
MEX,2021-04-01,-0.00012607795,-0.060797762
MEX,2021-07-01,0.0035123546,1.6937402
MEX,2021-10-01,-0.0013710605,-0.6611577
MEX,2022-01-01,-0.00248795,-1.1997482
MEX,2022-04-01,-0.000847037,-0.4084612
MEX,2022-07-01,0.0035235938,1.69916
MEX,2022-10-01,-0.0012747651,-0.61472183
MEX,2023-01-01,-0.0024162736,-1.1651841
MEX,2023-04-01,-0.0014924608,-0.7196998
MEX,2023-07-01,0.001226425,0.5914111
MEX,2023-10-01,-0.0006184717,-0.29824165
MEX,2024-01-01,-0.0022994727,-1.10886
MEX,2024-04-01,-0.0009688321,-0.4671937
MEX,2024-07-01,0.0034438502,1.6607058
MEX,2024-10-01,-0.0014604429,-0.70426
PER,1981-01-01,0.003040286,1.3094946
PER,1981-04-01,-0.0007068032,-0.30443025
PER,1981-07-01,-0.0025363988,-1.0924631
PER,1981-10-01,0.0011397805,0.49091974
PER,1982-01-01,0.0033647416,1.4492422
PER,1982-04-01,-0.0015389827,-0.6628618
PER,1982-07-01,-0.0025575452,-1.1015712
PER,1982-10-01,0.0021697448,0.93454003
PER,1983-01-01,0.0033980326,1.4635812
PER,1983-04-01,-0.00085445866,-0.36802754
PER,1983-07-01,-0.0030355873,-1.3074708
PER,1983-10-01,0.00066778436,0.28762427
PER,1984-01-01,0.003668135,1.5799181
PER,1984-04-01,-0.00045535853,-0.19612941
PER,1984-07-01,-0.002567354,-1.105796
PER,1984-10-01,0.0012936831,0.55720776
PER,1985-01-01,0.002355235,1.0144333
PER,1985-04-01,-0.00057443854,-0.24741888
PER,1985-07-01,-0.0021860998,-0.94158435
PER,1985-10-01,0.000892736,0.38451415
PER,1986-01-01,0.004392425,1.8918802
PER,1986-04-01,-0.0011146682,-0.4801035
PER,1986-07-01,-0.0022007832,-0.94790876
PER,1986-10-01,0.0011209644,0.48281538
PER,1987-01-01,0.0029549338,1.2727321
PER,1987-04-01,-0.0009894987,-0.4261912
PER,1987-07-01,-0.0024357624,-1.0491177
PER,1987-10-01,0.001371935,0.590912
PER,1988-01-01,0.0029201477,1.2577493
PER,1988-04-01,-0.0007083894,-0.3051134
PER,1988-07-01,-0.0031144165,-1.3414236
PER,1988-10-01,0.0010128701,0.4362576
PER,1989-01-01,0.0042443243,1.828091
PER,1989-04-01,-0.0006329135,-0.27260488
PER,1989-07-01,-0.002519687,-1.0852652
PER,1989-10-01,0.00014096715,0.060716566
PER,1990-01-01,0.0026792095,1.1539737
PER,1990-04-01,-0.00084789767,-0.36520162
PER,1990-07-01,-0.0024396137,-1.0507765
PER,1990-10-01,0.0014830437,0.6387681
PER,1991-01-01,0.002727541,1.1747907
PER,1991-04-01,-0.0009372975,-0.4037074
PER,1991-07-01,-0.0029210383,-1.2581329
PER,1991-10-01,0.0006593764,0.2840028
PER,1992-01-01,0.0024178864,1.0414182
PER,1992-04-01,-0.0014246042,-0.6135974
PER,1992-07-01,-0.002225605,-0.95859987
PER,1992-10-01,0.0004511842,0.19433147
PER,1993-01-01,0.0037575264,1.6184202
PER,1993-04-01,-0.0009912626,-0.42695096
PER,1993-07-01,-0.002252275,-0.97008693
PER,1993-10-01,0.0016980832,0.7313887
PER,1994-01-01,0.0037195866,1.602079
PER,1994-04-01,-0.00014311913,-0.061643455
PER,1994-07-01,-0.0019811383,-0.8533045
PER,1994-10-01,0.0013645003,0.5877097
PER,1995-01-01,0.0023558147,1.014683
PER,1995-04-01,-0.0014242005,-0.61342347
PER,1995-07-01,-0.00292161,-1.2583791
PER,1995-10-01,0.000580033,0.24982849
PER,1996-01-01,0.0027049754,1.1650715
PER,1996-04-01,-0.0012745368,-0.5489612
PER,1996-07-01,-0.0024431997,-1.052321
PER,1996-10-01,0.00042072684,0.18121305
PER,1997-01-01,0.0025852276,1.1134944
PER,1997-04-01,-0.001437239,-0.61903936
PER,1997-07-01,-0.002579333,-1.1109556
PER,1997-10-01,0.0008980118,0.3867865
PER,1998-01-01,0.004394732,1.8928738
PER,1998-04-01,-0.0011005563,-0.47402534
PER,1998-07-01,-0.0030684602,-1.3216295
PER,1998-10-01,0.0005662907,0.24390948
PER,1999-01-01,0.0031947854,1.3760397
PER,1999-04-01,-0.0010859108,-0.4677173
PER,1999-07-01,-0.0029802409,-1.2836323
PER,1999-10-01,0.00038767545,0.16697735
PER,2000-01-01,0.0027112383,1.1677691
PER,2000-04-01,-0.0009324004,-0.40159816
PER,2000-07-01,-0.0022864272,-0.9847968
PER,2000-10-01,0.00037913863,0.16330042
PER,2001-01-01,0.0028556457,1.2299674
PER,2001-04-01,-0.0016847122,-0.7256296
PER,2001-07-01,-0.0027359854,-1.1784279
PER,2001-10-01,0.0006632094,0.28565377
PER,2002-01-01,0.0024230352,1.0436358
PER,2002-04-01,-0.00131173,-0.56498086
PER,2002-07-01,-0.002547271,-1.097146
PER,2002-10-01,0.00090252544,0.3887306
PER,2003-01-01,0.002273645,0.9792914
PER,2003-04-01,-0.0012031122,-0.5181976
PER,2003-07-01,-0.0030663982,-1.3207414
PER,2003-10-01,0.0004400223,0.18952389
PER,2004-01-01,0.001425785,0.61410594
PER,2004-04-01,-0.0018305919,-0.7884621
PER,2004-07-01,-0.0025205184,-1.0856233
PER,2004-10-01,0.00092575635,0.39873648
PER,2005-01-01,0.0020380784,0.87782943
PER,2005-04-01,-0.0018275487,-0.78715134
PER,2005-07-01,-0.003634773,-1.5655485
PER,2005-10-01,0.0006024049,0.25946438
PER,2006-01-01,0.0027921135,1.2026031
PER,2006-04-01,-0.0021428138,-0.9229405
PER,2006-07-01,-0.003237921,-1.3946187
PER,2006-10-01,0.0011984942,0.5162086
PER,2007-01-01,0.0021807095,0.9392627
PER,2007-04-01,-0.0016987515,-0.7316765
PER,2007-07-01,-0.002876573,-1.238981
PER,2007-10-01,0.0012854869,0.55367756
PER,2008-01-01,0.0032532553,1.4012234
PER,2008-04-01,-0.0014512095,-0.6250567
PER,2008-07-01,-0.0031841553,-1.3714612
PER,2008-10-01,0.00079427223,0.34210438
PER,2009-01-01,0.0043042535,1.8539034
PER,2009-04-01,-0.0009485351,-0.4085476
PER,2009-07-01,-0.0028670405,-1.2348752
PER,2009-10-01,0.00088186935,0.37983373
PER,2010-01-01,0.0026674857,1.1489242
PER,2010-04-01,-0.0015407526,-0.6636241
PER,2010-07-01,-0.0037432825,-1.6122853
PER,2010-10-01,0.00028737108,0.12377483
PER,2011-01-01,0.003247873,1.3989053
PER,2011-04-01,-0.001442308,-0.6212226
PER,2011-07-01,-0.003059661,-1.3178396
PER,2011-10-01,0.0008918252,0.38412184
PER,2012-01-01,0.0040407944,1.7404279
PER,2012-04-01,-0.001126599,-0.48524228
PER,2012-07-01,-0.0032535072,-1.401332
PER,2012-10-01,0.0013946475,0.6006946
PER,2013-01-01,0.0035520734,1.5299287
PER,2013-04-01,-0.0012260037,-0.52805734
PER,2013-07-01,-0.0026744239,-1.1519126
PER,2013-10-01,0.0008894497,0.38309866
PER,2014-01-01,0.0036249636,1.5613235
PER,2014-04-01,-0.0011596322,-0.49947014
PER,2014-07-01,-0.0026845774,-1.1562858
PER,2014-10-01,0.0011873109,0.51139176
PER,2015-01-01,0.0039931242,1.7198956
PER,2015-04-01,-0.00019959996,-0.08597055
PER,2015-07-01,-0.0031156596,-1.341959
PER,2015-10-01,0.00040081795,0.17263801
PER,2016-01-01,0.0026093458,1.1238825
PER,2016-04-01,-0.0013282442,-0.5720937
PER,2016-07-01,-0.0031947866,-1.3760402
PER,2016-10-01,0.0007851217,0.3381631
PER,2017-01-01,0.004920221,2.1192093
PER,2017-04-01,-0.0005085867,-0.21905555
PER,2017-07-01,-0.0030476374,-1.3126609
PER,2017-10-01,0.00087456685,0.37668842
PER,2018-01-01,0.0027556045,1.1868782
PER,2018-04-01,-0.0008056769,-0.34701654
PER,2018-07-01,-0.0028775942,-1.2394209
PER,2018-10-01,0.0012823312,0.55231833
PER,2019-01-01,0.0042500957,1.8305769
PER,2019-04-01,-0.001093272,-0.47088787
PER,2019-07-01,-0.0031556145,-1.3591682
PER,2019-10-01,0.0020636758,0.8888546
PER,2020-01-01,0.0024105876,1.0382745
PER,2020-04-01,-0.0015865862,-0.68336535
PER,2020-07-01,-0.0032523244,-1.4008225
PER,2020-10-01,0.00060066953,0.25871694
PER,2021-01-01,0.003628835,1.562991
PER,2021-04-01,-0.00083354424,-0.3590194
PER,2021-07-01,-0.0033539974,-1.4446145
PER,2021-10-01,0.0011379666,0.49013847
PER,2022-01-01,0.0028785623,1.2398379
PER,2022-04-01,-0.001384203,-0.596196
PER,2022-07-01,-0.0031922406,-1.3749436
PER,2022-10-01,-0.00029005963,-0.124932826
PER,2023-01-01,0.0029503738,1.2707682
PER,2023-04-01,-0.0010077421,-0.43404892
PER,2023-07-01,-0.003976088,-1.7125579
PER,2023-10-01,0.0010972585,0.4726049
PER,2024-01-01,0.0027462372,1.1828436
PER,2024-04-01,-0.0017174548,-0.73973227
PER,2024-07-01,-0.0045774723,-1.9715827
PER,2024-10-01,0.0009760864,0.42041436
PHL,1981-01-01,-0.0026973616,-1.0150443
PHL,1981-04-01,3.8871698e-05,0.0146278115
PHL,1981-07-01,0.0024557924,0.92413944
PHL,1981-10-01,0.00044622459,0.16791882
PHL,1982-01-01,-0.0022098997,-0.8316075
PHL,1982-04-01,-0.0003271488,-0.123109385
PHL,1982-07-01,0.003336545,1.2555755
PHL,1982-10-01,-0.0021015967,-0.790852
PHL,1983-01-01,-0.0056877793,-2.1403687
PHL,1983-04-01,-0.0034912527,-1.3137935
PHL,1983-07-01,0.003551124,1.3363237
PHL,1983-10-01,0.00027714824,0.104293674
PHL,1984-01-01,-0.0023489355,-0.88392806
PHL,1984-04-01,0.0019045891,0.7167161
PHL,1984-07-01,0.0029348016,1.1043954
PHL,1984-10-01,0.00017130282,0.064462975
PHL,1985-01-01,-0.0039509595,-1.4867859
PHL,1985-04-01,0.0012549261,0.47224134
PHL,1985-07-01,0.0030864002,1.1614435
PHL,1985-10-01,0.0007549788,0.28410614
PHL,1986-01-01,-0.0023267078,-0.8755636
PHL,1986-04-01,-0.0008226113,-0.30955693
PHL,1986-07-01,0.003968113,1.493241
PHL,1986-10-01,8.840844e-05,0.033268984
PHL,1987-01-01,-0.0047724196,-1.7959096
PHL,1987-04-01,-0.0021623934,-0.8137304
PHL,1987-07-01,0.002327972,0.8760394
PHL,1987-10-01,-0.00017009366,-0.06400796
PHL,1988-01-01,-0.003651496,-1.3740947
PHL,1988-04-01,0.0001358604,0.051125642
PHL,1988-07-01,0.002276451,0.8566515
PHL,1988-10-01,0.0035038376,1.3185294
PHL,1989-01-01,-0.0013690057,-0.51517063
PHL,1989-04-01,0.00076518644,0.28794736
PHL,1989-07-01,0.0030742039,1.1568539
PHL,1989-10-01,-0.0017643119,-0.66392833
PHL,1990-01-01,-0.005034108,-1.8943857
PHL,1990-04-01,0.0010342862,0.38921234
PHL,1990-07-01,0.0026998979,1.0159987
PHL,1990-10-01,-0.00088530517,-0.33314925
PHL,1991-01-01,-0.0041986355,-1.5799888
PHL,1991-04-01,-0.0018890094,-0.7108533
PHL,1991-07-01,0.0026618692,1.0016882
PHL,1991-10-01,-0.001975034,-0.74322516
PHL,1992-01-01,-0.0057669706,-2.170169
PHL,1992-04-01,-0.002064993,-0.7770776
PHL,1992-07-01,0.0026327649,0.99073595
PHL,1992-10-01,-0.0012894677,-0.48523968
PHL,1993-01-01,-0.003680461,-1.3849946
PHL,1993-04-01,-0.0022921993,-0.8625777
PHL,1993-07-01,0.0030557376,1.1499048
PHL,1993-10-01,0.001572495,0.59174573
PHL,1994-01-01,-0.0038350623,-1.4431726
PHL,1994-04-01,0.0010679923,0.40189627
PHL,1994-07-01,0.002886423,1.08619
PHL,1994-10-01,-0.0027848966,-1.0479847
PHL,1995-01-01,-0.004183477,-1.5742844
PHL,1995-04-01,-0.0012107928,-0.45563355
PHL,1995-07-01,0.005437746,2.0462787
PHL,1995-10-01,0.0029399376,1.1063281
PHL,1996-01-01,-0.0014133175,-0.5318456
PHL,1996-04-01,0.0008736849,0.32877642
PHL,1996-07-01,0.002673684,1.0061342
PHL,1996-10-01,0.00061511557,0.23147419
PHL,1997-01-01,-0.0028434952,-1.0700359
PHL,1997-04-01,-0.0012543328,-0.4720181
PHL,1997-07-01,0.002275195,0.8561788
PHL,1997-10-01,-0.0028025594,-1.0546314
PHL,1998-01-01,-0.005994376,-2.255744
PHL,1998-04-01,-0.0020433296,-0.76892555
PHL,1998-07-01,0.0022420443,0.84370387
PHL,1998-10-01,0.002769746,1.0422833
PHL,1999-01-01,0.00022446706,0.084469214
PHL,1999-04-01,0.0027808065,1.0464455
PHL,1999-07-01,0.0028810196,1.0841568
PHL,1999-10-01,0.0017160006,0.6457483
PHL,2000-01-01,0.00021199074,0.07977425
PHL,2000-04-01,0.0014855238,0.55901754
PHL,2000-07-01,0.002644658,0.9952115
PHL,2000-10-01,0.002589531,0.9744666
PHL,2001-01-01,-0.0012394432,-0.46641496
PHL,2001-04-01,0.0003459109,0.13016976
PHL,2001-07-01,0.003182927,1.1977675
PHL,2001-10-01,0.00036132336,0.13596962
PHL,2002-01-01,-0.0037535105,-1.4124838
PHL,2002-04-01,-0.001093313,-0.4114247
PHL,2002-07-01,0.003405327,1.2814589
PHL,2002-10-01,-0.0018641176,-0.70148623
PHL,2003-01-01,-0.0038948401,-1.4656676
PHL,2003-04-01,-0.00043785866,-0.16477063
PHL,2003-07-01,0.0032241421,1.2132772
PHL,2003-10-01,-0.00057666405,-0.2170045
PHL,2004-01-01,-0.0036709865,-1.3814292
PHL,2004-04-01,0.0003828206,0.14405926
PHL,2004-07-01,0.0018947168,0.713001
PHL,2004-10-01,-0.0013469756,-0.50688046
PHL,2005-01-01,-0.0047152624,-1.7744008
PHL,2005-04-01,-0.00068035675,-0.2560251
PHL,2005-07-01,0.0028621752,1.0770653
PHL,2005-10-01,0.0023604722,0.8882695
PHL,2006-01-01,-0.0016030828,-0.6032562
PHL,2006-04-01,-0.00018127915,-0.068217166
PHL,2006-07-01,0.0034754302,1.3078394
PHL,2006-10-01,-0.00015446854,-0.058128066
PHL,2007-01-01,-0.0030669656,-1.1541301
PHL,2007-04-01,-0.00028956324,-0.10896556
PHL,2007-07-01,0.0031889277,1.2000257
PHL,2007-10-01,0.0013886277,0.5225546
PHL,2008-01-01,0.00033806884,0.12721871
PHL,2008-04-01,0.0020722996,0.77982724
PHL,2008-07-01,0.0030190488,1.1360985
PHL,2008-10-01,0.0009496156,0.35734993
PHL,2009-01-01,-0.00056693173,-0.21334213
PHL,2009-04-01,0.0027340334,1.0288444
PHL,2009-07-01,0.0038250787,1.4394157
PHL,2009-10-01,-0.00077734515,-0.29252282
PHL,2010-01-01,-0.004186445,-1.5754014
PHL,2010-04-01,-0.0011250102,-0.4233527
PHL,2010-07-01,0.003622969,1.3633597
PHL,2010-10-01,0.0015609479,0.58740044
PHL,2011-01-01,0.0013919525,0.52380574
PHL,2011-04-01,0.0023167653,0.8718221
PHL,2011-07-01,0.003759357,1.4146839
PHL,2011-10-01,0.0020150996,0.7583023
PHL,2012-01-01,-6.601432e-05,-0.024841854
PHL,2012-04-01,0.0008978884,0.33788446
PHL,2012-07-01,0.004414878,1.661363
PHL,2012-10-01,-0.0007851773,-0.29547012
PHL,2013-01-01,-0.00092662807,-0.34869948
PHL,2013-04-01,0.0012267198,0.46162704
PHL,2013-07-01,0.004603185,1.732225
PHL,2013-10-01,0.0006854078,0.25792587
PHL,2014-01-01,-0.0011415669,-0.42958313
PHL,2014-04-01,0.00041600037,0.15654513
PHL,2014-07-01,0.00424526,1.5975341
PHL,2014-10-01,0.0009885082,0.3719856
PHL,2015-01-01,-0.003672858,-1.3821335
PHL,2015-04-01,-0.0012692399,-0.47762778
PHL,2015-07-01,0.003294584,1.2397852
PHL,2015-10-01,-0.00031460947,-0.11839072
PHL,2016-01-01,-0.0046050213,-1.732916
PHL,2016-04-01,0.0002517323,0.0947294
PHL,2016-07-01,0.0033178302,1.2485329
PHL,2016-10-01,0.003078106,1.1583223
PHL,2017-01-01,0.00024034362,0.09044373
PHL,2017-04-01,0.0011527842,0.43380433
PHL,2017-07-01,0.004747066,1.7863688
PHL,2017-10-01,0.002600952,0.9787645
PHL,2018-01-01,-0.0012533385,-0.47164392
PHL,2018-04-01,-0.0004815217,-0.18120147
PHL,2018-07-01,0.004068034,1.5308421
PHL,2018-10-01,-0.0008985099,-0.33811834
PHL,2019-01-01,-0.00462601,-1.7408142
PHL,2019-04-01,-0.00044433074,-0.16720614
PHL,2019-07-01,0.0028843114,1.0853955
PHL,2019-10-01,-0.00025444632,-0.09575071
PHL,2020-01-01,-0.004404831,-1.6575824
PHL,2020-04-01,-0.00026421234,-0.09942577
PHL,2020-07-01,0.0034725731,1.3067642
PHL,2020-10-01,0.0047863894,1.8011665
PHL,2021-01-01,0.0008743576,0.32902956
PHL,2021-04-01,0.00044292677,0.1666778
PHL,2021-07-01,0.0035780782,1.3464669
PHL,2021-10-01,0.001754982,0.66041744
PHL,2022-01-01,-0.0016530827,-0.6220717
PHL,2022-04-01,0.002848101,1.0717691
PHL,2022-07-01,0.004372285,1.645335
PHL,2022-10-01,0.0022882128,0.86107755
PHL,2023-01-01,0.00039331536,0.14800854
PHL,2023-04-01,0.0013565278,0.5104751
PHL,2023-07-01,0.004170622,1.5694472
PHL,2023-10-01,-0.00048466213,-0.18238324
PHL,2024-01-01,-0.004165012,-1.567336
PHL,2024-04-01,-0.0005719086,-0.21521497
PHL,2024-07-01,0.006352909,2.3906636
PHL,2024-10-01,0.0034215115,1.2875493
THA,1981-01-01,-0.004413147,-1.3581477
THA,1981-04-01,0.0020040928,0.6167604
THA,1981-07-01,0.0034976762,1.0764112
THA,1981-10-01,-0.00076794485,-0.23633534
THA,1982-01-01,-0.0043810713,-1.3482764
THA,1982-04-01,0.0012081132,0.3717973
THA,1982-07-01,0.004555486,1.4019526
THA,1982-10-01,-0.0020492706,-0.6306638
THA,1983-01-01,-0.0049053677,-1.5096289
THA,1983-04-01,-0.00020189241,-0.06213247
THA,1983-07-01,0.0043196348,1.3293693
THA,1983-10-01,-0.0005063475,-0.15582864
THA,1984-01-01,-0.0040050293,-1.2325493
THA,1984-04-01,0.0015610292,0.48040736
THA,1984-07-01,0.0035294264,1.0861824
THA,1984-10-01,-0.0016957005,-0.5218525
THA,1985-01-01,-0.0041932673,-1.2904797
THA,1985-04-01,0.0018185307,0.5596536
THA,1985-07-01,0.0037462877,1.1529216
THA,1985-10-01,-0.0014791987,-0.45522398
THA,1986-01-01,-0.0048482767,-1.4920591
THA,1986-04-01,0.0020926367,0.64400977
THA,1986-07-01,0.0044487673,1.3691099
THA,1986-10-01,-0.0014056605,-0.43259257
THA,1987-01-01,-0.0045099664,-1.387944
THA,1987-04-01,0.00050100544,0.15418462
THA,1987-07-01,0.0040342673,1.2415473
THA,1987-10-01,-0.0008171831,-0.25148842
THA,1988-01-01,-0.0044056415,-1.355838
THA,1988-04-01,0.0026696771,0.8215942
THA,1988-07-01,0.003674592,1.1308571
THA,1988-10-01,-0.0006462249,-0.19887596
THA,1989-01-01,-0.0041972683,-1.291711
THA,1989-04-01,0.0012627054,0.38859808
THA,1989-07-01,0.0038929712,1.1980634
THA,1989-10-01,-0.0020062497,-0.61742413
THA,1990-01-01,-0.004235931,-1.3036095
THA,1990-04-01,0.0014042789,0.43216738
THA,1990-07-01,0.003269105,1.0060683
THA,1990-10-01,-0.0012340457,-0.37977806
THA,1991-01-01,-0.0045576873,-1.4026301
THA,1991-04-01,0.00062043703,0.19093974
THA,1991-07-01,0.005226007,1.6083058
THA,1991-10-01,-0.0020853023,-0.6417526
THA,1992-01-01,-0.004560268,-1.4034243
THA,1992-04-01,-0.00048899744,-0.15048915
THA,1992-07-01,0.004584167,1.4107792
THA,1992-10-01,-0.0015913189,-0.48972902
THA,1993-01-01,-0.0043037697,-1.3244869
THA,1993-04-01,0.0005815113,0.17896034
THA,1993-07-01,0.0036396615,1.1201073
THA,1993-10-01,-0.0022809124,-0.7019517
THA,1994-01-01,-0.0036688708,-1.1290964
THA,1994-04-01,0.0025887575,0.7966912
THA,1994-07-01,0.005221639,1.6069614
THA,1994-10-01,-0.002649796,-0.81547576
THA,1995-01-01,-0.0044933297,-1.382824
THA,1995-04-01,0.00103438,0.31833088
THA,1995-07-01,0.006049504,1.8617373
THA,1995-10-01,-0.0015248592,-0.46927604
THA,1996-01-01,-0.0043664216,-1.343768
THA,1996-04-01,0.002459501,0.7569124
THA,1996-07-01,0.0046661757,1.4360174
THA,1996-10-01,-0.0006505288,-0.2002005
THA,1997-01-01,-0.004314741,-1.3278633
THA,1997-04-01,-0.00015466924,-0.04759952
THA,1997-07-01,0.004737221,1.4578817
THA,1997-10-01,-0.0021428366,-0.6594588
THA,1998-01-01,-0.004731215,-1.4560333
THA,1998-04-01,0.00031523747,0.09701446
THA,1998-07-01,0.0032797167,1.0093341
THA,1998-10-01,-0.001080926,-0.33265543
THA,1999-01-01,-0.0035853386,-1.1033894
THA,1999-04-01,0.0036197975,1.1139941
THA,1999-07-01,0.00400578,1.2327803
THA,1999-10-01,-0.00058865576,-0.18115905
THA,2000-01-01,-0.0035906632,-1.105028
THA,2000-04-01,0.0040095053,1.2339269
THA,2000-07-01,0.004553127,1.4012266
THA,2000-10-01,-0.0015225658,-0.46857023
THA,2001-01-01,-0.0028709024,-0.8835214
THA,2001-04-01,0.0015819492,0.4868455
THA,2001-07-01,0.0036992906,1.1384581
THA,2001-10-01,-0.0015638001,-0.48126012
THA,2002-01-01,-0.0043536066,-1.3398242
THA,2002-04-01,0.001656369,0.5097482
THA,2002-07-01,0.004969094,1.5292406
THA,2002-10-01,-0.0013776519,-0.42397293
THA,2003-01-01,-0.00345215,-1.0624005
THA,2003-04-01,0.000636091,0.19575725
THA,2003-07-01,0.004128305,1.2704874
THA,2003-10-01,-0.0026871637,-0.8269757
THA,2004-01-01,-0.0042605624,-1.3111898
THA,2004-04-01,0.0018991395,0.5844609
THA,2004-07-01,0.00312607,0.96204925
THA,2004-10-01,-0.0036453065,-1.1218445
THA,2005-01-01,-0.0047395155,-1.4585878
THA,2005-04-01,0.0005739963,0.17664759
THA,2005-07-01,0.004522662,1.3918511
THA,2005-10-01,-0.0012466023,-0.38364235
THA,2006-01-01,-0.003829928,-1.178662
THA,2006-04-01,0.0019540328,0.60135436
THA,2006-07-01,0.0045946366,1.4140012
THA,2006-10-01,-0.0020605007,-0.63411987
THA,2007-01-01,-0.0043602777,-1.3418772
THA,2007-04-01,0.0023472176,0.72235715
THA,2007-07-01,0.004346114,1.3375183
THA,2007-10-01,-0.0010885097,-0.33498928
THA,2008-01-01,-0.0040202886,-1.2372454
THA,2008-04-01,0.0024935436,0.767389
THA,2008-07-01,0.004309452,1.3262357
THA,2008-10-01,-0.0009244378,-0.2844961
THA,2009-01-01,-0.0036760264,-1.1312985
THA,2009-04-01,0.0020909929,0.6435039
THA,2009-07-01,0.004268294,1.3135692
THA,2009-10-01,-0.0022627786,-0.696371
THA,2010-01-01,-0.003995852,-1.229725
THA,2010-04-01,-0.00011039354,-0.033973657
THA,2010-07-01,0.0047764094,1.4699419
THA,2010-10-01,-0.00029144608,-0.089692645
THA,2011-01-01,-0.002695047,-0.8294018
THA,2011-04-01,0.0023403617,0.72024727
THA,2011-07-01,0.005720135,1.7603737
THA,2011-10-01,-0.002101044,-0.6465971
THA,2012-01-01,-0.0031697724,-0.97549874
THA,2012-04-01,0.0011488851,0.35356984
THA,2012-07-01,0.0039802697,1.2249296
THA,2012-10-01,-0.0018407935,-0.56650496
THA,2013-01-01,-0.003982455,-1.2256021
THA,2013-04-01,0.00079585845,0.24492575
THA,2013-07-01,0.00509411,1.5677143
THA,2013-10-01,-0.001379394,-0.42450905
THA,2014-01-01,-0.0047369087,-1.4577855
THA,2014-04-01,0.0007655931,0.23561157
THA,2014-07-01,0.0040089427,1.2337537
THA,2014-10-01,-0.0016939882,-0.5213255
THA,2015-01-01,-0.0039974363,-1.2302126
THA,2015-04-01,-0.00025480907,-0.07841759
THA,2015-07-01,0.0040519,1.2469739
THA,2015-10-01,-0.0016460266,-0.50656533
THA,2016-01-01,-0.004478282,-1.378193
THA,2016-04-01,-6.039844e-05,-0.018587643
THA,2016-07-01,0.0043866546,1.3499947
THA,2016-10-01,-0.0006190695,-0.19051889
THA,2017-01-01,-0.0031366243,-0.9652974
THA,2017-04-01,0.002140084,0.6586117
THA,2017-07-01,0.004795068,1.475684
THA,2017-10-01,-0.0006191167,-0.19053341
THA,2018-01-01,-0.0036146648,-1.1124145
THA,2018-04-01,0.0022050308,0.6785991
THA,2018-07-01,0.004699079,1.4461434
THA,2018-10-01,-0.0017164216,-0.5282294
THA,2019-01-01,-0.00409955,-1.2616382
THA,2019-04-01,7.9979036e-05,0.02461358
THA,2019-07-01,0.004409254,1.3569497
THA,2019-10-01,-0.0028342295,-0.87223524
THA,2020-01-01,-0.0047377315,-1.4580388
THA,2020-04-01,-0.00010094978,-0.031067334
THA,2020-07-01,0.0039992826,1.2307808
THA,2020-10-01,-0.000729297,-0.22444144
THA,2021-01-01,-0.004431511,-1.3637992
THA,2021-04-01,0.0017523725,0.53929335
THA,2021-07-01,0.004975553,1.5312284
THA,2021-10-01,-0.00071682903,-0.22060442
THA,2022-01-01,-0.002614706,-0.80467683
THA,2022-04-01,0.0013524488,0.41621667
THA,2022-07-01,0.0053693294,1.6524132
THA,2022-10-01,-0.0008928732,-0.2747821
THA,2023-01-01,-0.0042594937,-1.3108609
THA,2023-04-01,-0.00033934493,-0.10443354
THA,2023-07-01,0.0045728455,1.407295
THA,2023-10-01,-0.0009226745,-0.28395343
THA,2024-01-01,-0.004140844,-1.2743465
THA,2024-04-01,0.00048541278,0.14938597
THA,2024-07-01,0.0044342075,1.3646291
THA,2024-10-01,-0.0014054886,-0.43253967
ZAF,1981-01-01,0.002330114,1.5894222
ZAF,1981-04-01,-0.0011370088,-0.77557886
ZAF,1981-07-01,-0.00095176284,-0.6492185
ZAF,1981-10-01,0.0010379277,0.70799345
ZAF,1982-01-01,0.00057481235,0.39209223
ZAF,1982-04-01,-0.00079072895,-0.5393737
ZAF,1982-07-01,-0.0014494582,-0.9887075
ZAF,1982-10-01,0.0008171708,0.55741024
ZAF,1983-01-01,3.3982255e-05,0.023180047
ZAF,1983-04-01,-0.0009873437,-0.673489
ZAF,1983-07-01,-0.0013962975,-0.9524454
ZAF,1983-10-01,0.0011964069,0.8160956
ZAF,1984-01-01,0.0006228695,0.42487308
ZAF,1984-04-01,-0.0011562618,-0.7887117
ZAF,1984-07-01,-0.0014816537,-1.0106688
ZAF,1984-10-01,0.0008730057,0.59549654
ZAF,1985-01-01,0.0020452288,1.3950958
ZAF,1985-04-01,-0.0015573405,-1.0622964
ZAF,1985-07-01,-0.0018336917,-1.2508017
ZAF,1985-10-01,0.0021815586,1.4880894
ZAF,1986-01-01,0.0011161952,0.76138145
ZAF,1986-04-01,-0.0012002442,-0.8187131
ZAF,1986-07-01,-0.001429947,-0.9753985
ZAF,1986-10-01,0.0013918901,0.94943905
ZAF,1987-01-01,0.0010102742,0.68913037
ZAF,1987-04-01,-0.0012958883,-0.8839541
ZAF,1987-07-01,-0.00031101704,-0.2121516
ZAF,1987-10-01,0.0012653961,0.8631547
ZAF,1988-01-01,0.0025976656,1.7719252
ZAF,1988-04-01,-0.0005290858,-0.36090115
ZAF,1988-07-01,-0.0011189174,-0.7632383
ZAF,1988-10-01,0.0017357437,1.1839892
ZAF,1989-01-01,0.0023232226,1.5847216
ZAF,1989-04-01,-0.0006550979,-0.44685677
ZAF,1989-07-01,-0.0017638858,-1.2031856
ZAF,1989-10-01,0.0013567203,0.92544895
ZAF,1990-01-01,0.0013766597,0.9390501
ZAF,1990-04-01,-0.0006432684,-0.4387876
ZAF,1990-07-01,-0.0018259762,-1.2455387
ZAF,1990-10-01,8.596837e-05,0.058640927
ZAF,1991-01-01,0.0025910398,1.7674055
ZAF,1991-04-01,-0.001412125,-0.9632417
ZAF,1991-07-01,-0.0015318828,-1.0449312
ZAF,1991-10-01,0.0012881778,0.8786946
ZAF,1992-01-01,9.8337885e-05,0.06707845
ZAF,1992-04-01,-0.0017726297,-1.20915
ZAF,1992-07-01,-0.0017219797,-1.1746005
ZAF,1992-10-01,0.0005823171,0.3972114
ZAF,1993-01-01,0.000759382,0.51799124
ZAF,1993-04-01,-0.0012169569,-0.83011323
ZAF,1993-07-01,-0.0017585667,-1.1995573
ZAF,1993-10-01,0.0015953892,1.0882503
ZAF,1994-01-01,0.0018039593,1.2305205
ZAF,1994-04-01,-0.0016444013,-1.1216825
ZAF,1994-07-01,-0.0019133004,-1.3051045
ZAF,1994-10-01,1.4099447e-06,0.0009617545
ZAF,1995-01-01,0.001094599,0.7466502
ZAF,1995-04-01,-0.0009766634,-0.66620374
ZAF,1995-07-01,-0.0018106671,-1.2350961
ZAF,1995-10-01,0.0021157297,1.443186
ZAF,1996-01-01,0.0022846311,1.5583974
ZAF,1996-04-01,-0.0011749862,-0.8014841
ZAF,1996-07-01,-0.0011762669,-0.8023577
ZAF,1996-10-01,0.0022209883,1.5149852
ZAF,1997-01-01,0.0018901145,1.2892889
ZAF,1997-04-01,-0.00026070303,-0.1778313
ZAF,1997-07-01,-0.0013945713,-0.9512679
ZAF,1997-10-01,0.00046936306,0.32016292
ZAF,1998-01-01,0.0018748455,1.2788736
ZAF,1998-04-01,-0.0015560262,-1.0613998
ZAF,1998-07-01,-0.0017293998,-1.1796619
ZAF,1998-10-01,0.001565054,1.0675579
ZAF,1999-01-01,0.001090741,0.74401855
ZAF,1999-04-01,-0.0012864589,-0.8775221
ZAF,1999-07-01,-0.0018012854,-1.2286966
ZAF,1999-10-01,0.001880166,1.2825029
ZAF,2000-01-01,0.0038682974,2.6386514
ZAF,2000-04-01,-0.00073573383,-0.5018603
ZAF,2000-07-01,-0.0014720386,-1.0041101
ZAF,2000-10-01,0.0012846916,0.8763166
ZAF,2001-01-01,0.001187441,0.8099798
ZAF,2001-04-01,-0.00053792173,-0.3669283
ZAF,2001-07-01,-0.00099365,-0.6777907
ZAF,2001-10-01,0.0023137808,1.578281
ZAF,2002-01-01,0.0012227404,0.8340583
ZAF,2002-04-01,-0.0010528398,-0.71816534
ZAF,2002-07-01,-0.0009396646,-0.640966
ZAF,2002-10-01,0.00034425143,0.23482151
ZAF,2003-01-01,0.00095244515,0.6496839
ZAF,2003-04-01,-0.0015248451,-1.0401306
ZAF,2003-07-01,-0.001869664,-1.2753391
ZAF,2003-10-01,0.00022066361,0.15051953
ZAF,2004-01-01,0.0019428837,1.325284
ZAF,2004-04-01,-0.0012375475,-0.84415853
ZAF,2004-07-01,-0.0015673131,-1.069099
ZAF,2004-10-01,0.0005012273,0.3418982
ZAF,2005-01-01,0.001731757,1.1812698
ZAF,2005-04-01,-0.0009038183,-0.61651444
ZAF,2005-07-01,-0.0019970376,-1.3622235
ZAF,2005-10-01,0.00028318758,0.1931685
ZAF,2006-01-01,0.0031452961,2.145476
ZAF,2006-04-01,-0.00078381505,-0.5346576
ZAF,2006-07-01,-0.0012211009,-0.8329399
ZAF,2006-10-01,0.00079379044,0.541462
ZAF,2007-01-01,-0.000118116695,-0.08057001
ZAF,2007-04-01,-0.0014017607,-0.956172
ZAF,2007-07-01,-0.0020070358,-1.3690435
ZAF,2007-10-01,0.0016959732,1.1568608
ZAF,2008-01-01,0.0012575517,0.8578038
ZAF,2008-04-01,-0.0011178852,-0.76253426
ZAF,2008-07-01,-0.0020065363,-1.3687029
ZAF,2008-10-01,0.00013770357,0.09393065
ZAF,2009-01-01,0.0018299572,1.2482543
ZAF,2009-04-01,-0.0012268027,-0.83682925
ZAF,2009-07-01,-0.001875645,-1.279419
ZAF,2009-10-01,0.00085679156,0.5844365
ZAF,2010-01-01,0.0018504765,1.2622509
ZAF,2010-04-01,-0.0011281769,-0.76955444
ZAF,2010-07-01,-0.00231304,-1.5777757
ZAF,2010-10-01,0.0010857697,0.7406276
ZAF,2011-01-01,0.002577131,1.757918
ZAF,2011-04-01,-0.00037267836,-0.25421217
ZAF,2011-07-01,-0.0018076607,-1.2330453
ZAF,2011-10-01,0.00038563702,0.26305154
ZAF,2012-01-01,0.0009511006,0.64876676
ZAF,2012-04-01,-0.0014967778,-1.0209852
ZAF,2012-07-01,-0.0014144467,-0.9648254
ZAF,2012-10-01,0.0011105197,0.75751007
ZAF,2013-01-01,0.0005518598,0.3764358
ZAF,2013-04-01,-0.0013184153,-0.89932024
ZAF,2013-07-01,-0.0020690735,-1.4113609
ZAF,2013-10-01,0.0006399436,0.43651968
ZAF,2014-01-01,0.0019016952,1.2971883
ZAF,2014-04-01,-0.0015381309,-1.0491931
ZAF,2014-07-01,-0.0020553921,-1.4020284
ZAF,2014-10-01,0.0007547778,0.5148506
ZAF,2015-01-01,0.0003713444,0.25330222
ZAF,2015-04-01,-0.0014355937,-0.97925025
ZAF,2015-07-01,-0.0014871092,-1.0143901
ZAF,2015-10-01,-0.0010022448,-0.68365335
ZAF,2016-01-01,0.00082487235,0.5626637
ZAF,2016-04-01,-0.0012596474,-0.8592334
ZAF,2016-07-01,-0.0017073167,-1.1645985
ZAF,2016-10-01,-0.00032879564,-0.22427878
ZAF,2017-01-01,0.0019333996,1.3188146
ZAF,2017-04-01,-0.0014621681,-0.99737716
ZAF,2017-07-01,-0.0022480758,-1.5334623
ZAF,2017-10-01,0.00011329904,0.07728378
ZAF,2018-01-01,0.00089276204,0.6089727
ZAF,2018-04-01,-0.0011182992,-0.7628166
ZAF,2018-07-01,-0.0018299146,-1.2482252
ZAF,2018-10-01,-0.00081514166,-0.55602616
ZAF,2019-01-01,0.0005216471,0.35582703
ZAF,2019-04-01,-0.0012618833,-0.86075854
ZAF,2019-07-01,-0.0023309921,-1.5900213
ZAF,2019-10-01,-0.00028265023,-0.19280198
ZAF,2020-01-01,0.0015387926,1.0496445
ZAF,2020-04-01,-0.0013569104,-0.92557865
ZAF,2020-07-01,-0.0021043436,-1.4354193
ZAF,2020-10-01,0.000946238,0.6454499
ZAF,2021-01-01,0.0024752554,1.6884265
ZAF,2021-04-01,-0.001564792,-1.0673792
ZAF,2021-07-01,-0.0019189877,-1.308984
ZAF,2021-10-01,0.0017138608,1.1690624
ZAF,2022-01-01,0.0020882874,1.424467
ZAF,2022-04-01,-0.00015209301,-0.103746004
ZAF,2022-07-01,-0.0017701971,-1.2074906
ZAF,2022-10-01,0.0016422499,1.1202149
ZAF,2023-01-01,0.001420165,0.9687259
ZAF,2023-04-01,-0.0010138535,-0.6915719
ZAF,2023-07-01,-0.0017095631,-1.1661308
ZAF,2023-10-01,0.00056987396,0.38872364
ZAF,2024-01-01,0.00030844402,0.2103965
ZAF,2024-04-01,-0.00095563213,-0.6518578
ZAF,2024-07-01,-0.0017978457,-1.2263503
ZAF,2024-10-01,-2.0759335e-05,-0.014160401
