country_add,dates,moisture_a12m
AUS,01-Jan-1997,-2.2549312360717e-07
AUS,01-Apr-1997,-7.42290467083617e-07
AUS,01-Jul-1997,-4.23531996361493e-06
AUS,01-Oct-1997,-7.25618392480129e-06
AUS,01-Jan-1998,-1.12809013529782e-05
AUS,01-Apr-1998,-5.82538925642683e-06
AUS,01-Jul-1998,-3.34442336217567e-06
AUS,01-Oct-1998,-1.33019353659797e-06
AUS,01-Jan-1999,-3.25591437604796e-07
AUS,01-Apr-1999,-9.28243113905138e-07
AUS,01-Jul-1999,-2.08171052438795e-06
AUS,01-Oct-1999,-1.15590786526571e-06
AUS,01-Jan-2000,-2.40126241734681e-06
AUS,01-Apr-2000,-1.69572519432e-06
AUS,01-Jul-2000,-8.18953270458059e-07
AUS,01-Oct-2000,-1.86116213353644e-06
AUS,01-Jan-2001,-8.13308133874366e-06
AUS,01-Apr-2001,-9.84625290436115e-06
AUS,01-Jul-2001,-9.60950015890677e-06
AUS,01-Oct-2001,-9.70296939105782e-06
AUS,01-Jan-2002,-1.20674657014754e-05
AUS,01-Apr-2002,-1.10719302971864e-05
AUS,01-Jul-2002,-1.95221853378823e-05
AUS,01-Oct-2002,-2.9006655036231e-05
AUS,01-Jan-2003,-2.91584470614075e-05
AUS,01-Apr-2003,-2.30735292178455e-05
AUS,01-Jul-2003,-1.38882264803186e-05
AUS,01-Oct-2003,-4.42591781079124e-06
AUS,01-Jan-2004,-4.99311122172938e-06
AUS,01-Apr-2004,-7.96642117326973e-06
AUS,01-Jul-2004,-1.08656123174587e-05
AUS,01-Oct-2004,-1.2179333034337e-05
AUS,01-Jan-2005,-9.6196449699234e-06
AUS,01-Apr-2005,-7.44727870111643e-06
AUS,01-Jul-2005,-6.12570283532289e-06
AUS,01-Oct-2005,-3.51933981862045e-06
AUS,01-Jan-2006,-4.25944988101676e-06
AUS,01-Apr-2006,-6.29132876893652e-06
AUS,01-Jul-2006,-1.29507761514412e-05
AUS,01-Oct-2006,-3.09302987525345e-05
AUS,01-Jan-2007,-3.41155806783723e-05
AUS,01-Apr-2007,-2.69651355097249e-05
AUS,01-Jul-2007,-2.54361460821971e-05
AUS,01-Oct-2007,-9.71181513026515e-06
AUS,01-Jan-2008,-7.79940853917317e-06
AUS,01-Apr-2008,-1.24004117550167e-05
AUS,01-Jul-2008,-8.93556691562769e-06
AUS,01-Oct-2008,-1.14397407426943e-05
AUS,01-Jan-2009,-1.56881896836425e-05
AUS,01-Apr-2009,-1.23077819164267e-05
AUS,01-Jul-2009,-1.05512976213637e-05
AUS,01-Oct-2009,-1.45028055356624e-05
AUS,01-Jan-2010,-6.60106020879592e-06
AUS,01-Apr-2010,-6.88192373122018e-06
AUS,01-Jul-2010,-7.12560702734155e-06
AUS,01-Oct-2010,-8.21561933126549e-06
AUS,01-Jan-2011,-7.46931377090674e-06
AUS,01-Apr-2011,-6.90190158434666e-06
AUS,01-Jul-2011,-3.25579896033857e-06
AUS,01-Oct-2011,-1.47226449898966e-07
AUS,01-Jan-2012,-1.98102185129757e-06
AUS,01-Apr-2012,-1.76650016638521e-06
AUS,01-Jul-2012,-2.73850656017064e-06
AUS,01-Oct-2012,-8.3769931942414e-06
AUS,01-Jan-2013,-1.712569268447e-05
AUS,01-Apr-2013,-1.63590065524138e-05
AUS,01-Jul-2013,-1.12463663786681e-05
AUS,01-Oct-2013,-1.07067654704475e-05
AUS,01-Jan-2014,-1.24994907960575e-05
AUS,01-Apr-2014,-7.79330680713219e-06
AUS,01-Jul-2014,-1.34963049275651e-05
AUS,01-Oct-2014,-1.29172797603801e-05
AUS,01-Jan-2015,-1.31504815350013e-05
AUS,01-Apr-2015,-1.60996994414867e-05
AUS,01-Jul-2015,-1.49056984958107e-05
AUS,01-Oct-2015,-1.34182808126189e-05
AUS,01-Jan-2016,-1.11740054643745e-05
AUS,01-Apr-2016,-8.87570994565061e-06
AUS,01-Jul-2016,-1.5544439823383e-06
AUS,01-Oct-2016,-7.44228321973031e-07
AUS,01-Jan-2017,-2.83922553614067e-07
AUS,01-Apr-2017,-9.54737522466462e-07
AUS,01-Jul-2017,-9.07043108799955e-06
AUS,01-Oct-2017,-6.81477930576643e-06
AUS,01-Jan-2018,-1.43519796917182e-05
AUS,01-Apr-2018,-1.50201394784013e-05
AUS,01-Jul-2018,-1.79965814554875e-05
AUS,01-Oct-2018,-2.2097024241448e-05
AUS,01-Jan-2019,-2.38464896179406e-05
AUS,01-Apr-2019,-2.01649844423784e-05
AUS,01-Jul-2019,-2.24663967899879e-05
AUS,01-Oct-2019,-3.52428799435224e-05
AUS,01-Jan-2020,-2.35548589859105e-05
AUS,01-Apr-2020,-1.93871232313555e-05
AUS,01-Jul-2020,-1.30264295740128e-05
AUS,01-Oct-2020,-3.49964232158801e-06
AUS,01-Jan-2021,-2.2716718417977e-06
AUS,01-Apr-2021,-3.28317911244898e-06
AUS,01-Jul-2021,-2.41535879684898e-06
AUS,01-Oct-2021,-2.51795855494402e-06
AUS,01-Jan-2022,-2.38371967863175e-06
AUS,01-Apr-2022,-1.29055126153228e-06
AUS,01-Jul-2022,-7.4499226863103e-07
AUS,01-Oct-2022,-4.73039688862755e-08
AUS,01-Jan-2023,-7.1233323824587e-08
AUS,01-Apr-2023,-1.72871272122119e-07
AUS,01-Jul-2023,-3.44053151497299e-06
AUS,01-Oct-2023,-1.04876295972563e-05
AUS,01-Jan-2024,-7.95940581363484e-06
AUS,01-Apr-2024,-1.23034815293429e-05
AUS,01-Jul-2024,-7.9091496314124e-06
AUS,01-Oct-2024,-1.02835634756869e-05
AUS,NaT,NaN
AUS,NaT,NaN
AUS,NaT,NaN
BRA,01-Jan-1997,-7.19026829069974e-06
BRA,01-Apr-1997,-5.38793549423411e-06
BRA,01-Jul-1997,-4.15063788319876e-06
BRA,01-Oct-1997,-1.20456531003787e-06
BRA,01-Jan-1998,-3.0088442897791e-06
BRA,01-Apr-1998,-7.55547640684402e-06
BRA,01-Jul-1998,-9.2255508298593e-06
BRA,01-Oct-1998,-5.33243796284757e-06
BRA,01-Jan-1999,-5.31965951245005e-06
BRA,01-Apr-1999,-6.39746671259685e-06
BRA,01-Jul-1999,-1.3005599491088e-05
BRA,01-Oct-1999,-2.58237831249496e-05
BRA,01-Jan-2000,-2.18193655246125e-05
BRA,01-Apr-2000,-2.84658542316092e-05
BRA,01-Jul-2000,-1.26569949440206e-05
BRA,01-Oct-2000,-3.34223451089109e-06
BRA,01-Jan-2001,-7.36600381870096e-06
BRA,01-Apr-2001,-5.87810466854864e-06
BRA,01-Jul-2001,-1.09800945110371e-05
BRA,01-Oct-2001,-7.19075442855561e-06
BRA,01-Jan-2002,-6.97732834530055e-06
BRA,01-Apr-2002,-7.74013253348438e-06
BRA,01-Jul-2002,-8.21984302499865e-06
BRA,01-Oct-2002,-1.98326145690657e-05
BRA,01-Jan-2003,-1.48486650523303e-05
BRA,01-Apr-2003,-1.00304945256553e-05
BRA,01-Jul-2003,-1.78539851108249e-05
BRA,01-Oct-2003,-1.86379263082456e-05
BRA,01-Jan-2004,-3.40322732460308e-05
BRA,01-Apr-2004,-2.42154196725521e-05
BRA,01-Jul-2004,-1.90200873307123e-05
BRA,01-Oct-2004,-2.29886899697632e-05
BRA,01-Jan-2005,-2.74699016812897e-05
BRA,01-Apr-2005,-2.73076354766042e-05
BRA,01-Jul-2005,-2.17993020421033e-05
BRA,01-Oct-2005,-1.78929095090987e-05
BRA,01-Jan-2006,-9.7522059771227e-06
BRA,01-Apr-2006,-2.35126558020518e-05
BRA,01-Jul-2006,-2.80297193177642e-05
BRA,01-Oct-2006,-2.75096043642029e-05
BRA,01-Jan-2007,-1.94792978075473e-05
BRA,01-Apr-2007,-1.10724257620371e-05
BRA,01-Jul-2007,-1.20222331414029e-05
BRA,01-Oct-2007,-2.00499027697146e-05
BRA,01-Jan-2008,-1.71063558669521e-05
BRA,01-Apr-2008,-1.14965708336124e-05
BRA,01-Jul-2008,-1.28842455914597e-05
BRA,01-Oct-2008,-1.6747805321466e-05
BRA,01-Jan-2009,-1.63167264700602e-05
BRA,01-Apr-2009,-2.43783583420568e-05
BRA,01-Jul-2009,-7.66702637256479e-06
BRA,01-Oct-2009,-3.07206464565534e-06
BRA,01-Jan-2010,-8.43877178055197e-07
BRA,01-Apr-2010,-2.38578613131733e-06
BRA,01-Jul-2010,-1.01920573540627e-05
BRA,01-Oct-2010,-1.66491908475811e-05
BRA,01-Jan-2011,-7.62890454652383e-06
BRA,01-Apr-2011,-6.0204492031971e-06
BRA,01-Jul-2011,-6.81916236408356e-06
BRA,01-Oct-2011,-7.12981098691797e-06
BRA,01-Jan-2012,-3.47876997375111e-05
BRA,01-Apr-2012,-2.88761267248649e-05
BRA,01-Jul-2012,-3.55082034839521e-05
BRA,01-Oct-2012,-3.67850822977514e-05
BRA,01-Jan-2013,-1.8649139838172e-05
BRA,01-Apr-2013,-1.15834814770564e-05
BRA,01-Jul-2013,-8.74654173456517e-06
BRA,01-Oct-2013,-8.62098036182698e-06
BRA,01-Jan-2014,-1.80167862142191e-05
BRA,01-Apr-2014,-2.45458365294922e-05
BRA,01-Jul-2014,-2.13987358090876e-05
BRA,01-Oct-2014,-2.2984600523215e-05
BRA,01-Jan-2015,-1.23064453649435e-05
BRA,01-Apr-2015,-9.76023198704469e-06
BRA,01-Jul-2015,-5.43572207994874e-06
BRA,01-Oct-2015,-1.05173639675485e-05
BRA,01-Jan-2016,-5.21161312997754e-06
BRA,01-Apr-2016,-1.26434751590839e-05
BRA,01-Jul-2016,-1.40173718655742e-05
BRA,01-Oct-2016,-1.16082549911304e-05
BRA,01-Jan-2017,-2.51759592935359e-05
BRA,01-Apr-2017,-1.41461956754185e-05
BRA,01-Jul-2017,-1.92156190243609e-05
BRA,01-Oct-2017,-1.53108825445163e-05
BRA,01-Jan-2018,-1.61237444827171e-05
BRA,01-Apr-2018,-3.50313624231193e-05
BRA,01-Jul-2018,-2.68617407739558e-05
BRA,01-Oct-2018,-2.96036199572181e-05
BRA,01-Jan-2019,-3.13899958336294e-05
BRA,01-Apr-2019,-1.74685347520026e-05
BRA,01-Jul-2019,-2.37576665597908e-05
BRA,01-Oct-2019,-3.80812502165874e-05
BRA,01-Jan-2020,-4.23208041786667e-05
BRA,01-Apr-2020,-5.1788421109799e-05
BRA,01-Jul-2020,-4.96556216833383e-05
BRA,01-Oct-2020,-6.46958220304321e-05
BRA,01-Jan-2021,-6.44480504121586e-05
BRA,01-Apr-2021,-7.47984934467646e-05
BRA,01-Jul-2021,-8.29706186524073e-05
BRA,01-Oct-2021,-6.50032022929867e-05
BRA,01-Jan-2022,-6.62340918055316e-05
BRA,01-Apr-2022,-5.15124059530571e-05
BRA,01-Jul-2022,-3.69747724108442e-05
BRA,01-Oct-2022,-4.20760494954509e-05
BRA,01-Jan-2023,-3.88426965240389e-05
BRA,01-Apr-2023,-3.91159864183043e-05
BRA,01-Jul-2023,-3.70678086920538e-05
BRA,01-Oct-2023,-3.3724220369385e-05
BRA,01-Jan-2024,-4.54639937938123e-05
BRA,01-Apr-2024,-5.32782851862282e-05
BRA,01-Jul-2024,-5.66142662267308e-05
BRA,01-Oct-2024,-3.80044206843375e-05
BRA,NaT,NaN
BRA,NaT,NaN
BRA,NaT,NaN
CHL,01-Jan-1997,-1.02286856844865e-05
CHL,01-Apr-1997,-2.122753971061e-07
CHL,01-Jul-1997,-2.67860327769547e-09
CHL,01-Oct-1997,-1.03903473405731e-08
CHL,01-Jan-1998,-1.09191557925812e-08
CHL,01-Apr-1998,-2.39790000272185e-06
CHL,01-Jul-1998,-8.86445609379515e-06
CHL,01-Oct-1998,-1.51865213358388e-05
CHL,01-Jan-1999,-1.48727136938699e-05
CHL,01-Apr-1999,-1.10686057669293e-05
CHL,01-Jul-1999,-3.16634628888298e-06
CHL,01-Oct-1999,-2.38025216069165e-06
CHL,01-Jan-2000,-9.51955830522949e-07
CHL,01-Apr-2000,-2.25173403384683e-08
CHL,01-Jul-2000,-3.20934259834508e-08
CHL,01-Oct-2000,-1.68940708976069e-08
CHL,01-Jan-2001,-2.10207905302371e-09
CHL,01-Apr-2001,-7.34953782639495e-07
CHL,01-Jul-2001,-5.51874088621668e-09
CHL,01-Oct-2001,-7.16002989104252e-09
CHL,01-Jan-2002,-6.78548254432661e-08
CHL,01-Apr-2002,-1.2584292864908e-07
CHL,01-Jul-2002,-3.33540211876486e-07
CHL,01-Oct-2002,-1.07874635468037e-08
CHL,01-Jan-2003,-3.4528359645923e-09
CHL,01-Apr-2003,-3.84726704739772e-09
CHL,01-Jul-2003,-2.60290186054096e-06
CHL,01-Oct-2003,-3.69842696917607e-06
CHL,01-Jan-2004,-3.15494708359077e-06
CHL,01-Apr-2004,-3.25261023523732e-06
CHL,01-Jul-2004,-5.68914687310073e-07
CHL,01-Oct-2004,-1.56161377412117e-07
CHL,01-Jan-2005,-3.342256013637e-07
CHL,01-Apr-2005,-2.15527899663518e-09
CHL,01-Jul-2005,-6.87399434409162e-09
CHL,01-Oct-2005,-1.46463847727138e-08
CHL,01-Jan-2006,-1.46656479823367e-08
CHL,01-Apr-2006,-3.28994269279755e-08
CHL,01-Jul-2006,-2.31830721504878e-08
CHL,01-Oct-2006,-2.34595488261114e-08
CHL,01-Jan-2007,-3.71272076002742e-08
CHL,01-Apr-2007,-5.88313009687697e-07
CHL,01-Jul-2007,-5.33961422849201e-06
CHL,01-Oct-2007,-8.5526273845446e-06
CHL,01-Jan-2008,-1.0249358290054e-05
CHL,01-Apr-2008,-2.34165765800402e-06
CHL,01-Jul-2008,-4.8751954840204e-08
CHL,01-Oct-2008,-9.86293444220212e-08
CHL,01-Jan-2009,-9.35616579797711e-08
CHL,01-Apr-2009,-1.63454609752535e-06
CHL,01-Jul-2009,-3.11419434234119e-06
CHL,01-Oct-2009,-1.1663027400176e-06
CHL,01-Jan-2010,-1.19991132653168e-06
CHL,01-Apr-2010,-3.07816517624068e-06
CHL,01-Jul-2010,-5.54474612187501e-06
CHL,01-Oct-2010,-6.82387864456208e-06
CHL,01-Jan-2011,-6.12509052031454e-06
CHL,01-Apr-2011,-5.23862279098202e-06
CHL,01-Jul-2011,-2.38491873247474e-06
CHL,01-Oct-2011,-3.67612776642287e-06
CHL,01-Jan-2012,-3.53849870505937e-06
CHL,01-Apr-2012,-1.36148958274353e-06
CHL,01-Jul-2012,-6.667899791338e-06
CHL,01-Oct-2012,-1.98636500777262e-06
CHL,01-Jan-2013,-2.48862700232003e-06
CHL,01-Apr-2013,-4.07287882141584e-06
CHL,01-Jul-2013,-1.16256406459283e-06
CHL,01-Oct-2013,-5.50221734825608e-06
CHL,01-Jan-2014,-5.88723166062042e-06
CHL,01-Apr-2014,-4.06551496269599e-06
CHL,01-Jul-2014,-1.73174953482925e-06
CHL,01-Oct-2014,-1.4078090353895e-06
CHL,01-Jan-2015,-2.16157670986334e-06
CHL,01-Apr-2015,-6.76640446801394e-06
CHL,01-Jul-2015,-3.17486574150504e-06
CHL,01-Oct-2015,-9.08552034884175e-07
CHL,01-Jan-2016,-7.91019480245593e-07
CHL,01-Apr-2016,-2.40973450531018e-06
CHL,01-Jul-2016,-8.38044836455886e-06
CHL,01-Oct-2016,-8.77951403734937e-06
CHL,01-Jan-2017,-7.67521045259712e-06
CHL,01-Apr-2017,-2.75024246646178e-06
CHL,01-Jul-2017,-1.0283700444489e-06
CHL,01-Oct-2017,-4.82910185522138e-07
CHL,01-Jan-2018,-1.73909343365559e-07
CHL,01-Apr-2018,-2.2509793951409e-06
CHL,01-Jul-2018,-3.48868639199231e-06
CHL,01-Oct-2018,-3.35586815873344e-06
CHL,01-Jan-2019,-4.21443243787431e-06
CHL,01-Apr-2019,-2.81847619388135e-06
CHL,01-Jul-2019,-5.2771929307529e-06
CHL,01-Oct-2019,-8.89667272723807e-06
CHL,01-Jan-2020,-9.77570793522738e-06
CHL,01-Apr-2020,-9.09686266327427e-06
CHL,01-Jul-2020,-5.99898812580244e-06
CHL,01-Oct-2020,-6.43096994252341e-06
CHL,01-Jan-2021,-4.04097267421618e-06
CHL,01-Apr-2021,-7.70018696180123e-06
CHL,01-Jul-2021,-9.38464842129382e-06
CHL,01-Oct-2021,-9.40865788135175e-06
CHL,01-Jan-2022,-1.1399562448295e-05
CHL,01-Apr-2022,-9.17300641140624e-06
CHL,01-Jul-2022,-6.81838769579833e-06
CHL,01-Oct-2022,-5.53602327587616e-06
CHL,01-Jan-2023,-5.71097650081704e-06
CHL,01-Apr-2023,-2.99047929446404e-06
CHL,01-Jul-2023,-9.34574213240891e-07
CHL,01-Oct-2023,-7.23952398654245e-07
CHL,01-Jan-2024,-4.7414043595254e-07
CHL,01-Apr-2024,-4.4486775438218e-08
CHL,01-Jul-2024,-9.00574248613047e-07
CHL,01-Oct-2024,-2.64958792317624e-06
CHL,NaT,NaN
CHL,NaT,NaN
CHL,NaT,NaN
COL,01-Jan-1997,-2.30625225265134e-06
COL,01-Apr-1997,-5.27642137487973e-06
COL,01-Jul-1997,-9.56349977409817e-06
COL,01-Oct-1997,-1.1199064517568e-05
COL,01-Jan-1998,-1.13775014841482e-05
COL,01-Apr-1998,-5.50932753832782e-06
COL,01-Jul-1998,-1.89250138051449e-06
COL,01-Oct-1998,-4.11586409441615e-07
COL,01-Jan-1999,-1.48765955395352e-09
COL,01-Apr-1999,-6.9653448856857e-08
COL,01-Jul-1999,-5.49291520481038e-08
COL,01-Oct-1999,-9.89251824978946e-08
COL,01-Jan-2000,-2.42589233935792e-07
COL,01-Apr-2000,-2.8703558478327e-07
COL,01-Jul-2000,-2.96782471308141e-07
COL,01-Oct-2000,-3.78981942797528e-07
COL,01-Jan-2001,-1.28630015619959e-06
COL,01-Apr-2001,-3.41936770131712e-06
COL,01-Jul-2001,-7.57870816145041e-06
COL,01-Oct-2001,-6.78429574051754e-06
COL,01-Jan-2002,-8.69087632434325e-06
COL,01-Apr-2002,-8.56394432966769e-06
COL,01-Jul-2002,-9.70655503710459e-06
COL,01-Oct-2002,-1.19010622278644e-05
COL,01-Jan-2003,-1.41501507043336e-05
COL,01-Apr-2003,-1.20538005514801e-05
COL,01-Jul-2003,-1.0434749255234e-05
COL,01-Oct-2003,-8.1984341247828e-06
COL,01-Jan-2004,-7.56435066939267e-06
COL,01-Apr-2004,-8.42335113163676e-06
COL,01-Jul-2004,-7.8419267857454e-06
COL,01-Oct-2004,-8.2580311329136e-06
COL,01-Jan-2005,-3.56724361019934e-06
COL,01-Apr-2005,-2.72470772893832e-06
COL,01-Jul-2005,-3.2727518238921e-06
COL,01-Oct-2005,-1.61393306392069e-06
COL,01-Jan-2006,-1.70270857967371e-06
COL,01-Apr-2006,-2.52651126553268e-06
COL,01-Jul-2006,-3.05703866480627e-06
COL,01-Oct-2006,-5.28178819874199e-06
COL,01-Jan-2007,-7.62621380909939e-06
COL,01-Apr-2007,-2.44919979705117e-06
COL,01-Jul-2007,-1.33672151852212e-06
COL,01-Oct-2007,-4.93820061352018e-07
COL,01-Jan-2008,-3.694416684228e-07
COL,01-Apr-2008,-7.34691664919175e-07
COL,01-Jul-2008,-8.96853161344047e-07
COL,01-Oct-2008,-1.15766911057204e-06
COL,01-Jan-2009,-1.10509487512504e-07
COL,01-Apr-2009,-3.12142540513183e-07
COL,01-Jul-2009,-5.54304256043109e-07
COL,01-Oct-2009,-2.81351915381436e-06
COL,01-Jan-2010,-7.41159994211395e-06
COL,01-Apr-2010,-2.37343866286736e-06
COL,01-Jul-2010,-3.44740599300723e-07
COL,01-Oct-2010,-7.85115767841794e-09
COL,01-Jan-2011,-3.50406336465316e-07
COL,01-Apr-2011,-9.91428153673689e-07
COL,01-Jul-2011,-1.22359958592141e-06
COL,01-Oct-2011,-2.87818617175147e-06
COL,01-Jan-2012,-8.15914354398686e-07
COL,01-Apr-2012,-3.42000950145418e-07
COL,01-Jul-2012,-5.9972043217775e-07
COL,01-Oct-2012,-2.95449490731228e-06
COL,01-Jan-2013,-4.49418614101973e-06
COL,01-Apr-2013,-4.0803196888335e-06
COL,01-Jul-2013,-1.41439552180391e-06
COL,01-Oct-2013,-1.9807670281461e-06
COL,01-Jan-2014,-1.58860205251513e-06
COL,01-Apr-2014,-2.0411567092377e-06
COL,01-Jul-2014,-4.90474906090728e-06
COL,01-Oct-2014,-6.53426306581291e-06
COL,01-Jan-2015,-9.35885110903441e-06
COL,01-Apr-2015,-1.22399265451969e-05
COL,01-Jul-2015,-1.25243259483861e-05
COL,01-Oct-2015,-1.53570367495196e-05
COL,01-Jan-2016,-1.59493563130436e-05
COL,01-Apr-2016,-1.33036263135177e-05
COL,01-Jul-2016,-1.16734829937823e-05
COL,01-Oct-2016,-5.67241854545914e-06
COL,01-Jan-2017,-2.86248610414745e-06
COL,01-Apr-2017,-2.77479907265727e-06
COL,01-Jul-2017,-3.82931656203469e-06
COL,01-Oct-2017,-8.28586227681402e-06
COL,01-Jan-2018,-9.67942308489246e-06
COL,01-Apr-2018,-8.80244415810938e-06
COL,01-Jul-2018,-1.02842310986537e-05
COL,01-Oct-2018,-1.27817486507044e-05
COL,01-Jan-2019,-1.47761310372705e-05
COL,01-Apr-2019,-1.43076531824891e-05
COL,01-Jul-2019,-1.75685200532966e-05
COL,01-Oct-2019,-1.41522247575386e-05
COL,01-Jan-2020,-1.61867687668629e-05
COL,01-Apr-2020,-1.52532244843541e-05
COL,01-Jul-2020,-6.81402633478815e-06
COL,01-Oct-2020,-6.07593384504056e-06
COL,01-Jan-2021,-4.11501349194409e-06
COL,01-Apr-2021,-3.17892182789183e-06
COL,01-Jul-2021,-2.72828709372749e-06
COL,01-Oct-2021,-1.64184004097094e-06
COL,01-Jan-2022,-1.40060332760444e-06
COL,01-Apr-2022,-1.15432877742258e-06
COL,01-Jul-2022,-1.3865084493875e-06
COL,01-Oct-2022,-1.04640718214742e-06
COL,01-Jan-2023,-1.07746715626759e-06
COL,01-Apr-2023,-2.13201127712836e-06
COL,01-Jul-2023,-6.36024927439886e-06
COL,01-Oct-2023,-6.63209470647323e-06
COL,01-Jan-2024,-1.12821339256668e-05
COL,01-Apr-2024,-6.27990761250595e-06
COL,01-Jul-2024,-7.14043513883657e-06
COL,01-Oct-2024,-6.94836678335053e-06
COL,NaT,NaN
COL,NaT,NaN
COL,NaT,NaN
DOM,01-Jan-1997,-3.12198290044576e-05
DOM,01-Apr-1997,-8.24919316243856e-05
DOM,01-Jul-1997,-0.000116071455912622
DOM,01-Oct-1997,-0.000136174649138916
DOM,01-Jan-1998,-0.000122632499283357
DOM,01-Apr-1998,-8.03763242668427e-05
DOM,01-Jul-1998,-2.42711920796581e-05
DOM,01-Oct-1998,-7.66864467382241e-06
DOM,01-Jan-1999,-8.11860986065871e-06
DOM,01-Apr-1999,-3.4182664741363e-06
DOM,01-Jul-1999,-9.27871513405506e-06
DOM,01-Oct-1999,-1.08891424297892e-05
DOM,01-Jan-2000,-1.85451357799842e-05
DOM,01-Apr-2000,-4.11095154050572e-05
DOM,01-Jul-2000,-4.04103999743054e-05
DOM,01-Oct-2000,-6.58797123079014e-05
DOM,01-Jan-2001,-5.47494913126358e-05
DOM,01-Apr-2001,-3.60669119395863e-05
DOM,01-Jul-2001,-4.85279376551467e-05
DOM,01-Oct-2001,-3.8245358521019e-05
DOM,01-Jan-2002,-4.94784144509803e-05
DOM,01-Apr-2002,-5.99724926994371e-05
DOM,01-Jul-2002,-5.18585128064429e-05
DOM,01-Oct-2002,-7.71378119414321e-05
DOM,01-Jan-2003,-7.1510682963137e-05
DOM,01-Apr-2003,-5.94761253723535e-05
DOM,01-Jul-2003,-5.36187162596156e-05
DOM,01-Oct-2003,-6.49456933923201e-06
DOM,01-Jan-2004,-1.88922413049457e-06
DOM,01-Apr-2004,-5.07117086031e-06
DOM,01-Jul-2004,-1.08050614577943e-06
DOM,01-Oct-2004,-1.17100761121919e-05
DOM,01-Jan-2005,-2.71076959322337e-05
DOM,01-Apr-2005,-5.428623688176e-06
DOM,01-Jul-2005,-2.14137954248057e-06
DOM,01-Oct-2005,-2.74850875365454e-07
DOM,01-Jan-2006,0
DOM,01-Apr-2006,-1.20583633354915e-06
DOM,01-Jul-2006,-5.29889914558155e-07
DOM,01-Oct-2006,-1.76235892602103e-05
DOM,01-Jan-2007,-1.04640280196532e-05
DOM,01-Apr-2007,-9.25919653348162e-06
DOM,01-Jul-2007,-1.23927595715717e-05
DOM,01-Oct-2007,0
DOM,01-Jan-2008,-2.4656269621153e-07
DOM,01-Apr-2008,-5.43110223102415e-07
DOM,01-Jul-2008,-7.86027139717173e-07
DOM,01-Oct-2008,-4.0915679294039e-06
DOM,01-Jan-2009,-2.57087838719692e-06
DOM,01-Apr-2009,-1.31417067032795e-07
DOM,01-Jul-2009,-1.09265625959605e-05
DOM,01-Oct-2009,-1.94495278447123e-05
DOM,01-Jan-2010,-2.99080643671835e-05
DOM,01-Apr-2010,-1.43244879346691e-05
DOM,01-Jul-2010,-1.87289311500761e-07
DOM,01-Oct-2010,-7.38557487035887e-09
DOM,01-Jan-2011,-1.36805417674828e-09
DOM,01-Apr-2011,-9.89505855312461e-07
DOM,01-Jul-2011,-9.05113876290527e-07
DOM,01-Oct-2011,-1.84804954287663e-06
DOM,01-Jan-2012,-1.19983148649183e-06
DOM,01-Apr-2012,-3.44559024008023e-07
DOM,01-Jul-2012,-3.88376644182802e-06
DOM,01-Oct-2012,-4.44510915734045e-07
DOM,01-Jan-2013,-1.20707263018696e-06
DOM,01-Apr-2013,-1.57716426295446e-06
DOM,01-Jul-2013,-5.54422174816874e-06
DOM,01-Oct-2013,-2.54625913773965e-05
DOM,01-Jan-2014,-2.59741820102856e-05
DOM,01-Apr-2014,-5.87010151596155e-05
DOM,01-Jul-2014,-6.3377941065579e-05
DOM,01-Oct-2014,-6.8514947396995e-05
DOM,01-Jan-2015,-5.08577694584159e-05
DOM,01-Apr-2015,-6.26199060208054e-05
DOM,01-Jul-2015,-9.35686631420622e-05
DOM,01-Oct-2015,-0.000108922659182651
DOM,01-Jan-2016,-0.000127793832451506
DOM,01-Apr-2016,-5.02356292274603e-05
DOM,01-Jul-2016,-1.83552949729982e-05
DOM,01-Oct-2016,0
DOM,01-Jan-2017,0
DOM,01-Apr-2017,0
DOM,01-Jul-2017,0
DOM,01-Oct-2017,0
DOM,01-Jan-2018,0
DOM,01-Apr-2018,-1.59462293787309e-06
DOM,01-Jul-2018,-1.48316892906792e-05
DOM,01-Oct-2018,-4.85112881695521e-05
DOM,01-Jan-2019,-7.03923603905819e-05
DOM,01-Apr-2019,-6.007843490485e-05
DOM,01-Jul-2019,-3.79801357138721e-05
DOM,01-Oct-2019,-4.84849962635963e-05
DOM,01-Jan-2020,-3.07991452371726e-05
DOM,01-Apr-2020,-5.26364152215626e-05
DOM,01-Jul-2020,-5.01464380995227e-05
DOM,01-Oct-2020,-2.03001557585724e-05
DOM,01-Jan-2021,-2.51571048992822e-05
DOM,01-Apr-2021,-5.41675914785555e-06
DOM,01-Jul-2021,-9.06785051948919e-06
DOM,01-Oct-2021,-2.60370002666094e-05
DOM,01-Jan-2022,-2.08182096773445e-05
DOM,01-Apr-2022,-1.45978459763895e-05
DOM,01-Jul-2022,-1.20556240908322e-05
DOM,01-Oct-2022,-1.14868337309663e-05
DOM,01-Jan-2023,-2.44165765589742e-05
DOM,01-Apr-2023,-2.92376698261988e-05
DOM,01-Jul-2023,-2.48162139016002e-05
DOM,01-Oct-2023,-1.98134622476426e-05
DOM,01-Jan-2024,-1.81629940865194e-05
DOM,01-Apr-2024,-2.07458174550091e-06
DOM,01-Jul-2024,-1.70514661950854e-06
DOM,01-Oct-2024,0
DOM,NaT,NaN
DOM,NaT,NaN
DOM,NaT,NaN
ECU,01-Jan-1997,-4.92631263812504e-05
ECU,01-Apr-1997,-4.48335396410801e-06
ECU,01-Jul-1997,-3.90941782424424e-06
ECU,01-Oct-1997,-2.15532813461875e-06
ECU,01-Jan-1998,-4.27203565900911e-06
ECU,01-Apr-1998,-1.8438049030019e-06
ECU,01-Jul-1998,-1.60074528700278e-06
ECU,01-Oct-1998,-1.28054087406843e-06
ECU,01-Jan-1999,-1.50916805714592e-08
ECU,01-Apr-1999,-1.10761424170732e-06
ECU,01-Jul-1999,-1.06018552853509e-06
ECU,01-Oct-1999,-6.99403106395506e-07
ECU,01-Jan-2000,-1.58222289154916e-06
ECU,01-Apr-2000,-1.8845305465217e-06
ECU,01-Jul-2000,-4.17013921531878e-06
ECU,01-Oct-2000,-3.29387030122416e-06
ECU,01-Jan-2001,-1.70366854741697e-06
ECU,01-Apr-2001,-5.47487188756779e-06
ECU,01-Jul-2001,-7.26553318383914e-06
ECU,01-Oct-2001,-6.44364368737993e-06
ECU,01-Jan-2002,-8.59353691575113e-06
ECU,01-Apr-2002,-6.08736819893647e-06
ECU,01-Jul-2002,-7.58632778756977e-06
ECU,01-Oct-2002,-5.1165964779565e-06
ECU,01-Jan-2003,-5.72612956715442e-06
ECU,01-Apr-2003,-9.42134600472833e-06
ECU,01-Jul-2003,-7.2540176877971e-06
ECU,01-Oct-2003,-1.35804153516648e-05
ECU,01-Jan-2004,-1.70924106131064e-05
ECU,01-Apr-2004,-1.77629582634843e-05
ECU,01-Jul-2004,-2.03831443424692e-05
ECU,01-Oct-2004,-3.99978983549783e-05
ECU,01-Jan-2005,-6.88278381672522e-05
ECU,01-Apr-2005,-7.51173336255163e-05
ECU,01-Jul-2005,-9.04871676614312e-05
ECU,01-Oct-2005,-9.17871432177813e-05
ECU,01-Jan-2006,-4.51239241919443e-05
ECU,01-Apr-2006,-6.40934671452929e-05
ECU,01-Jul-2006,-3.14190906149657e-05
ECU,01-Oct-2006,-1.06846753798326e-05
ECU,01-Jan-2007,-2.36331422800044e-05
ECU,01-Apr-2007,-1.15039103870887e-05
ECU,01-Jul-2007,-1.86025028034939e-05
ECU,01-Oct-2007,-4.4827350630216e-05
ECU,01-Jan-2008,-3.89339835875949e-05
ECU,01-Apr-2008,-4.93045010915765e-05
ECU,01-Jul-2008,-2.39815121549792e-05
ECU,01-Oct-2008,-2.38309646525976e-05
ECU,01-Jan-2009,-4.2604123279717e-05
ECU,01-Apr-2009,-5.68807125348818e-05
ECU,01-Jul-2009,-7.66978454514099e-05
ECU,01-Oct-2009,-6.59130623097416e-05
ECU,01-Jan-2010,-1.86847525701507e-05
ECU,01-Apr-2010,-6.62473336016025e-06
ECU,01-Jul-2010,-4.36074134719229e-06
ECU,01-Oct-2010,-9.32820617305013e-06
ECU,01-Jan-2011,-7.61447896993387e-05
ECU,01-Apr-2011,-9.08991870006785e-05
ECU,01-Jul-2011,-7.64085631371828e-05
ECU,01-Oct-2011,-8.34762723440158e-05
ECU,01-Jan-2012,-1.79172562480604e-05
ECU,01-Apr-2012,-2.25411436107951e-06
ECU,01-Jul-2012,-1.07345060149974e-05
ECU,01-Oct-2012,-6.72559715380551e-06
ECU,01-Jan-2013,-8.6433907776355e-06
ECU,01-Apr-2013,-2.13538626364736e-05
ECU,01-Jul-2013,-2.73330677158365e-05
ECU,01-Oct-2013,-3.38351010682267e-05
ECU,01-Jan-2014,-6.14954588461733e-05
ECU,01-Apr-2014,-3.00914076484434e-05
ECU,01-Jul-2014,-2.06812222918891e-05
ECU,01-Oct-2014,-1.50400316275897e-05
ECU,01-Jan-2015,-1.83639825548089e-05
ECU,01-Apr-2015,-1.01630121152594e-05
ECU,01-Jul-2015,-1.1060282653289e-05
ECU,01-Oct-2015,-1.10255511261959e-05
ECU,01-Jan-2016,-7.67150791585698e-06
ECU,01-Apr-2016,-6.35352183319735e-06
ECU,01-Jul-2016,-5.80786253241524e-06
ECU,01-Oct-2016,-1.37048455568593e-05
ECU,01-Jan-2017,-1.85784248398547e-05
ECU,01-Apr-2017,-7.69931376351504e-06
ECU,01-Jul-2017,-7.69889368352186e-06
ECU,01-Oct-2017,-5.56009454835275e-06
ECU,01-Jan-2018,-2.36888769303218e-05
ECU,01-Apr-2018,-5.42390375239701e-05
ECU,01-Jul-2018,-6.74999115892651e-05
ECU,01-Oct-2018,-5.83916918594421e-05
ECU,01-Jan-2019,-1.86470689984552e-05
ECU,01-Apr-2019,-1.08426595892111e-05
ECU,01-Jul-2019,-9.90611246385875e-06
ECU,01-Oct-2019,-1.15226416037137e-05
ECU,01-Jan-2020,-3.17359910655552e-05
ECU,01-Apr-2020,-6.37307887359644e-05
ECU,01-Jul-2020,-7.44952077240632e-05
ECU,01-Oct-2020,-8.60816547493243e-05
ECU,01-Jan-2021,-7.59947158158507e-05
ECU,01-Apr-2021,-6.50246904537893e-05
ECU,01-Jul-2021,-5.72815129498284e-05
ECU,01-Oct-2021,-6.65874359199042e-05
ECU,01-Jan-2022,-8.37805021864619e-05
ECU,01-Apr-2022,-8.91918099934378e-05
ECU,01-Jul-2022,-9.54386013240936e-05
ECU,01-Oct-2022,-0.000101598294720687
ECU,01-Jan-2023,-8.64378381746475e-05
ECU,01-Apr-2023,-3.59221240365102e-05
ECU,01-Jul-2023,-2.06771949608335e-05
ECU,01-Oct-2023,-3.90520924499135e-06
ECU,01-Jan-2024,-2.99088594036264e-06
ECU,01-Apr-2024,-3.91829929017442e-05
ECU,01-Jul-2024,-6.62119877366787e-05
ECU,01-Oct-2024,-9.40791747190843e-05
ECU,NaT,NaN
ECU,NaT,NaN
ECU,NaT,NaN
ESP,01-Jan-1997,-3.27518317295564e-06
ESP,01-Apr-1997,-1.03967769272415e-06
ESP,01-Jul-1997,-1.04554523912964e-06
ESP,01-Oct-1997,-1.08796682100761e-06
ESP,01-Jan-1998,-1.61562233407309e-06
ESP,01-Apr-1998,-1.14787965364968e-06
ESP,01-Jul-1998,-5.74432265500245e-06
ESP,01-Oct-1998,-4.1121392771071e-05
ESP,01-Jan-1999,-5.9689696795419e-05
ESP,01-Apr-1999,-0.000137238755780392
ESP,01-Jul-1999,-0.000130983065415664
ESP,01-Oct-1999,-5.85269708905278e-05
ESP,01-Jan-2000,-9.52036765589997e-05
ESP,01-Apr-2000,-1.82561442851079e-05
ESP,01-Jul-2000,-6.43529577772202e-05
ESP,01-Oct-2000,-2.90026271379622e-05
ESP,01-Jan-2001,-5.55984919805089e-06
ESP,01-Apr-2001,-1.50967989566563e-05
ESP,01-Jul-2001,-6.75552500853987e-06
ESP,01-Oct-2001,-3.19915995355522e-05
ESP,01-Jan-2002,-9.84180467848138e-05
ESP,01-Apr-2002,-6.48735184565593e-05
ESP,01-Jul-2002,-6.08865124382357e-05
ESP,01-Oct-2002,-8.38526513255052e-06
ESP,01-Jan-2003,-1.25409728873108e-07
ESP,01-Apr-2003,-2.69033164297097e-06
ESP,01-Jul-2003,-5.20297760347929e-06
ESP,01-Oct-2003,-1.20670181595327e-06
ESP,01-Jan-2004,-1.90920895088252e-06
ESP,01-Apr-2004,-2.58918528073123e-06
ESP,01-Jul-2004,-7.20329951210663e-06
ESP,01-Oct-2004,-5.26156825482323e-05
ESP,01-Jan-2005,-0.000139178546513318
ESP,01-Apr-2005,-0.000247040225784465
ESP,01-Jul-2005,-0.000278234304334673
ESP,01-Oct-2005,-0.000229444192015675
ESP,01-Jan-2006,-0.000135168308631612
ESP,01-Apr-2006,-8.98807575647014e-05
ESP,01-Jul-2006,-5.69299364022891e-05
ESP,01-Oct-2006,-3.66994242224912e-05
ESP,01-Jan-2007,-4.41711984735083e-05
ESP,01-Apr-2007,-6.79432470977409e-06
ESP,01-Jul-2007,-1.39272617025678e-05
ESP,01-Oct-2007,-6.36632493213032e-05
ESP,01-Jan-2008,-8.78064714797204e-05
ESP,01-Apr-2008,-5.11072683691695e-05
ESP,01-Jul-2008,-5.90447973676821e-05
ESP,01-Oct-2008,-1.19391968792852e-05
ESP,01-Jan-2009,-6.61667814572649e-06
ESP,01-Apr-2009,-9.94267438585388e-05
ESP,01-Jul-2009,-0.000121316448645834
ESP,01-Oct-2009,-8.93357864881968e-05
ESP,01-Jan-2010,-2.73947628300184e-05
ESP,01-Apr-2010,-9.18927488671329e-06
ESP,01-Jul-2010,-5.98272811515058e-06
ESP,01-Oct-2010,-5.94309998836445e-06
ESP,01-Jan-2011,-1.07452596385799e-05
ESP,01-Apr-2011,-2.82122901392583e-05
ESP,01-Jul-2011,-5.00064947528213e-05
ESP,01-Oct-2011,-8.28737458553216e-05
ESP,01-Jan-2012,-0.000202693496371769
ESP,01-Apr-2012,-0.000232021846998642
ESP,01-Jul-2012,-0.000219714369159035
ESP,01-Oct-2012,-0.000136654903017582
ESP,01-Jan-2013,-8.03042146504594e-06
ESP,01-Apr-2013,-1.81788639662865e-06
ESP,01-Jul-2013,-1.75056189249272e-06
ESP,01-Oct-2013,-1.06162692278455e-05
ESP,01-Jan-2014,-3.8897043216228e-05
ESP,01-Apr-2014,-7.13519938814465e-05
ESP,01-Jul-2014,-5.88753033371148e-05
ESP,01-Oct-2014,-2.50415760522337e-05
ESP,01-Jan-2015,-5.57301121180003e-05
ESP,01-Apr-2015,-6.40541096759101e-05
ESP,01-Jul-2015,-7.73902237449592e-05
ESP,01-Oct-2015,-0.000142653688919659
ESP,01-Jan-2016,-0.000104069616582335
ESP,01-Apr-2016,-3.79346643903584e-05
ESP,01-Jul-2016,-6.62782961623886e-05
ESP,01-Oct-2016,-1.78483360562897e-05
ESP,01-Jan-2017,-3.14347266908159e-05
ESP,01-Apr-2017,-0.000113112861826599
ESP,01-Jul-2017,-0.000102705292333822
ESP,01-Oct-2017,-0.000193184180602894
ESP,01-Jan-2018,-0.00010501374959057
ESP,01-Apr-2018,-1.08469278463916e-05
ESP,01-Jul-2018,-8.69208184794241e-06
ESP,01-Oct-2018,-1.9441180204729e-07
ESP,01-Jan-2019,-5.65158077461316e-05
ESP,01-Apr-2019,-0.000151854484393498
ESP,01-Jul-2019,-0.000144075384747628
ESP,01-Oct-2019,-0.000133486194866452
ESP,01-Jan-2020,-7.75934966859667e-05
ESP,01-Apr-2020,-3.14863028647437e-05
ESP,01-Jul-2020,-2.96006448510725e-05
ESP,01-Oct-2020,-3.02573564266934e-05
ESP,01-Jan-2021,-1.30851983472707e-05
ESP,01-Apr-2021,-4.00406049069497e-05
ESP,01-Jul-2021,-3.21065607879731e-05
ESP,01-Oct-2021,-4.94896777879443e-05
ESP,01-Jan-2022,-7.79968157271283e-05
ESP,01-Apr-2022,-0.000108613762089879
ESP,01-Jul-2022,-0.000133793396758607
ESP,01-Oct-2022,-9.01162650685022e-05
ESP,01-Jan-2023,-0.000136197330250512
ESP,01-Apr-2023,-0.000132560990805357
ESP,01-Jul-2023,-0.000110875945336303
ESP,01-Oct-2023,-0.000137876712133121
ESP,01-Jan-2024,-2.60217841515491e-05
ESP,01-Apr-2024,-2.78682150936226e-05
ESP,01-Jul-2024,-3.27929725791008e-05
ESP,01-Oct-2024,-1.489822028739e-05
ESP,NaT,NaN
ESP,NaT,NaN
ESP,NaT,NaN
IDN,01-Jan-1997,-2.12814746942692e-05
IDN,01-Apr-1997,-2.65228877814401e-05
IDN,01-Jul-1997,-6.90116319453723e-05
IDN,01-Oct-1997,-0.000156312540551479
IDN,01-Jan-1998,-0.000137702056756225
IDN,01-Apr-1998,-7.98311961409195e-05
IDN,01-Jul-1998,-1.6878422133896e-05
IDN,01-Oct-1998,-5.19692893496689e-06
IDN,01-Jan-1999,-1.69840122293362e-06
IDN,01-Apr-1999,-2.70678489289841e-06
IDN,01-Jul-1999,-6.9305049383729e-06
IDN,01-Oct-1999,-4.96692149677758e-06
IDN,01-Jan-2000,-8.1926638591887e-06
IDN,01-Apr-2000,-4.32258904729245e-06
IDN,01-Jul-2000,-2.90032347590776e-06
IDN,01-Oct-2000,-5.33690837348647e-06
IDN,01-Jan-2001,-4.09798572416253e-06
IDN,01-Apr-2001,-9.05720151642472e-06
IDN,01-Jul-2001,-1.10225547557479e-05
IDN,01-Oct-2001,-1.28360266550998e-05
IDN,01-Jan-2002,-1.8741111982087e-05
IDN,01-Apr-2002,-2.58112106492533e-05
IDN,01-Jul-2002,-4.53966453772564e-05
IDN,01-Oct-2002,-0.000102843436354516
IDN,01-Jan-2003,-0.000100762251677495
IDN,01-Apr-2003,-0.000108844461528247
IDN,01-Jul-2003,-9.48954928579889e-05
IDN,01-Oct-2003,-4.91897541700711e-05
IDN,01-Jan-2004,-4.31794314965911e-05
IDN,01-Apr-2004,-3.72827632523187e-05
IDN,01-Jul-2004,-3.62254893553631e-05
IDN,01-Oct-2004,-5.85587408382235e-05
IDN,01-Jan-2005,-7.98282090759364e-05
IDN,01-Apr-2005,-7.1898665380505e-05
IDN,01-Jul-2005,-6.09412342980938e-05
IDN,01-Oct-2005,-3.59718296433504e-05
IDN,01-Jan-2006,-1.61374658126837e-05
IDN,01-Apr-2006,-7.31580647175507e-06
IDN,01-Jul-2006,-2.38364979902072e-05
IDN,01-Oct-2006,-6.853414509957e-05
IDN,01-Jan-2007,-9.29420889763651e-05
IDN,01-Apr-2007,-8.2226083675067e-05
IDN,01-Jul-2007,-6.65871356743295e-05
IDN,01-Oct-2007,-3.05491897197614e-05
IDN,01-Jan-2008,-2.13705939318318e-05
IDN,01-Apr-2008,-5.24202190397993e-05
IDN,01-Jul-2008,-4.85146315216448e-05
IDN,01-Oct-2008,-2.42138700116452e-05
IDN,01-Jan-2009,-2.38823369928339e-05
IDN,01-Apr-2009,-1.30448461532154e-05
IDN,01-Jul-2009,-2.1574846501236e-05
IDN,01-Oct-2009,-6.05387252445772e-05
IDN,01-Jan-2010,-4.18815481015053e-05
IDN,01-Apr-2010,-1.05488721914649e-05
IDN,01-Jul-2010,-1.36657412446863e-06
IDN,01-Oct-2010,-9.77483465482192e-07
IDN,01-Jan-2011,-8.96221810120017e-07
IDN,01-Apr-2011,-1.51093125877774e-06
IDN,01-Jul-2011,-1.88999264572338e-05
IDN,01-Oct-2011,-3.56414427511029e-05
IDN,01-Jan-2012,-2.50337582705228e-05
IDN,01-Apr-2012,-3.00214113136933e-05
IDN,01-Jul-2012,-3.18580817439307e-05
IDN,01-Oct-2012,-3.59011414430751e-05
IDN,01-Jan-2013,-2.5385526772456e-05
IDN,01-Apr-2013,-2.57849358371146e-06
IDN,01-Jul-2013,-4.63760136374619e-07
IDN,01-Oct-2013,-3.99897527074303e-07
IDN,01-Jan-2014,-4.48263534789622e-06
IDN,01-Apr-2014,-9.60330957981292e-06
IDN,01-Jul-2014,-1.96068603882527e-05
IDN,01-Oct-2014,-3.4841759346674e-05
IDN,01-Jan-2015,-2.26815463170566e-05
IDN,01-Apr-2015,-2.47829304539236e-05
IDN,01-Jul-2015,-5.52581859571898e-05
IDN,01-Oct-2015,-8.72885046547512e-05
IDN,01-Jan-2016,-6.98215402423564e-05
IDN,01-Apr-2016,-4.70851195082774e-05
IDN,01-Jul-2016,-1.44867920363326e-05
IDN,01-Oct-2016,-6.88224298753792e-06
IDN,01-Jan-2017,-2.47188705885972e-06
IDN,01-Apr-2017,-1.40533667005058e-06
IDN,01-Jul-2017,-6.2468839727556e-07
IDN,01-Oct-2017,-1.81879963280625e-06
IDN,01-Jan-2018,-2.95979741199698e-06
IDN,01-Apr-2018,-1.55190582451982e-05
IDN,01-Jul-2018,-2.76509570951189e-05
IDN,01-Oct-2018,-5.90809274285257e-05
IDN,01-Jan-2019,-5.45495823403616e-05
IDN,01-Apr-2019,-4.62271217173039e-05
IDN,01-Jul-2019,-5.59741914125141e-05
IDN,01-Oct-2019,-0.000100174279725736
IDN,01-Jan-2020,-9.55868479513133e-05
IDN,01-Apr-2020,-6.6171020560243e-05
IDN,01-Jul-2020,-3.55503847623154e-05
IDN,01-Oct-2020,-2.73161141135997e-06
IDN,01-Jan-2021,-4.93681686991395e-07
IDN,01-Apr-2021,-5.13523214455533e-06
IDN,01-Jul-2021,-1.47572292926473e-06
IDN,01-Oct-2021,-3.31068518561202e-06
IDN,01-Jan-2022,-6.25615573074462e-06
IDN,01-Apr-2022,-2.97087789353651e-06
IDN,01-Jul-2022,-2.78382876429706e-06
IDN,01-Oct-2022,-9.63135234364797e-07
IDN,01-Jan-2023,-9.28087352940802e-07
IDN,01-Apr-2023,-1.85454181928544e-06
IDN,01-Jul-2023,-1.60506912901943e-05
IDN,01-Oct-2023,-0.000103292773877277
IDN,01-Jan-2024,-8.85365440442678e-05
IDN,01-Apr-2024,-7.98171471124929e-05
IDN,01-Jul-2024,-6.63235780193195e-05
IDN,01-Oct-2024,-5.06902733009308e-06
IDN,NaT,NaN
IDN,NaT,NaN
IDN,NaT,NaN
IND,01-Jan-1997,-0.000180431869729213
IND,01-Apr-1997,-0.000156954654537098
IND,01-Jul-1997,-0.000134834457213204
IND,01-Oct-1997,-0.000111310074498563
IND,01-Jan-1998,-0.000115045415306852
IND,01-Apr-1998,-0.000115345440896978
IND,01-Jul-1998,-6.86263379036609e-05
IND,01-Oct-1998,-7.29627866032607e-05
IND,01-Jan-1999,-0.000105562094381279
IND,01-Apr-1999,-8.96311871528397e-05
IND,01-Jul-1999,-0.000180275945807619
IND,01-Oct-1999,-0.000225575941506168
IND,01-Jan-2000,-0.000220905324951521
IND,01-Apr-2000,-0.000199047248695298
IND,01-Jul-2000,-0.000181725055896806
IND,01-Oct-2000,-0.000262542149894135
IND,01-Jan-2001,-0.000297764048346719
IND,01-Apr-2001,-0.000240801888324056
IND,01-Jul-2001,-0.000297646158061359
IND,01-Oct-2001,-0.000217529830355862
IND,01-Jan-2002,-0.000175774896698221
IND,01-Apr-2002,-0.000250228315124316
IND,01-Jul-2002,-0.00034485110915097
IND,01-Oct-2002,-0.000408051498110172
IND,01-Jan-2003,-0.000403910494004618
IND,01-Apr-2003,-0.00048594589525469
IND,01-Jul-2003,-0.00021129584222391
IND,01-Oct-2003,-0.00017128770999005
IND,01-Jan-2004,-0.000187604480492431
IND,01-Apr-2004,-0.000125786903855842
IND,01-Jul-2004,-0.000195696090791356
IND,01-Oct-2004,-0.000203731269638554
IND,01-Jan-2005,-0.000152460340234337
IND,01-Apr-2005,-0.000264249749517822
IND,01-Jul-2005,-0.000163228294941199
IND,01-Oct-2005,-0.000139369613761488
IND,01-Jan-2006,-0.000182294092795139
IND,01-Apr-2006,-0.000118443039650497
IND,01-Jul-2006,-0.000136928296980439
IND,01-Oct-2006,-0.000166615825510653
IND,01-Jan-2007,-0.000132321484100675
IND,01-Apr-2007,-0.000109800544197249
IND,01-Jul-2007,-5.07094538928685e-05
IND,01-Oct-2007,-5.86026074386693e-05
IND,01-Jan-2008,-0.000104299965688193
IND,01-Apr-2008,-4.62637036527392e-05
IND,01-Jul-2008,-6.72055684075592e-05
IND,01-Oct-2008,-5.68035448917805e-05
IND,01-Jan-2009,-8.50695624410217e-05
IND,01-Apr-2009,-0.000234085697791048
IND,01-Jul-2009,-0.00026939326686511
IND,01-Oct-2009,-0.000193124016616502
IND,01-Jan-2010,-0.000179812712180517
IND,01-Apr-2010,-0.000166282304771874
IND,01-Jul-2010,-0.000101046447516084
IND,01-Oct-2010,-0.00010525719109316
IND,01-Jan-2011,-0.000105061901795859
IND,01-Apr-2011,-2.18953461136865e-05
IND,01-Jul-2011,-2.8928016913302e-05
IND,01-Oct-2011,-8.60459157137701e-05
IND,01-Jan-2012,-0.00010819492170538
IND,01-Apr-2012,-0.000199196810952118
IND,01-Jul-2012,-0.000266870664963596
IND,01-Oct-2012,-0.000227434948395499
IND,01-Jan-2013,-0.000203670219967683
IND,01-Apr-2013,-9.48978554783664e-05
IND,01-Jul-2013,-8.10359798439861e-05
IND,01-Oct-2013,-6.56345213636551e-05
IND,01-Jan-2014,-6.88546629356194e-05
IND,01-Apr-2014,-0.000106687688665708
IND,01-Jul-2014,-0.00013619472904042
IND,01-Oct-2014,-0.000174470197502406
IND,01-Jan-2015,-0.000168307974976457
IND,01-Apr-2015,-5.93545650630919e-05
IND,01-Jul-2015,-0.000137024395069045
IND,01-Oct-2015,-0.000172571980328214
IND,01-Jan-2016,-0.000247451997078868
IND,01-Apr-2016,-0.00033470699278493
IND,01-Jul-2016,-8.74726012312062e-05
IND,01-Oct-2016,-0.000117192921121408
IND,01-Jan-2017,-0.000116783235806566
IND,01-Apr-2017,-0.000129265191917148
IND,01-Jul-2017,-0.000173988520863388
IND,01-Oct-2017,-0.000131061857388426
IND,01-Jan-2018,-0.000147917876741322
IND,01-Apr-2018,-0.000175922371975841
IND,01-Jul-2018,-0.000141103496411484
IND,01-Oct-2018,-0.000216805996130259
IND,01-Jan-2019,-0.000215533026027962
IND,01-Apr-2019,-0.000308193339684185
IND,01-Jul-2019,-9.17456069033968e-05
IND,01-Oct-2019,-2.80505463910625e-05
IND,01-Jan-2020,-2.18919983610365e-05
IND,01-Apr-2020,-1.37188646295667e-05
IND,01-Jul-2020,-2.61393336910657e-05
IND,01-Oct-2020,-3.91105790821869e-05
IND,01-Jan-2021,-7.28550728101808e-05
IND,01-Apr-2021,-8.67937543649959e-05
IND,01-Jul-2021,-7.68448680825604e-05
IND,01-Oct-2021,-5.99210155212988e-05
IND,01-Jan-2022,-4.47922583113365e-05
IND,01-Apr-2022,-6.8898483742805e-05
IND,01-Jul-2022,-5.40619745711366e-05
IND,01-Oct-2022,-6.08332363293196e-05
IND,01-Jan-2023,-7.34022622262008e-05
IND,01-Apr-2023,-0.000100238443254871
IND,01-Jul-2023,-6.67777957373078e-05
IND,01-Oct-2023,-7.7977426004972e-05
IND,01-Jan-2024,-7.13733701632832e-05
IND,01-Apr-2024,-6.14024412493981e-05
IND,01-Jul-2024,-2.02688228877837e-05
IND,01-Oct-2024,-1.88319725481549e-05
IND,NaT,NaN
IND,NaT,NaN
IND,NaT,NaN
JAM,01-Jan-1997,-5.71661057133466e-06
JAM,01-Apr-1997,-1.39406051158973e-05
JAM,01-Jul-1997,-2.41033116901894e-05
JAM,01-Oct-1997,-4.91067766381621e-05
JAM,01-Jan-1998,-1.55766777224801e-05
JAM,01-Apr-1998,-2.78029595916529e-05
JAM,01-Jul-1998,-1.29177737358636e-05
JAM,01-Oct-1998,-7.47374152156238e-06
JAM,01-Jan-1999,-2.04820470203761e-05
JAM,01-Apr-1999,-6.04861104213028e-06
JAM,01-Jul-1999,-2.67725826509051e-06
JAM,01-Oct-1999,0
JAM,01-Jan-2000,-2.00568073105026e-07
JAM,01-Apr-2000,-2.98322611623985e-06
JAM,01-Jul-2000,-2.34377172708864e-05
JAM,01-Oct-2000,-4.82683207600068e-05
JAM,01-Jan-2001,-2.73695744217673e-05
JAM,01-Apr-2001,-3.48743499791227e-06
JAM,01-Jul-2001,-1.78113212834957e-05
JAM,01-Oct-2001,-2.86670668139306e-05
JAM,01-Jan-2002,-4.87028303303078e-05
JAM,01-Apr-2002,-2.23477982571196e-05
JAM,01-Jul-2002,-4.24545234394846e-07
JAM,01-Oct-2002,-1.55832575896042e-06
JAM,01-Jan-2003,-5.09453728334609e-07
JAM,01-Apr-2003,-3.9522466124731e-07
JAM,01-Jul-2003,-1.90390991026788e-05
JAM,01-Oct-2003,-5.35405595536601e-06
JAM,01-Jan-2004,-7.20293539736143e-06
JAM,01-Apr-2004,-3.40073799562872e-05
JAM,01-Jul-2004,0
JAM,01-Oct-2004,-7.55982190952922e-07
JAM,01-Jan-2005,-6.72128317254333e-06
JAM,01-Apr-2005,-1.47940269462096e-07
JAM,01-Jul-2005,-4.32067454781772e-06
JAM,01-Oct-2005,0
JAM,01-Jan-2006,0
JAM,01-Apr-2006,0
JAM,01-Jul-2006,0
JAM,01-Oct-2006,-3.45372287047488e-06
JAM,01-Jan-2007,-3.55937024037509e-07
JAM,01-Apr-2007,-3.12684208008358e-06
JAM,01-Jul-2007,0
JAM,01-Oct-2007,0
JAM,01-Jan-2008,0
JAM,01-Apr-2008,0
JAM,01-Jul-2008,0
JAM,01-Oct-2008,-5.01638979152829e-08
JAM,01-Jan-2009,-1.10011918605265e-07
JAM,01-Apr-2009,0
JAM,01-Jul-2009,-2.22266144397411e-05
JAM,01-Oct-2009,-2.98983292165327e-05
JAM,01-Jan-2010,-2.56340642165948e-05
JAM,01-Apr-2010,-1.3832441923348e-05
JAM,01-Jul-2010,0
JAM,01-Oct-2010,0
JAM,01-Jan-2011,0
JAM,01-Apr-2011,0
JAM,01-Jul-2011,0
JAM,01-Oct-2011,0
JAM,01-Jan-2012,0
JAM,01-Apr-2012,-8.36054711023851e-06
JAM,01-Jul-2012,-4.38179999238601e-05
JAM,01-Oct-2012,-1.64132467494407e-05
JAM,01-Jan-2013,-1.65198828106624e-05
JAM,01-Apr-2013,-3.50995422595568e-05
JAM,01-Jul-2013,-1.88182378033118e-05
JAM,01-Oct-2013,-5.36942448856041e-05
JAM,01-Jan-2014,-4.34402668447064e-05
JAM,01-Apr-2014,-4.61999316397381e-05
JAM,01-Jul-2014,-6.8887691883737e-05
JAM,01-Oct-2014,-8.56647846982479e-05
JAM,01-Jan-2015,-8.47093860235168e-05
JAM,01-Apr-2015,-0.000121254076770815
JAM,01-Jul-2015,-0.000155174743515395
JAM,01-Oct-2015,-0.000118457095820004
JAM,01-Jan-2016,-0.000131162844507178
JAM,01-Apr-2016,-5.57780146397406e-05
JAM,01-Jul-2016,-2.31621224963181e-05
JAM,01-Oct-2016,-3.08205181695169e-05
JAM,01-Jan-2017,-1.7744142409643e-05
JAM,01-Apr-2017,-9.77800435587405e-08
JAM,01-Jul-2017,-1.06846226208766e-06
JAM,01-Oct-2017,-9.69679342692839e-07
JAM,01-Jan-2018,-1.80764096657298e-06
JAM,01-Apr-2018,-3.05472112074215e-05
JAM,01-Jul-2018,-3.20839778270934e-05
JAM,01-Oct-2018,-4.64906476199509e-05
JAM,01-Jan-2019,-6.80415105772454e-05
JAM,01-Apr-2019,-6.9002921330231e-05
JAM,01-Jul-2019,-4.06468057512434e-05
JAM,01-Oct-2019,-6.24596332363426e-05
JAM,01-Jan-2020,-7.43670828469271e-05
JAM,01-Apr-2020,-0.000116417298730751
JAM,01-Jul-2020,-0.000116202588678164
JAM,01-Oct-2020,-1.21093094666849e-05
JAM,01-Jan-2021,-6.58226677767381e-06
JAM,01-Apr-2021,-3.59243734238925e-09
JAM,01-Jul-2021,-1.10045321432505e-08
JAM,01-Oct-2021,-5.48966782425588e-05
JAM,01-Jan-2022,-6.46543350672169e-05
JAM,01-Apr-2022,-3.68941997566919e-05
JAM,01-Jul-2022,-3.38905240783249e-05
JAM,01-Oct-2022,-2.87356173293278e-05
JAM,01-Jan-2023,-2.47162499404599e-05
JAM,01-Apr-2023,-3.13910509188886e-05
JAM,01-Jul-2023,-7.56686069013115e-05
JAM,01-Oct-2023,-3.38686901476044e-05
JAM,01-Jan-2024,-3.32124206564796e-05
JAM,01-Apr-2024,-2.41802741017846e-05
JAM,01-Jul-2024,-4.47665659800547e-09
JAM,01-Oct-2024,0
JAM,NaT,NaN
JAM,NaT,NaN
JAM,NaT,NaN
KEN,01-Jan-1997,-6.06770521293039e-05
KEN,01-Apr-1997,-4.10239872851633e-05
KEN,01-Jul-1997,-6.32512796020019e-05
KEN,01-Oct-1997,-5.05735248751394e-06
KEN,01-Jan-1998,-1.43265310345851e-06
KEN,01-Apr-1998,-1.64437361183489e-07
KEN,01-Jul-1998,0
KEN,01-Oct-1998,-3.82554573290881e-06
KEN,01-Jan-1999,-2.33412523286798e-05
KEN,01-Apr-1999,-4.92304658306836e-05
KEN,01-Jul-1999,-6.09359368500557e-05
KEN,01-Oct-1999,-4.22320492353455e-05
KEN,01-Jan-2000,-6.92205619706056e-05
KEN,01-Apr-2000,-8.28250600713131e-05
KEN,01-Jul-2000,-8.08740377781432e-05
KEN,01-Oct-2000,-7.03291604214881e-05
KEN,01-Jan-2001,-3.30818861121663e-05
KEN,01-Apr-2001,-1.33509259669786e-05
KEN,01-Jul-2001,-7.88676539486642e-06
KEN,01-Oct-2001,-1.24332442506114e-05
KEN,01-Jan-2002,-1.76021123591813e-05
KEN,01-Apr-2002,-1.27794872047097e-05
KEN,01-Jul-2002,-3.16298896126033e-05
KEN,01-Oct-2002,-2.0742078337407e-05
KEN,01-Jan-2003,-3.68118017701254e-05
KEN,01-Apr-2003,-3.55208633042732e-05
KEN,01-Jul-2003,-1.68789526010228e-05
KEN,01-Oct-2003,-4.57651000488563e-05
KEN,01-Jan-2004,-3.73508353282604e-05
KEN,01-Apr-2004,-3.80183083305847e-05
KEN,01-Jul-2004,-4.33254053581008e-05
KEN,01-Oct-2004,-2.56960491509138e-05
KEN,01-Jan-2005,-2.89517405060329e-05
KEN,01-Apr-2005,-3.25441103866368e-05
KEN,01-Jul-2005,-2.54264025420189e-05
KEN,01-Oct-2005,-6.27695975439174e-05
KEN,01-Jan-2006,-5.84757615612082e-05
KEN,01-Apr-2006,-4.25233388355096e-05
KEN,01-Jul-2006,-4.35389923228714e-05
KEN,01-Oct-2006,-5.44485846280895e-07
KEN,01-Jan-2007,-2.50650445173998e-07
KEN,01-Apr-2007,-3.73525054990728e-07
KEN,01-Jul-2007,-7.84139231226164e-09
KEN,01-Oct-2007,-9.51770970167717e-06
KEN,01-Jan-2008,-1.35447236286574e-05
KEN,01-Apr-2008,-3.56158366511524e-05
KEN,01-Jul-2008,-5.44454256824951e-05
KEN,01-Oct-2008,-3.97690255043997e-05
KEN,01-Jan-2009,-6.72106096736683e-05
KEN,01-Apr-2009,-7.17959392661662e-05
KEN,01-Jul-2009,-8.61727660763841e-05
KEN,01-Oct-2009,-7.31952122809019e-05
KEN,01-Jan-2010,-2.09790924654458e-05
KEN,01-Apr-2010,-3.45146606825489e-06
KEN,01-Jul-2010,-6.15291635848812e-07
KEN,01-Oct-2010,-3.51558360615178e-06
KEN,01-Jan-2011,-2.99858941361917e-05
KEN,01-Apr-2011,-5.29088224995575e-05
KEN,01-Jul-2011,-4.78442254899663e-05
KEN,01-Oct-2011,-1.07552227205385e-05
KEN,01-Jan-2012,-1.68435716968122e-05
KEN,01-Apr-2012,-4.73419399684771e-06
KEN,01-Jul-2012,-5.39337148800906e-06
KEN,01-Oct-2012,-1.39063833357916e-05
KEN,01-Jan-2013,-5.45266903991976e-06
KEN,01-Apr-2013,-2.43803987459145e-06
KEN,01-Jul-2013,-3.05400793540283e-06
KEN,01-Oct-2013,-1.17989812719972e-05
KEN,01-Jan-2014,-1.98146756051231e-05
KEN,01-Apr-2014,-3.38746409715655e-05
KEN,01-Jul-2014,-3.95222049809819e-05
KEN,01-Oct-2014,-3.89282466382435e-05
KEN,01-Jan-2015,-5.69155349034082e-05
KEN,01-Apr-2015,-2.45254225286413e-05
KEN,01-Jul-2015,-3.77446054873796e-05
KEN,01-Oct-2015,-1.00108996523813e-05
KEN,01-Jan-2016,-8.36271255796723e-06
KEN,01-Apr-2016,-1.07060305675267e-05
KEN,01-Jul-2016,-5.1320949637676e-06
KEN,01-Oct-2016,-4.888437679659e-05
KEN,01-Jan-2017,-5.51980971359339e-05
KEN,01-Apr-2017,-8.44084107487107e-05
KEN,01-Jul-2017,-7.43260587924017e-05
KEN,01-Oct-2017,-5.68599913682695e-05
KEN,01-Jan-2018,-3.7067569861427e-05
KEN,01-Apr-2018,-2.03241029433709e-06
KEN,01-Jul-2018,-6.09122614530749e-06
KEN,01-Oct-2018,-5.70723001599632e-06
KEN,01-Jan-2019,-2.39466174182775e-05
KEN,01-Apr-2019,-5.618038309727e-05
KEN,01-Jul-2019,-3.88969549683466e-05
KEN,01-Oct-2019,-1.48933222144076e-06
KEN,01-Jan-2020,0
KEN,01-Apr-2020,0
KEN,01-Jul-2020,0
KEN,01-Oct-2020,-1.33536650635458e-08
KEN,01-Jan-2021,-6.18404975125001e-07
KEN,01-Apr-2021,-1.16753136763562e-05
KEN,01-Jul-2021,-2.7455027513752e-05
KEN,01-Oct-2021,-4.96310201438941e-05
KEN,01-Jan-2022,-5.08810714838993e-05
KEN,01-Apr-2022,-5.16911349870395e-05
KEN,01-Jul-2022,-5.27105600205212e-05
KEN,01-Oct-2022,-5.05286277470013e-05
KEN,01-Jan-2023,-5.10303765306606e-05
KEN,01-Apr-2023,-3.94767289349721e-05
KEN,01-Jul-2023,-5.01614627594712e-05
KEN,01-Oct-2023,-1.98520109587677e-05
KEN,01-Jan-2024,-1.57532457259795e-05
KEN,01-Apr-2024,-9.78701989901998e-06
KEN,01-Jul-2024,-8.74320478793752e-07
KEN,01-Oct-2024,-4.43405317763765e-06
KEN,NaT,NaN
KEN,NaT,NaN
KEN,NaT,NaN
LKA,01-Jan-1997,-0.000135100168914414
LKA,01-Apr-1997,-0.000153252114399839
LKA,01-Jul-1997,-0.000159132238707764
LKA,01-Oct-1997,-3.12987477519078e-05
LKA,01-Jan-1998,-1.59373388609489e-05
LKA,01-Apr-1998,-3.76893127232113e-05
LKA,01-Jul-1998,-3.25851859730085e-05
LKA,01-Oct-1998,-9.42528782388691e-05
LKA,01-Jan-1999,-2.50952273849518e-05
LKA,01-Apr-1999,-1.12586675442951e-05
LKA,01-Jul-1999,-3.33630762602313e-05
LKA,01-Oct-1999,-2.65747530291822e-05
LKA,01-Jan-2000,-9.57587674681765e-06
LKA,01-Apr-2000,-1.38491670415127e-05
LKA,01-Jul-2000,-3.64654408527141e-07
LKA,01-Oct-2000,-1.01848607013315e-05
LKA,01-Jan-2001,-6.45056144820439e-05
LKA,01-Apr-2001,-2.15126463720696e-05
LKA,01-Jul-2001,-5.47828334560357e-05
LKA,01-Oct-2001,-8.33372629673281e-05
LKA,01-Jan-2002,-0.000112105721916845
LKA,01-Apr-2002,-0.000130241509495431
LKA,01-Jul-2002,-0.000149195487569893
LKA,01-Oct-2002,-3.76525349431466e-05
LKA,01-Jan-2003,-1.53977736174297e-05
LKA,01-Apr-2003,-2.32187988022614e-05
LKA,01-Jul-2003,-1.10819438012498e-05
LKA,01-Oct-2003,-5.43751217518439e-05
LKA,01-Jan-2004,-0.000115169930937249
LKA,01-Apr-2004,-0.00012624179759212
LKA,01-Jul-2004,-0.000125582327715795
LKA,01-Oct-2004,-4.58570259051371e-05
LKA,01-Jan-2005,-3.68452667091817e-05
LKA,01-Apr-2005,-5.07160110385545e-05
LKA,01-Jul-2005,-7.65868711566923e-05
LKA,01-Oct-2005,-7.2544026140393e-05
LKA,01-Jan-2006,-2.49725852916408e-05
LKA,01-Apr-2006,-2.28252526820117e-05
LKA,01-Jul-2006,-6.47980962051579e-06
LKA,01-Oct-2006,-9.71848173701704e-06
LKA,01-Jan-2007,-2.84700400684062e-05
LKA,01-Apr-2007,-5.66177961102922e-06
LKA,01-Jul-2007,-1.50410819295527e-06
LKA,01-Oct-2007,-1.52166510168867e-05
LKA,01-Jan-2008,0
LKA,01-Apr-2008,0
LKA,01-Jul-2008,0
LKA,01-Oct-2008,0
LKA,01-Jan-2009,-4.90569049019618e-06
LKA,01-Apr-2009,-2.12697776962341e-05
LKA,01-Jul-2009,-3.16515461755755e-05
LKA,01-Oct-2009,-3.03146306289252e-05
LKA,01-Jan-2010,-6.79163643493346e-05
LKA,01-Apr-2010,-1.64809434506094e-05
LKA,01-Jul-2010,-2.40828002576272e-06
LKA,01-Oct-2010,0
LKA,01-Jan-2011,0
LKA,01-Apr-2011,0
LKA,01-Jul-2011,0
LKA,01-Oct-2011,-4.52578037079504e-08
LKA,01-Jan-2012,-3.73591556014125e-05
LKA,01-Apr-2012,-8.12101738003959e-05
LKA,01-Jul-2012,-0.000105313287555955
LKA,01-Oct-2012,-5.3668472328612e-05
LKA,01-Jan-2013,-4.75984930375452e-06
LKA,01-Apr-2013,0
LKA,01-Jul-2013,0
LKA,01-Oct-2013,-2.44707626796414e-05
LKA,01-Jan-2014,-0.000122974299995725
LKA,01-Apr-2014,-0.000111314440993554
LKA,01-Jul-2014,-0.000101136866865876
LKA,01-Oct-2014,0
LKA,01-Jan-2015,0
LKA,01-Apr-2015,0
LKA,01-Jul-2015,0
LKA,01-Oct-2015,0
LKA,01-Jan-2016,0
LKA,01-Apr-2016,0
LKA,01-Jul-2016,-5.50935272575718e-07
LKA,01-Oct-2016,-0.000121483404838314
LKA,01-Jan-2017,-5.51763301496044e-05
LKA,01-Apr-2017,-0.000216342173307721
LKA,01-Jul-2017,-0.000153690653623463
LKA,01-Oct-2017,-3.18522987876632e-05
LKA,01-Jan-2018,-6.44645190745076e-05
LKA,01-Apr-2018,-1.13793581954834e-08
LKA,01-Jul-2018,-2.8085284571353e-06
LKA,01-Oct-2018,-3.28433357373314e-06
LKA,01-Jan-2019,-3.59777886012108e-06
LKA,01-Apr-2019,-8.27035365856431e-05
LKA,01-Jul-2019,-4.3031919877216e-05
LKA,01-Oct-2019,-3.32382869868879e-05
LKA,01-Jan-2020,-6.29902971456488e-05
LKA,01-Apr-2020,-1.01900247350012e-05
LKA,01-Jul-2020,-9.1354216255072e-06
LKA,01-Oct-2020,-6.0694258965922e-05
LKA,01-Jan-2021,-1.90521049183436e-07
LKA,01-Apr-2021,0
LKA,01-Jul-2021,-4.53895709137204e-07
LKA,01-Oct-2021,0
LKA,01-Jan-2022,-1.22198525442234e-05
LKA,01-Apr-2022,-5.29112872367993e-06
LKA,01-Jul-2022,-3.82590204440061e-06
LKA,01-Oct-2022,-8.55687976456288e-06
LKA,01-Jan-2023,-6.59370912736014e-07
LKA,01-Apr-2023,-1.14334594739503e-05
LKA,01-Jul-2023,-4.81612798318111e-06
LKA,01-Oct-2023,0
LKA,01-Jan-2024,0
LKA,01-Apr-2024,0
LKA,01-Jul-2024,0
LKA,01-Oct-2024,-1.04382598315188e-07
LKA,NaT,NaN
LKA,NaT,NaN
LKA,NaT,NaN
MAR,01-Jan-1997,-2.05236839375203e-09
MAR,01-Apr-1997,-1.14543862457319e-08
MAR,01-Jul-1997,-2.47414940839526e-08
MAR,01-Oct-1997,-1.65749465923229e-08
MAR,01-Jan-1998,-8.56014875959492e-10
MAR,01-Apr-1998,-1.92609492664e-09
MAR,01-Jul-1998,-5.13867041655301e-08
MAR,01-Oct-1998,-2.7021145712376e-05
MAR,01-Jan-1999,-3.79767144079325e-05
MAR,01-Apr-1999,-7.0707319613523e-05
MAR,01-Jul-1999,-8.55960847190439e-05
MAR,01-Oct-1999,-2.55141672402444e-05
MAR,01-Jan-2000,-9.5270776584587e-05
MAR,01-Apr-2000,-2.47830758185158e-05
MAR,01-Jul-2000,-2.78318992594e-05
MAR,01-Oct-2000,-1.26277057118527e-05
MAR,01-Jan-2001,-3.51870344248307e-06
MAR,01-Apr-2001,-1.99460021268648e-05
MAR,01-Jul-2001,-1.93796123722254e-05
MAR,01-Oct-2001,-5.90841844170064e-05
MAR,01-Jan-2002,-8.44570354624026e-05
MAR,01-Apr-2002,-3.57874542658353e-05
MAR,01-Jul-2002,-4.33288691245182e-05
MAR,01-Oct-2002,-7.55909401794252e-07
MAR,01-Jan-2003,-1.61845758095777e-07
MAR,01-Apr-2003,-6.66517167022317e-07
MAR,01-Jul-2003,-3.41921185969794e-07
MAR,01-Oct-2003,-2.38835023428655e-07
MAR,01-Jan-2004,-2.7984034660081e-07
MAR,01-Apr-2004,-7.49741484352615e-08
MAR,01-Jul-2004,-8.77203694662562e-08
MAR,01-Oct-2004,-1.97588324466527e-05
MAR,01-Jan-2005,-3.22113139830116e-05
MAR,01-Apr-2005,-0.000104435736335447
MAR,01-Jul-2005,-0.000107716485109814
MAR,01-Oct-2005,-0.000109365493920277
MAR,01-Jan-2006,-3.57517917331607e-05
MAR,01-Apr-2006,-7.35039332292878e-06
MAR,01-Jul-2006,-5.72941291837117e-06
MAR,01-Oct-2006,-1.49441682160207e-05
MAR,01-Jan-2007,-0.00010033915096735
MAR,01-Apr-2007,-9.86227616961578e-05
MAR,01-Jul-2007,-0.000103672429426293
MAR,01-Oct-2007,-9.89285597756065e-05
MAR,01-Jan-2008,-8.40619581527629e-05
MAR,01-Apr-2008,-0.000108113081781255
MAR,01-Jul-2008,-9.14925023254685e-05
MAR,01-Oct-2008,-1.55222614508096e-05
MAR,01-Jan-2009,0
MAR,01-Apr-2009,0
MAR,01-Jul-2009,0
MAR,01-Oct-2009,-2.2306710731143e-07
MAR,01-Jan-2010,-4.48802714576601e-08
MAR,01-Apr-2010,-4.8591527086737e-07
MAR,01-Jul-2010,-7.83777631325027e-07
MAR,01-Oct-2010,-6.11045620686902e-08
MAR,01-Jan-2011,-3.20592433959013e-06
MAR,01-Apr-2011,-3.69055046184642e-08
MAR,01-Jul-2011,-1.57379604002076e-07
MAR,01-Oct-2011,-2.83132068176608e-07
MAR,01-Jan-2012,-3.30174601020268e-05
MAR,01-Apr-2012,-9.4904304246797e-05
MAR,01-Jul-2012,-8.23528640420431e-05
MAR,01-Oct-2012,-3.23601816255968e-05
MAR,01-Jan-2013,-3.60824806393077e-06
MAR,01-Apr-2013,-3.82666524054284e-06
MAR,01-Jul-2013,-3.51338266358495e-07
MAR,01-Oct-2013,-1.63803993404411e-05
MAR,01-Jan-2014,-4.42238863977568e-05
MAR,01-Apr-2014,-6.8029219808085e-05
MAR,01-Jul-2014,-8.44508274713156e-05
MAR,01-Oct-2014,-1.4204006179392e-05
MAR,01-Jan-2015,-1.48292013535814e-05
MAR,01-Apr-2015,-9.11314214213395e-06
MAR,01-Jul-2015,-9.55503208659922e-06
MAR,01-Oct-2015,-8.33011738460993e-05
MAR,01-Jan-2016,-0.000112883493669679
MAR,01-Apr-2016,-0.000118825131812613
MAR,01-Jul-2016,-0.000131075213930653
MAR,01-Oct-2016,-6.69565200769163e-05
MAR,01-Jan-2017,-5.45100164453255e-05
MAR,01-Apr-2017,-8.22598203563598e-05
MAR,01-Jul-2017,-8.86733775243326e-05
MAR,01-Oct-2017,-0.000154008186489651
MAR,01-Jan-2018,-7.15758911760481e-05
MAR,01-Apr-2018,-1.89897973332546e-05
MAR,01-Jul-2018,-9.52844449284747e-06
MAR,01-Oct-2018,-4.48001096746328e-07
MAR,01-Jan-2019,-2.78466186615821e-05
MAR,01-Apr-2019,-7.31153822126161e-05
MAR,01-Jul-2019,-8.65522955719198e-05
MAR,01-Oct-2019,-0.000134463596204033
MAR,01-Jan-2020,-0.000138917003380586
MAR,01-Apr-2020,-9.89444527668381e-05
MAR,01-Jul-2020,-9.1202922089145e-05
MAR,01-Oct-2020,-9.46567932656506e-05
MAR,01-Jan-2021,-1.93848731849852e-05
MAR,01-Apr-2021,-2.81238256299689e-05
MAR,01-Jul-2021,-2.9848919284381e-05
MAR,01-Oct-2021,-4.9365044995901e-05
MAR,01-Jan-2022,-0.000125953582137724
MAR,01-Apr-2022,-0.000143324882012196
MAR,01-Jul-2022,-0.000148226528102365
MAR,01-Oct-2022,-0.000122656295623247
MAR,01-Jan-2023,-0.000126215732784594
MAR,01-Apr-2023,-0.000121833525084068
MAR,01-Jul-2023,-0.000129550643826586
MAR,01-Oct-2023,-0.000168380987272615
MAR,01-Jan-2024,-0.000103440666912868
MAR,01-Apr-2024,-0.000120526146351448
MAR,01-Jul-2024,-0.000113613430541614
MAR,01-Oct-2024,-9.71719367355066e-05
MAR,NaT,NaN
MAR,NaT,NaN
MAR,NaT,NaN
MEX,01-Jan-1997,-8.98987759547562e-06
MEX,01-Apr-1997,-8.32598805146561e-06
MEX,01-Jul-1997,-1.82057006870036e-05
MEX,01-Oct-1997,-1.11206063909837e-05
MEX,01-Jan-1998,-1.88840270441833e-05
MEX,01-Apr-1998,-5.83585959883509e-05
MEX,01-Jul-1998,-2.5944095134869e-05
MEX,01-Oct-1998,-2.55206749160812e-05
MEX,01-Jan-1999,-2.5278853346245e-05
MEX,01-Apr-1999,-1.21298315294417e-05
MEX,01-Jul-1999,-1.770644468427e-05
MEX,01-Oct-1999,-3.0548227930204e-05
MEX,01-Jan-2000,-3.03576573125383e-05
MEX,01-Apr-2000,-1.61397284235291e-05
MEX,01-Jul-2000,-4.05895464831343e-05
MEX,01-Oct-2000,-3.32274611298167e-05
MEX,01-Jan-2001,-2.8647837109973e-05
MEX,01-Apr-2001,-4.07652717275506e-05
MEX,01-Jul-2001,-2.2045205989485e-05
MEX,01-Oct-2001,-3.063766035618e-05
MEX,01-Jan-2002,-3.02038493999549e-05
MEX,01-Apr-2002,-3.51959115017868e-05
MEX,01-Jul-2002,-4.13107142432369e-05
MEX,01-Oct-2002,-2.93006498875696e-05
MEX,01-Jan-2003,-3.2471708805926e-05
MEX,01-Apr-2003,-3.30686717610654e-05
MEX,01-Jul-2003,-2.54161355910361e-05
MEX,01-Oct-2003,-2.81898384784998e-05
MEX,01-Jan-2004,-1.85883626800578e-05
MEX,01-Apr-2004,-1.70286453181593e-05
MEX,01-Jul-2004,-2.33037853342698e-05
MEX,01-Oct-2004,-2.42860420360286e-05
MEX,01-Jan-2005,-2.67074555403744e-05
MEX,01-Apr-2005,-4.60436137258537e-05
MEX,01-Jul-2005,-3.49891852163985e-05
MEX,01-Oct-2005,-3.68959540605496e-05
MEX,01-Jan-2006,-4.95930642766248e-05
MEX,01-Apr-2006,-3.47143369882898e-05
MEX,01-Jul-2006,-1.94268878367779e-05
MEX,01-Oct-2006,-6.9507976031297e-06
MEX,01-Jan-2007,-4.02849123998123e-06
MEX,01-Apr-2007,-5.98444780045186e-06
MEX,01-Jul-2007,-7.96455302196267e-06
MEX,01-Oct-2007,-1.34262380265066e-05
MEX,01-Jan-2008,-1.92126684615872e-05
MEX,01-Apr-2008,-1.92819532002831e-05
MEX,01-Jul-2008,-4.68941451586961e-06
MEX,01-Oct-2008,-7.64188967369913e-06
MEX,01-Jan-2009,-6.86735800330966e-06
MEX,01-Apr-2009,-9.33744191480264e-06
MEX,01-Jul-2009,-5.13465896199684e-05
MEX,01-Oct-2009,-3.21979769130465e-05
MEX,01-Jan-2010,-1.04072413015526e-05
MEX,01-Apr-2010,-1.48547713652999e-05
MEX,01-Jul-2010,-1.61037400407819e-06
MEX,01-Oct-2010,-9.16416561900926e-06
MEX,01-Jan-2011,-2.69117036937389e-05
MEX,01-Apr-2011,-3.28005786323687e-05
MEX,01-Jul-2011,-6.42835446138824e-05
MEX,01-Oct-2011,-5.16842236884374e-05
MEX,01-Jan-2012,-3.81319545981228e-05
MEX,01-Apr-2012,-2.92644956235177e-05
MEX,01-Jul-2012,-2.98557204051992e-05
MEX,01-Oct-2012,-3.39244758378363e-05
MEX,01-Jan-2013,-4.18239972151108e-05
MEX,01-Apr-2013,-4.38696033456138e-05
MEX,01-Jul-2013,-1.64254639825711e-05
MEX,01-Oct-2013,-4.18455079001302e-06
MEX,01-Jan-2014,-4.10478849785646e-06
MEX,01-Apr-2014,-2.53213214832113e-06
MEX,01-Jul-2014,-3.92037369258565e-06
MEX,01-Oct-2014,-6.73436185039062e-06
MEX,01-Jan-2015,-1.9094612106858e-06
MEX,01-Apr-2015,-4.36994063306723e-06
MEX,01-Jul-2015,-1.10118984464342e-05
MEX,01-Oct-2015,-7.27911117952671e-06
MEX,01-Jan-2016,-1.27792614224203e-05
MEX,01-Apr-2016,-1.5308331725903e-05
MEX,01-Jul-2016,-4.58318976069959e-06
MEX,01-Oct-2016,-1.34910124778387e-05
MEX,01-Jan-2017,-1.51017575478837e-05
MEX,01-Apr-2017,-2.01220322593179e-05
MEX,01-Jul-2017,-1.49593132145901e-05
MEX,01-Oct-2017,-1.65967578870002e-05
MEX,01-Jan-2018,-1.49477303730618e-05
MEX,01-Apr-2018,-7.53012914735666e-06
MEX,01-Jul-2018,-1.68800440864788e-05
MEX,01-Oct-2018,-9.16732296494092e-06
MEX,01-Jan-2019,-1.11522618816923e-05
MEX,01-Apr-2019,-1.93750279309831e-05
MEX,01-Jul-2019,-2.56609667577019e-05
MEX,01-Oct-2019,-2.69605290739788e-05
MEX,01-Jan-2020,-2.06580178449967e-05
MEX,01-Apr-2020,-1.63668423495879e-05
MEX,01-Jul-2020,-8.68649829352423e-06
MEX,01-Oct-2020,-3.87910416846402e-05
MEX,01-Jan-2021,-5.22142608585414e-05
MEX,01-Apr-2021,-3.20374268952561e-05
MEX,01-Jul-2021,-1.41243491076003e-05
MEX,01-Oct-2021,-1.06527686086776e-05
MEX,01-Jan-2022,-1.13648109814084e-05
MEX,01-Apr-2022,-1.90018301176708e-05
MEX,01-Jul-2022,-2.68670135095457e-05
MEX,01-Oct-2022,-2.88917464387609e-05
MEX,01-Jan-2023,-2.95350836226792e-05
MEX,01-Apr-2023,-4.16013527153961e-05
MEX,01-Jul-2023,-8.40585425589863e-05
MEX,01-Oct-2023,-6.16156024690055e-05
MEX,01-Jan-2024,-5.93903966029647e-05
MEX,01-Apr-2024,-5.00078743895204e-05
MEX,01-Jul-2024,-1.49338750621446e-05
MEX,01-Oct-2024,-2.68815825815242e-05
MEX,NaT,NaN
MEX,NaT,NaN
MEX,NaT,NaN
NGA,01-Jan-1997,-3.94671234660128e-05
NGA,01-Apr-1997,-3.36663139741523e-05
NGA,01-Jul-1997,-6.46375990169566e-05
NGA,01-Oct-1997,-5.24128908403717e-05
NGA,01-Jan-1998,-7.09004597735827e-05
NGA,01-Apr-1998,-0.000158133711563608
NGA,01-Jul-1998,-4.73592858391972e-05
NGA,01-Oct-1998,-5.84144660360848e-05
NGA,01-Jan-1999,-2.54620137918345e-05
NGA,01-Apr-1999,-9.23488045591812e-06
NGA,01-Jul-1999,-2.43511780593667e-06
NGA,01-Oct-1999,-3.89411647165588e-06
NGA,01-Jan-2000,-6.48167863907665e-06
NGA,01-Apr-2000,-6.37067444707237e-06
NGA,01-Jul-2000,-5.85958200750461e-05
NGA,01-Oct-2000,-9.98364273499632e-05
NGA,01-Jan-2001,-9.4261040037354e-05
NGA,01-Apr-2001,-9.20263048625042e-05
NGA,01-Jul-2001,-8.58429665033507e-05
NGA,01-Oct-2001,-0.000109736416758697
NGA,01-Jan-2002,-8.81972753370727e-05
NGA,01-Apr-2002,-0.00013433076411369
NGA,01-Jul-2002,-0.000172427239652303
NGA,01-Oct-2002,-0.00010199086701621
NGA,01-Jan-2003,-0.000119096169141067
NGA,01-Apr-2003,-7.79158865559892e-05
NGA,01-Jul-2003,-8.64036721275817e-05
NGA,01-Oct-2003,-9.09446279270256e-05
NGA,01-Jan-2004,-9.39902058758343e-05
NGA,01-Apr-2004,-8.4596454520901e-05
NGA,01-Jul-2004,-7.81885276248467e-05
NGA,01-Oct-2004,-0.000133398010069749
NGA,01-Jan-2005,-0.000142749293441
NGA,01-Apr-2005,-0.00014091938229771
NGA,01-Jul-2005,-0.000147722342874796
NGA,01-Oct-2005,-0.000133219900537484
NGA,01-Jan-2006,-0.000135043900648591
NGA,01-Apr-2006,-0.000173469510558677
NGA,01-Jul-2006,-0.000155519753054547
NGA,01-Oct-2006,-0.000156840042378495
NGA,01-Jan-2007,-0.000170448648593317
NGA,01-Apr-2007,-0.000182405438368401
NGA,01-Jul-2007,-0.000125652654272147
NGA,01-Oct-2007,-0.000113553355681438
NGA,01-Jan-2008,-9.86246711726102e-05
NGA,01-Apr-2008,-6.9615704831272e-05
NGA,01-Jul-2008,-4.69134293366569e-05
NGA,01-Oct-2008,-3.40878093772079e-05
NGA,01-Jan-2009,-2.40113790695411e-05
NGA,01-Apr-2009,-2.12222948265892e-05
NGA,01-Jul-2009,-0.000108257530015116
NGA,01-Oct-2009,-9.00531137835536e-05
NGA,01-Jan-2010,-0.000120487544015453
NGA,01-Apr-2010,-0.000146221111249849
NGA,01-Jul-2010,-4.52945264209736e-05
NGA,01-Oct-2010,-2.58615834834665e-05
NGA,01-Jan-2011,-1.44155694792902e-05
NGA,01-Apr-2011,-1.87682649952992e-05
NGA,01-Jul-2011,-7.72948278308095e-05
NGA,01-Oct-2011,-0.000120283069647471
NGA,01-Jan-2012,-0.000129545323011382
NGA,01-Apr-2012,-4.77295625246285e-05
NGA,01-Jul-2012,-9.90041830960271e-06
NGA,01-Oct-2012,-5.29392334150971e-06
NGA,01-Jan-2013,-4.81712340100753e-06
NGA,01-Apr-2013,-1.16484636319528e-05
NGA,01-Jul-2013,-4.43246826618541e-05
NGA,01-Oct-2013,-4.23656732304119e-05
NGA,01-Jan-2014,-3.08811937901103e-05
NGA,01-Apr-2014,-1.47818148387522e-05
NGA,01-Jul-2014,-2.36926755631065e-06
NGA,01-Oct-2014,-2.96156889394211e-06
NGA,01-Jan-2015,-4.4579723090777e-06
NGA,01-Apr-2015,-7.92674557284633e-05
NGA,01-Jul-2015,-9.94909653954198e-05
NGA,01-Oct-2015,-0.000109174272517483
NGA,01-Jan-2016,-0.000100601444693392
NGA,01-Apr-2016,-4.4342574224217e-06
NGA,01-Jul-2016,-3.25430675148588e-06
NGA,01-Oct-2016,-6.78250853827442e-06
NGA,01-Jan-2017,-1.21486073691176e-05
NGA,01-Apr-2017,-1.83922458086138e-05
NGA,01-Jul-2017,-3.97034201036157e-05
NGA,01-Oct-2017,-5.76984687487116e-05
NGA,01-Jan-2018,-5.25868395924216e-05
NGA,01-Apr-2018,-0.000104000189705297
NGA,01-Jul-2018,-5.61652385094016e-05
NGA,01-Oct-2018,-2.8247594169711e-05
NGA,01-Jan-2019,-1.78152803558273e-05
NGA,01-Apr-2019,-5.68861231428986e-06
NGA,01-Jul-2019,-7.70179116881528e-06
NGA,01-Oct-2019,-5.89781884778512e-07
NGA,01-Jan-2020,-1.47394783750338e-06
NGA,01-Apr-2020,-9.70720600068887e-06
NGA,01-Jul-2020,-2.39560726019282e-05
NGA,01-Oct-2020,-0.000108808593795767
NGA,01-Jan-2021,-0.000119611269472632
NGA,01-Apr-2021,-0.00017868840774695
NGA,01-Jul-2021,-0.000181070772255936
NGA,01-Oct-2021,-0.000181648986120602
NGA,01-Jan-2022,-0.000192890449391445
NGA,01-Apr-2022,-0.000109157205408758
NGA,01-Jul-2022,-9.25754455131397e-05
NGA,01-Oct-2022,-0.000102146354943631
NGA,01-Jan-2023,-8.91140661392863e-05
NGA,01-Apr-2023,-8.05991563123967e-05
NGA,01-Jul-2023,-9.9392855509768e-05
NGA,01-Oct-2023,-7.10895812847941e-05
NGA,01-Jan-2024,-8.4272846519842e-05
NGA,01-Apr-2024,-0.000144364854253777
NGA,01-Jul-2024,-0.000129931274354624
NGA,01-Oct-2024,-0.000143847580087663
NGA,NaT,NaN
NGA,NaT,NaN
NGA,NaT,NaN
PAK,01-Jan-1997,-7.08764979965576e-05
PAK,01-Apr-1997,-5.7200350993953e-05
PAK,01-Jul-1997,-3.20468325963469e-05
PAK,01-Oct-1997,-2.18892748076829e-05
PAK,01-Jan-1998,-2.33071036448484e-05
PAK,01-Apr-1998,-2.55963312922821e-05
PAK,01-Jul-1998,-2.97745256515969e-05
PAK,01-Oct-1998,-4.98782521675389e-05
PAK,01-Jan-1999,-4.01369810226108e-05
PAK,01-Apr-1999,-4.90443062156413e-05
PAK,01-Jul-1999,-7.71374249630691e-05
PAK,01-Oct-1999,-7.16447881662415e-05
PAK,01-Jan-2000,-9.4910923691161e-05
PAK,01-Apr-2000,-0.000106446795742368
PAK,01-Jul-2000,-0.000119380068676284
PAK,01-Oct-2000,-0.000118271951280629
PAK,01-Jan-2001,-0.00014017641035882
PAK,01-Apr-2001,-8.50410429403354e-05
PAK,01-Jul-2001,-3.94144390604205e-05
PAK,01-Oct-2001,-4.08020441711798e-05
PAK,01-Jan-2002,-2.46852681585147e-05
PAK,01-Apr-2002,-6.42285347659092e-05
PAK,01-Jul-2002,-0.00012293597773296
PAK,01-Oct-2002,-0.000113423516810734
PAK,01-Jan-2003,-7.80852920262555e-05
PAK,01-Apr-2003,-8.85674266279355e-05
PAK,01-Jul-2003,-1.71475498397178e-05
PAK,01-Oct-2003,-2.12800314831064e-05
PAK,01-Jan-2004,-4.46303885892311e-05
PAK,01-Apr-2004,-3.15731670576554e-05
PAK,01-Jul-2004,-0.000110861216289637
PAK,01-Oct-2004,-8.2674821629598e-05
PAK,01-Jan-2005,-3.48285048260936e-05
PAK,01-Apr-2005,-4.26676297298128e-05
PAK,01-Jul-2005,-2.20249877325474e-05
PAK,01-Oct-2005,-4.09657388585806e-05
PAK,01-Jan-2006,-8.25893265851979e-05
PAK,01-Apr-2006,-8.75434402445329e-05
PAK,01-Jul-2006,-4.46895387217179e-05
PAK,01-Oct-2006,-2.23670877287759e-05
PAK,01-Jan-2007,-2.97501243473506e-06
PAK,01-Apr-2007,-1.4623385650463e-07
PAK,01-Jul-2007,-2.93590142908491e-06
PAK,01-Oct-2007,-1.23208037474751e-05
PAK,01-Jan-2008,-4.24203960552879e-05
PAK,01-Apr-2008,-2.85413471251526e-05
PAK,01-Jul-2008,-2.066796720899e-05
PAK,01-Oct-2008,-1.04506093997285e-05
PAK,01-Jan-2009,-4.05891583556682e-06
PAK,01-Apr-2009,-2.23670416137974e-05
PAK,01-Jul-2009,-5.62939152533892e-05
PAK,01-Oct-2009,-7.03495358371337e-05
PAK,01-Jan-2010,-7.93220145010879e-05
PAK,01-Apr-2010,-8.75952234010391e-05
PAK,01-Jul-2010,-1.49267314369069e-05
PAK,01-Oct-2010,-1.43846957708076e-05
PAK,01-Jan-2011,-8.08147161388912e-06
PAK,01-Apr-2011,-2.1583872227357e-06
PAK,01-Jul-2011,-3.1485166945239e-05
PAK,01-Oct-2011,-3.03664996936567e-05
PAK,01-Jan-2012,-4.4082089017548e-05
PAK,01-Apr-2012,-6.48023291459901e-05
PAK,01-Jul-2012,-6.32437628997786e-05
PAK,01-Oct-2012,-5.20332690062301e-05
PAK,01-Jan-2013,-2.16061645454609e-05
PAK,01-Apr-2013,-5.14416556705665e-06
PAK,01-Jul-2013,-6.62096995835927e-06
PAK,01-Oct-2013,-1.04302189823355e-05
PAK,01-Jan-2014,-2.22399502033985e-05
PAK,01-Apr-2014,-2.42018177509894e-05
PAK,01-Jul-2014,-4.26516663987178e-05
PAK,01-Oct-2014,-3.9102839600629e-05
PAK,01-Jan-2015,-2.23497840311663e-05
PAK,01-Apr-2015,-1.60587123377312e-05
PAK,01-Jul-2015,-2.98726641546418e-06
PAK,01-Oct-2015,-1.8354394021794e-06
PAK,01-Jan-2016,-2.61795412325505e-06
PAK,01-Apr-2016,-1.12035556608312e-05
PAK,01-Jul-2016,-2.61483376216464e-05
PAK,01-Oct-2016,-4.73999419714322e-05
PAK,01-Jan-2017,-5.48149018154947e-05
PAK,01-Apr-2017,-4.03463182583456e-05
PAK,01-Jul-2017,-4.25409883497039e-05
PAK,01-Oct-2017,-3.44940827639269e-05
PAK,01-Jan-2018,-5.48256800038032e-05
PAK,01-Apr-2018,-5.70028257274969e-05
PAK,01-Jul-2018,-7.97766832336332e-05
PAK,01-Oct-2018,-8.1596205862846e-05
PAK,01-Jan-2019,-4.12341011035742e-05
PAK,01-Apr-2019,-4.12677304542154e-05
PAK,01-Jul-2019,-2.0111413814739e-05
PAK,01-Oct-2019,-1.56075188502442e-05
PAK,01-Jan-2020,-7.94491397728378e-06
PAK,01-Apr-2020,-4.69165846624025e-06
PAK,01-Jul-2020,-1.72400228979073e-06
PAK,01-Oct-2020,-3.52930260399847e-06
PAK,01-Jan-2021,-1.53934427103002e-05
PAK,01-Apr-2021,-3.55611848584141e-05
PAK,01-Jul-2021,-7.52720842322543e-05
PAK,01-Oct-2021,-7.91573029811966e-05
PAK,01-Jan-2022,-6.6486426634035e-05
PAK,01-Apr-2022,-6.13786083810992e-05
PAK,01-Jul-2022,-2.46871780967701e-05
PAK,01-Oct-2022,-2.6273331427355e-05
PAK,01-Jan-2023,-3.57661452088263e-05
PAK,01-Apr-2023,-2.31977977545143e-05
PAK,01-Jul-2023,-3.83515471712044e-05
PAK,01-Oct-2023,-3.60612038876453e-05
PAK,01-Jan-2024,-3.25164212210505e-05
PAK,01-Apr-2024,-4.36033471092487e-05
PAK,01-Jul-2024,-1.390290907926e-05
PAK,01-Oct-2024,-2.23933524657625e-05
PAK,NaT,NaN
PAK,NaT,NaN
PAK,NaT,NaN
PER,01-Jan-1997,-4.4373971185055e-06
PER,01-Apr-1997,-4.81352657172143e-06
PER,01-Jul-1997,-4.90786998948833e-06
PER,01-Oct-1997,-3.18692065964822e-06
PER,01-Jan-1998,-2.23966279623659e-06
PER,01-Apr-1998,-1.80325790216155e-06
PER,01-Jul-1998,-3.03371259158904e-06
PER,01-Oct-1998,-3.1518627040462e-06
PER,01-Jan-1999,-2.74964218598326e-06
PER,01-Apr-1999,-2.72785134466512e-06
PER,01-Jul-1999,-1.52399053506551e-06
PER,01-Oct-1999,-1.69104678926878e-06
PER,01-Jan-2000,-1.53760958976085e-06
PER,01-Apr-2000,-1.55223059135214e-06
PER,01-Jul-2000,-1.46102830294189e-06
PER,01-Oct-2000,-1.73232001668267e-06
PER,01-Jan-2001,-1.39183920625842e-06
PER,01-Apr-2001,-1.65155091742676e-06
PER,01-Jul-2001,-1.80101602190287e-06
PER,01-Oct-2001,-1.14540292205892e-06
PER,01-Jan-2002,-1.66660889122675e-06
PER,01-Apr-2002,-1.42766121742021e-06
PER,01-Jul-2002,-1.50194371698301e-06
PER,01-Oct-2002,-1.20735343021015e-06
PER,01-Jan-2003,-1.89290638364679e-06
PER,01-Apr-2003,-2.90829475998133e-06
PER,01-Jul-2003,-3.2941127983621e-06
PER,01-Oct-2003,-4.7907099834652e-06
PER,01-Jan-2004,-5.88947939983408e-06
PER,01-Apr-2004,-6.47932332687601e-06
PER,01-Jul-2004,-5.62244716803792e-06
PER,01-Oct-2004,-4.32030603859299e-06
PER,01-Jan-2005,-3.12491604567753e-06
PER,01-Apr-2005,-3.50160459969556e-06
PER,01-Jul-2005,-5.29688305509019e-06
PER,01-Oct-2005,-6.45415047196926e-06
PER,01-Jan-2006,-4.78666866869588e-06
PER,01-Apr-2006,-4.08767435294803e-06
PER,01-Jul-2006,-3.34876650590292e-06
PER,01-Oct-2006,-2.53615658924448e-06
PER,01-Jan-2007,-4.16412844219875e-06
PER,01-Apr-2007,-3.26883408437104e-06
PER,01-Jul-2007,-2.72878175324683e-06
PER,01-Oct-2007,-3.40234525013517e-06
PER,01-Jan-2008,-1.40084075212826e-06
PER,01-Apr-2008,-2.37508766303402e-06
PER,01-Jul-2008,-3.43426484109154e-06
PER,01-Oct-2008,-3.24070051374456e-06
PER,01-Jan-2009,-2.58497380068462e-06
PER,01-Apr-2009,-2.06603907134928e-06
PER,01-Jul-2009,-1.67067531327479e-06
PER,01-Oct-2009,-1.61667765665048e-06
PER,01-Jan-2010,-2.58203092922464e-06
PER,01-Apr-2010,-2.44187812545494e-06
PER,01-Jul-2010,-3.01342025005079e-06
PER,01-Oct-2010,-4.5015396338025e-06
PER,01-Jan-2011,-5.25302396787772e-06
PER,01-Apr-2011,-5.3866230579986e-06
PER,01-Jul-2011,-4.50659013684248e-06
PER,01-Oct-2011,-3.54229878837222e-06
PER,01-Jan-2012,-7.5152296279087e-07
PER,01-Apr-2012,-5.08191408288443e-07
PER,01-Jul-2012,-6.97090786960295e-07
PER,01-Oct-2012,-1.68953980109303e-07
PER,01-Jan-2013,-1.03675178864986e-06
PER,01-Apr-2013,-1.59275911325905e-06
PER,01-Jul-2013,-1.42599180744959e-06
PER,01-Oct-2013,-1.686977276653e-06
PER,01-Jan-2014,-2.32298674731073e-06
PER,01-Apr-2014,-2.50332157066784e-06
PER,01-Jul-2014,-2.39322515635812e-06
PER,01-Oct-2014,-2.22193670961179e-06
PER,01-Jan-2015,-8.76964094025528e-07
PER,01-Apr-2015,-4.55831376559904e-07
PER,01-Jul-2015,-4.80054600697852e-07
PER,01-Oct-2015,-6.22816601879266e-07
PER,01-Jan-2016,-1.35599309892061e-06
PER,01-Apr-2016,-2.26962955305981e-06
PER,01-Jul-2016,-2.53101493521016e-06
PER,01-Oct-2016,-2.9155416512726e-06
PER,01-Jan-2017,-5.782891928279e-07
PER,01-Apr-2017,-2.27758521553929e-07
PER,01-Jul-2017,-1.49253808638658e-07
PER,01-Oct-2017,-4.53183276733744e-07
PER,01-Jan-2018,-1.31925466159139e-06
PER,01-Apr-2018,-2.61556217783456e-06
PER,01-Jul-2018,-2.78768543092886e-06
PER,01-Oct-2018,-2.1914707112242e-06
PER,01-Jan-2019,-9.40466034121532e-07
PER,01-Apr-2019,-8.81613318387758e-07
PER,01-Jul-2019,-1.22593716712593e-06
PER,01-Oct-2019,-9.48271856044594e-07
PER,01-Jan-2020,-2.55698583451261e-06
PER,01-Apr-2020,-2.90025717052993e-06
PER,01-Jul-2020,-3.26212228771518e-06
PER,01-Oct-2020,-4.8495878657532e-06
PER,01-Jan-2021,-3.62156437597407e-06
PER,01-Apr-2021,-2.62892977042565e-06
PER,01-Jul-2021,-2.09158264210678e-06
PER,01-Oct-2021,-1.54897068021061e-06
PER,01-Jan-2022,-2.04266096968542e-06
PER,01-Apr-2022,-2.55740632250837e-06
PER,01-Jul-2022,-3.51512576556326e-06
PER,01-Oct-2022,-6.48225146406138e-06
PER,01-Jan-2023,-5.42676051052086e-06
PER,01-Apr-2023,-4.35778371078875e-06
PER,01-Jul-2023,-4.66376216614659e-06
PER,01-Oct-2023,-1.58062946787809e-06
PER,01-Jan-2024,-1.7610517810087e-06
PER,01-Apr-2024,-2.99018631238975e-06
PER,01-Jul-2024,-3.10534926232231e-06
PER,01-Oct-2024,-4.11580814810213e-06
PER,NaT,NaN
PER,NaT,NaN
PER,NaT,NaN
PHL,01-Jan-1997,-3.62681142483058e-05
PHL,01-Apr-1997,-6.60374521510875e-05
PHL,01-Jul-1997,-8.61125441197347e-05
PHL,01-Oct-1997,-0.00019309432112803
PHL,01-Jan-1998,-0.000334002355910479
PHL,01-Apr-1998,-0.000371940638853902
PHL,01-Jul-1998,-0.000353369190341364
PHL,01-Oct-1998,-0.00016942164212351
PHL,01-Jan-1999,-1.77291072493343e-05
PHL,01-Apr-1999,-4.62330242709867e-07
PHL,01-Jul-1999,0
PHL,01-Oct-1999,-4.37781774743281e-08
PHL,01-Jan-2000,-2.1289808764047e-07
PHL,01-Apr-2000,-1.58159897913854e-06
PHL,01-Jul-2000,-1.82952589707588e-06
PHL,01-Oct-2000,-7.11731940634187e-07
PHL,01-Jan-2001,-1.23745090601241e-06
PHL,01-Apr-2001,-9.35948181773806e-06
PHL,01-Jul-2001,-3.46851974203027e-06
PHL,01-Oct-2001,-1.90772176414136e-05
PHL,01-Jan-2002,-7.66405578206481e-05
PHL,01-Apr-2002,-0.000113465544413777
PHL,01-Jul-2002,-0.000117488466873636
PHL,01-Oct-2002,-0.000178506715713427
PHL,01-Jan-2003,-0.000181039591473643
PHL,01-Apr-2003,-0.000157152434895699
PHL,01-Jul-2003,-0.000147404952409922
PHL,01-Oct-2003,-0.000110835830850296
PHL,01-Jan-2004,-0.00010338493876707
PHL,01-Apr-2004,-0.000105053091182038
PHL,01-Jul-2004,-0.000142095648267666
PHL,01-Oct-2004,-0.000176876940660156
PHL,01-Jan-2005,-0.00021753227954725
PHL,01-Apr-2005,-0.000222912123055711
PHL,01-Jul-2005,-0.000208204989606593
PHL,01-Oct-2005,-7.57136092788343e-05
PHL,01-Jan-2006,-1.26367902391697e-05
PHL,01-Apr-2006,-1.37575647174753e-05
PHL,01-Jul-2006,-6.98982300308714e-06
PHL,01-Oct-2006,-4.41830349241137e-05
PHL,01-Jan-2007,-6.45958138585454e-05
PHL,01-Apr-2007,-6.12397091038809e-05
PHL,01-Jul-2007,-6.7253411995972e-05
PHL,01-Oct-2007,-3.45061459396887e-05
PHL,01-Jan-2008,-8.20013535043065e-06
PHL,01-Apr-2008,-5.19794638352394e-06
PHL,01-Jul-2008,-9.34379233348452e-07
PHL,01-Oct-2008,-1.97244539015482e-06
PHL,01-Jan-2009,-4.56735029159102e-06
PHL,01-Apr-2009,-1.30950738739437e-06
PHL,01-Jul-2009,0
PHL,01-Oct-2009,-7.57438030606335e-06
PHL,01-Jan-2010,-6.15248354619556e-05
PHL,01-Apr-2010,-0.000115261875102511
PHL,01-Jul-2010,-0.000120891555887661
PHL,01-Oct-2010,-7.48445218963757e-05
PHL,01-Jan-2011,-1.60108947654701e-05
PHL,01-Apr-2011,-9.88014420455747e-07
PHL,01-Jul-2011,-2.31184272344347e-07
PHL,01-Oct-2011,-9.80778572044636e-08
PHL,01-Jan-2012,0
PHL,01-Apr-2012,-1.40502479397314e-06
PHL,01-Jul-2012,-4.19250617198896e-07
PHL,01-Oct-2012,-1.7656932431736e-06
PHL,01-Jan-2013,-9.16278772194351e-06
PHL,01-Apr-2013,-1.00589849953909e-05
PHL,01-Jul-2013,-1.97699810975687e-05
PHL,01-Oct-2013,-4.19765349884847e-06
PHL,01-Jan-2014,-6.36997861246322e-06
PHL,01-Apr-2014,-1.10341243317391e-05
PHL,01-Jul-2014,-7.99080220598332e-06
PHL,01-Oct-2014,-1.33336993529448e-05
PHL,01-Jan-2015,-4.05836007494422e-05
PHL,01-Apr-2015,-7.25188476212972e-05
PHL,01-Jul-2015,-9.90889680181601e-05
PHL,01-Oct-2015,-0.000117431596528559
PHL,01-Jan-2016,-0.000161804016994484
PHL,01-Apr-2016,-0.000122947746765143
PHL,01-Jul-2016,-0.000127148489426864
PHL,01-Oct-2016,-2.6681979748464e-05
PHL,01-Jan-2017,-5.04191570665118e-07
PHL,01-Apr-2017,-2.62857275636206e-07
PHL,01-Jul-2017,-7.70690844582175e-07
PHL,01-Oct-2017,-1.79536372038806e-06
PHL,01-Jan-2018,-2.8842324320785e-06
PHL,01-Apr-2018,-8.52754125248335e-06
PHL,01-Jul-2018,-2.0778394039891e-05
PHL,01-Oct-2018,-8.41443375746993e-05
PHL,01-Jan-2019,-0.000174619564950634
PHL,01-Apr-2019,-0.000169177394676255
PHL,01-Jul-2019,-0.000200642240449021
PHL,01-Oct-2019,-0.000184258589802681
PHL,01-Jan-2020,-0.000193980656523024
PHL,01-Apr-2020,-0.000179433876776921
PHL,01-Jul-2020,-0.000135029175833344
PHL,01-Oct-2020,-2.14787371995202e-05
PHL,01-Jan-2021,-2.19148145715303e-06
PHL,01-Apr-2021,-5.11763006026048e-06
PHL,01-Jul-2021,-3.69757390785024e-06
PHL,01-Oct-2021,-2.88135806766571e-05
PHL,01-Jan-2022,-5.2693989107109e-05
PHL,01-Apr-2022,-1.35811756705824e-05
PHL,01-Jul-2022,-6.82655407906524e-06
PHL,01-Oct-2022,-2.62747307436474e-06
PHL,01-Jan-2023,-3.65405931836148e-06
PHL,01-Apr-2023,-6.62195518941214e-06
PHL,01-Jul-2023,-8.63781822145785e-06
PHL,01-Oct-2023,-2.14383082525044e-05
PHL,01-Jan-2024,-6.32639862440367e-05
PHL,01-Apr-2024,-9.73007389267147e-05
PHL,01-Jul-2024,-3.93027599764616e-05
PHL,01-Oct-2024,-2.46253747374593e-06
PHL,NaT,NaN
PHL,NaT,NaN
PHL,NaT,NaN
PRY,01-Jan-1997,-4.56752778437178e-10
PRY,01-Apr-1997,-1.88345033087275e-07
PRY,01-Jul-1997,-8.22824184838001e-10
PRY,01-Oct-1997,-1.49244887288812e-08
PRY,01-Jan-1998,-1.22307419265001e-08
PRY,01-Apr-1998,-2.39710933142003e-08
PRY,01-Jul-1998,-1.48750566101507e-09
PRY,01-Oct-1998,-5.49516900496987e-11
PRY,01-Jan-1999,-2.06635893513939e-10
PRY,01-Apr-1999,-1.6568312204386e-09
PRY,01-Jul-1999,-6.16492597610062e-06
PRY,01-Oct-1999,-4.50396326691094e-05
PRY,01-Jan-2000,-9.79977123652263e-05
PRY,01-Apr-2000,-0.000131157602521847
PRY,01-Jul-2000,-6.7436310588581e-05
PRY,01-Oct-2000,-9.95161508009614e-06
PRY,01-Jan-2001,-3.9154006560974e-08
PRY,01-Apr-2001,-6.62146422234628e-08
PRY,01-Jul-2001,-8.40849748132397e-08
PRY,01-Oct-2001,-3.80956424653149e-07
PRY,01-Jan-2002,-9.78729086000102e-06
PRY,01-Apr-2002,-4.87312810144439e-06
PRY,01-Jul-2002,-1.56120719743181e-05
PRY,01-Oct-2002,-2.21978219919643e-05
PRY,01-Jan-2003,-4.86082512033407e-06
PRY,01-Apr-2003,-2.58688761118958e-05
PRY,01-Jul-2003,-6.21589145366025e-05
PRY,01-Oct-2003,-5.73291407235366e-05
PRY,01-Jan-2004,-0.000139091177559493
PRY,01-Apr-2004,-8.14414067017716e-05
PRY,01-Jul-2004,-7.043085484052e-05
PRY,01-Oct-2004,-9.08874397317528e-05
PRY,01-Jan-2005,-8.84565390871013e-05
PRY,01-Apr-2005,-8.76850537651042e-05
PRY,01-Jul-2005,-6.349790261254e-05
PRY,01-Oct-2005,-6.09943997727945e-05
PRY,01-Jan-2006,-1.97508426206755e-05
PRY,01-Apr-2006,-8.11029609453452e-05
PRY,01-Jul-2006,-8.34723049586357e-05
PRY,01-Oct-2006,-7.33778608646697e-05
PRY,01-Jan-2007,-4.33989739578069e-05
PRY,01-Apr-2007,-1.88234122568142e-05
PRY,01-Jul-2007,-4.42592267502326e-05
PRY,01-Oct-2007,-5.19163679894897e-05
PRY,01-Jan-2008,-7.92192556061623e-05
PRY,01-Apr-2008,-7.58567958713097e-05
PRY,01-Jul-2008,-5.42241989873946e-05
PRY,01-Oct-2008,-7.99147090396089e-05
PRY,01-Jan-2009,-8.90361240668769e-05
PRY,01-Apr-2009,-0.000104138338802984
PRY,01-Jul-2009,-8.59316443508795e-05
PRY,01-Oct-2009,-2.13510516344423e-05
PRY,01-Jan-2010,-2.72807932468441e-07
PRY,01-Apr-2010,-2.6986794950277e-07
PRY,01-Jul-2010,-2.48182611688916e-07
PRY,01-Oct-2010,-6.01537871727248e-06
PRY,01-Jan-2011,-4.14774213139581e-06
PRY,01-Apr-2011,-1.40129456340437e-05
PRY,01-Jul-2011,-2.21656455726813e-06
PRY,01-Oct-2011,-1.17272034971303e-05
PRY,01-Jan-2012,-7.54001799823202e-05
PRY,01-Apr-2012,-3.94737009537862e-05
PRY,01-Jul-2012,-0.000101321740082524
PRY,01-Oct-2012,-0.00010088106900641
PRY,01-Jan-2013,-4.19925411513339e-05
PRY,01-Apr-2013,-2.13717405164954e-05
PRY,01-Jul-2013,-1.03417972350558e-05
PRY,01-Oct-2013,-1.09888726592157e-05
PRY,01-Jan-2014,-7.04626577624586e-06
PRY,01-Apr-2014,-8.49851766845351e-06
PRY,01-Jul-2014,-2.46440079372839e-08
PRY,01-Oct-2014,-8.09217933270234e-08
PRY,01-Jan-2015,-6.88071152513853e-08
PRY,01-Apr-2015,-1.42167593890758e-06
PRY,01-Jul-2015,-6.19374681048958e-07
PRY,01-Oct-2015,-2.85386258117568e-10
PRY,01-Jan-2016,-1.08441656936382e-09
PRY,01-Apr-2016,-2.4491279983273e-08
PRY,01-Jul-2016,-1.28927926952456e-07
PRY,01-Oct-2016,-1.56742443974087e-05
PRY,01-Jan-2017,-6.092549093253e-05
PRY,01-Apr-2017,-5.62851628658837e-06
PRY,01-Jul-2017,-3.50254840792506e-05
PRY,01-Oct-2017,-3.11866865785684e-06
PRY,01-Jan-2018,0
PRY,01-Apr-2018,-4.57611433496072e-05
PRY,01-Jul-2018,-2.87296015257981e-05
PRY,01-Oct-2018,-4.99258382038288e-05
PRY,01-Jan-2019,-6.54004325840278e-05
PRY,01-Apr-2019,-1.0532900121765e-05
PRY,01-Jul-2019,-3.34164358158236e-05
PRY,01-Oct-2019,-5.64775804192986e-05
PRY,01-Jan-2020,-9.33537271037677e-05
PRY,01-Apr-2020,-0.000129235021909838
PRY,01-Jul-2020,-0.000117665648514848
PRY,01-Oct-2020,-0.000154550974561018
PRY,01-Jan-2021,-0.000112966847244167
PRY,01-Apr-2021,-0.000133837293976985
PRY,01-Jul-2021,-0.000151181404172888
PRY,01-Oct-2021,-0.000140147452477357
PRY,01-Jan-2022,-0.000185737965177709
PRY,01-Apr-2022,-0.000134803287275205
PRY,01-Jul-2022,-8.21104456354368e-05
PRY,01-Oct-2022,-6.81169160046343e-05
PRY,01-Jan-2023,-3.40377893712819e-05
PRY,01-Apr-2023,-7.02228277324347e-05
PRY,01-Jul-2023,-8.18858294311297e-05
PRY,01-Oct-2023,-1.70500098163285e-05
PRY,01-Jan-2024,-5.89121829487992e-05
PRY,01-Apr-2024,-5.18171931530275e-05
PRY,01-Jul-2024,-5.47749490688388e-05
PRY,01-Oct-2024,-0.000105811682055151
PRY,NaT,NaN
PRY,NaT,NaN
PRY,NaT,NaN
THA,01-Jan-1997,-3.16655947088738e-06
THA,01-Apr-1997,-0.000102397829036874
THA,01-Jul-1997,-0.000105697923827206
THA,01-Oct-1997,-0.000225913777219645
THA,01-Jan-1998,-0.000255664524798635
THA,01-Apr-1998,-0.000218372513407479
THA,01-Jul-1998,-0.000319967156553321
THA,01-Oct-1998,-0.000221824981570575
THA,01-Jan-1999,-0.000182398338319812
THA,01-Apr-1999,-1.70442766932459e-05
THA,01-Jul-1999,-5.02147112365037e-06
THA,01-Oct-1999,-2.72396466096444e-06
THA,01-Jan-2000,-5.27277736938611e-06
THA,01-Apr-2000,-4.33177360301044e-07
THA,01-Jul-2000,0
THA,01-Oct-2000,-3.70321682257835e-06
THA,01-Jan-2001,-2.08149356614292e-06
THA,01-Apr-2001,-1.7946537937687e-05
THA,01-Jul-2001,-0.000101463334931259
THA,01-Oct-2001,-6.70273978174481e-05
THA,01-Jan-2002,-0.0001344037502088
THA,01-Apr-2002,-0.000111098883425437
THA,01-Jul-2002,-3.9193648216253e-05
THA,01-Oct-2002,-2.86942767365442e-05
THA,01-Jan-2003,-2.0881302623379e-05
THA,01-Apr-2003,-2.65743904029853e-05
THA,01-Jul-2003,-4.35068895017637e-05
THA,01-Oct-2003,-0.000117652484542663
THA,01-Jan-2004,-0.000175976857074001
THA,01-Apr-2004,-9.1928488783093e-05
THA,01-Jul-2004,-0.000222050517787755
THA,01-Oct-2004,-0.000303821876646516
THA,01-Jan-2005,-0.000363275429029299
THA,01-Apr-2005,-0.000531999245201968
THA,01-Jul-2005,-0.000409361246018697
THA,01-Oct-2005,-0.000236461515473222
THA,01-Jan-2006,-0.000175862756017052
THA,01-Apr-2006,-0.000107645228737916
THA,01-Jul-2006,-8.52272977089416e-05
THA,01-Oct-2006,-3.90632049118025e-05
THA,01-Jan-2007,-6.74039586251204e-05
THA,01-Apr-2007,-3.90213876145649e-05
THA,01-Jul-2007,-3.26039404029372e-05
THA,01-Oct-2007,-1.0592549625167e-05
THA,01-Jan-2008,-8.23059340921496e-06
THA,01-Apr-2008,-8.62742580424368e-06
THA,01-Jul-2008,-5.99870635347267e-06
THA,01-Oct-2008,-6.59908686470817e-06
THA,01-Jan-2009,-4.1539362089101e-06
THA,01-Apr-2009,-3.15433095624373e-06
THA,01-Jul-2009,-7.6879666529485e-06
THA,01-Oct-2009,-3.17572347919907e-05
THA,01-Jan-2010,-3.44598719609844e-05
THA,01-Apr-2010,-0.000126181468597226
THA,01-Jul-2010,-9.84206610084402e-05
THA,01-Oct-2010,-2.49610850470162e-05
THA,01-Jan-2011,-2.47217907601602e-05
THA,01-Apr-2011,-2.46547224729755e-06
THA,01-Jul-2011,-8.84993738237424e-07
THA,01-Oct-2011,-4.24031685170467e-06
THA,01-Jan-2012,-3.09701072816891e-06
THA,01-Apr-2012,-8.60963106115955e-06
THA,01-Jul-2012,-7.76843946754153e-05
THA,01-Oct-2012,-9.07670623730572e-05
THA,01-Jan-2013,-0.000136730482771472
THA,01-Apr-2013,-0.000171026744447676
THA,01-Jul-2013,-5.85101562906298e-05
THA,01-Oct-2013,-3.13335392092123e-05
THA,01-Jan-2014,-5.29254270853093e-05
THA,01-Apr-2014,-5.20915261486405e-05
THA,01-Jul-2014,-0.000134930808168061
THA,01-Oct-2014,-0.00019896478063264
THA,01-Jan-2015,-0.000140987933847588
THA,01-Apr-2015,-0.000273500666257886
THA,01-Jul-2015,-0.00028687972757524
THA,01-Oct-2015,-0.000239058309928046
THA,01-Jan-2016,-0.000299752028779356
THA,01-Apr-2016,-0.000242460379429262
THA,01-Jul-2016,-0.000178222839619502
THA,01-Oct-2016,-0.000113523510173126
THA,01-Jan-2017,-4.40409684921818e-05
THA,01-Apr-2017,-5.86782994050274e-06
THA,01-Jul-2017,-2.55355273495022e-06
THA,01-Oct-2017,-3.06687912037792e-06
THA,01-Jan-2018,-5.66589092320333e-06
THA,01-Apr-2018,-1.07768640029023e-05
THA,01-Jul-2018,-8.23453735348667e-06
THA,01-Oct-2018,-4.00756784478458e-05
THA,01-Jan-2019,-6.50329393004295e-05
THA,01-Apr-2019,-0.000167317127161622
THA,01-Jul-2019,-0.000162877656372814
THA,01-Oct-2019,-0.000240578059970851
THA,01-Jan-2020,-0.000273447946126078
THA,01-Apr-2020,-0.000325192227702055
THA,01-Jul-2020,-0.000365223890872073
THA,01-Oct-2020,-0.000132314480054545
THA,01-Jan-2021,-0.000118060358045967
THA,01-Apr-2021,-3.82283162279847e-05
THA,01-Jul-2021,-2.80883012265475e-05
THA,01-Oct-2021,-3.35815801708325e-05
THA,01-Jan-2022,-1.75595520032646e-05
THA,01-Apr-2022,-2.25736509829794e-05
THA,01-Jul-2022,-3.90561953793541e-06
THA,01-Oct-2022,-5.8431966470245e-06
THA,01-Jan-2023,-2.59196928574408e-05
THA,01-Apr-2023,-6.42734172507122e-05
THA,01-Jul-2023,-0.000132020703274752
THA,01-Oct-2023,-0.000127945048934798
THA,01-Jan-2024,-9.34426274181403e-05
THA,01-Apr-2024,-5.8558799099971e-05
THA,01-Jul-2024,-9.18362623728814e-05
THA,01-Oct-2024,-0.000147952579698139
THA,NaT,NaN
THA,NaT,NaN
THA,NaT,NaN
ZAF,01-Jan-1997,-6.46813972081092e-07
ZAF,01-Apr-1997,-1.24855314915461e-10
ZAF,01-Jul-1997,-1.33433326152802e-07
ZAF,01-Oct-1997,-3.67779596852593e-06
ZAF,01-Jan-1998,-2.84484432069998e-06
ZAF,01-Apr-1998,-3.27189287358385e-06
ZAF,01-Jul-1998,-5.29393525663085e-06
ZAF,01-Oct-1998,-2.09034073004369e-06
ZAF,01-Jan-1999,-1.31853242787644e-05
ZAF,01-Apr-1999,-8.93637967669476e-06
ZAF,01-Jul-1999,-9.65554884710192e-06
ZAF,01-Oct-1999,-1.25145964678581e-05
ZAF,01-Jan-2000,-1.0620307002134e-06
ZAF,01-Apr-2000,-2.96995212468493e-06
ZAF,01-Jul-2000,-3.79231626269135e-06
ZAF,01-Oct-2000,-4.2425065110877e-06
ZAF,01-Jan-2001,-1.02199086767894e-05
ZAF,01-Apr-2001,-5.650283876651e-06
ZAF,01-Jul-2001,-2.71359181706594e-06
ZAF,01-Oct-2001,-1.62137106851481e-06
ZAF,01-Jan-2002,-1.28542297398192e-06
ZAF,01-Apr-2002,-1.07952417158565e-06
ZAF,01-Jul-2002,-1.04116368861142e-06
ZAF,01-Oct-2002,-8.12199354391507e-06
ZAF,01-Jan-2003,-7.24063230575889e-06
ZAF,01-Apr-2003,-1.57325307044883e-05
ZAF,01-Jul-2003,-3.19513954576888e-05
ZAF,01-Oct-2003,-3.23957301367043e-05
ZAF,01-Jan-2004,-2.37840025499254e-05
ZAF,01-Apr-2004,-1.92294665821232e-05
ZAF,01-Jul-2004,-1.61887268121413e-05
ZAF,01-Oct-2004,-1.13388866938899e-05
ZAF,01-Jan-2005,-6.66422876930324e-06
ZAF,01-Apr-2005,-3.53460516815409e-06
ZAF,01-Jul-2005,-4.50777883632661e-06
ZAF,01-Oct-2005,-1.30320634706301e-05
ZAF,01-Jan-2006,-5.09140493909727e-06
ZAF,01-Apr-2006,-7.2277736490165e-06
ZAF,01-Jul-2006,-3.86565994132724e-06
ZAF,01-Oct-2006,-1.43116412384706e-06
ZAF,01-Jan-2007,-3.24975223829122e-05
ZAF,01-Apr-2007,-3.80000962948472e-05
ZAF,01-Jul-2007,-4.69100122876991e-05
ZAF,01-Oct-2007,-3.6063229303229e-05
ZAF,01-Jan-2008,-1.32498289072262e-05
ZAF,01-Apr-2008,-9.35938603780577e-06
ZAF,01-Jul-2008,-1.23219175113063e-05
ZAF,01-Oct-2008,-3.56231776970488e-05
ZAF,01-Jan-2009,-2.08172093354794e-05
ZAF,01-Apr-2009,-2.07090610537827e-05
ZAF,01-Jul-2009,-1.55399744127639e-05
ZAF,01-Oct-2009,-6.91261295095501e-06
ZAF,01-Jan-2010,-6.69239000862097e-06
ZAF,01-Apr-2010,-7.2383392087525e-06
ZAF,01-Jul-2010,-1.21912418305929e-05
ZAF,01-Oct-2010,-1.22870200278832e-05
ZAF,01-Jan-2011,-1.59915144254954e-05
ZAF,01-Apr-2011,-9.574560690493e-06
ZAF,01-Jul-2011,-5.05208126059283e-06
ZAF,01-Oct-2011,-1.15303522367225e-05
ZAF,01-Jan-2012,-2.83017378659608e-05
ZAF,01-Apr-2012,-4.68440358936455e-05
ZAF,01-Jul-2012,-3.60119069589508e-05
ZAF,01-Oct-2012,-2.80397929708276e-05
ZAF,01-Jan-2013,-3.18440957222294e-05
ZAF,01-Apr-2013,-2.52273321185848e-05
ZAF,01-Jul-2013,-3.62885165080298e-05
ZAF,01-Oct-2013,-3.71724876867526e-05
ZAF,01-Jan-2014,-1.74242465270756e-05
ZAF,01-Apr-2014,-2.59053066417372e-05
ZAF,01-Jul-2014,-2.40394741043418e-05
ZAF,01-Oct-2014,-2.49906020905253e-05
ZAF,01-Jan-2015,-4.65360037315711e-05
ZAF,01-Apr-2015,-4.50556437755755e-05
ZAF,01-Jul-2015,-3.80530648096534e-05
ZAF,01-Oct-2015,-7.16533954298699e-05
ZAF,01-Jan-2016,-6.46862064728561e-05
ZAF,01-Apr-2016,-5.56943739304472e-05
ZAF,01-Jul-2016,-5.44847380759366e-05
ZAF,01-Oct-2016,-2.80883274781261e-05
ZAF,01-Jan-2017,-1.74010566215049e-05
ZAF,01-Apr-2017,-2.05677700702372e-05
ZAF,01-Jul-2017,-2.97767457889185e-05
ZAF,01-Oct-2017,-3.00519710597832e-05
ZAF,01-Jan-2018,-3.96450004607826e-05
ZAF,01-Apr-2018,-3.18439585197289e-05
ZAF,01-Jul-2018,-2.42449963701908e-05
ZAF,01-Oct-2018,-4.40020367235128e-05
ZAF,01-Jan-2019,-5.2684143506551e-05
ZAF,01-Apr-2019,-4.73831309832798e-05
ZAF,01-Jul-2019,-5.57874669586624e-05
ZAF,01-Oct-2019,-3.95362688470993e-05
ZAF,01-Jan-2020,-3.19628493168113e-05
ZAF,01-Apr-2020,-3.46050763838404e-05
ZAF,01-Jul-2020,-3.06117868261842e-05
ZAF,01-Oct-2020,-1.37216227948434e-05
ZAF,01-Jan-2021,-7.78382711524746e-06
ZAF,01-Apr-2021,-7.30522704422707e-06
ZAF,01-Jul-2021,-7.42340137808467e-06
ZAF,01-Oct-2021,-1.41526733634141e-06
ZAF,01-Jan-2022,-4.87994269264625e-06
ZAF,01-Apr-2022,-1.24684442775789e-06
ZAF,01-Jul-2022,-4.0551969250991e-06
ZAF,01-Oct-2022,-8.43774140411102e-06
ZAF,01-Jan-2023,-4.67805485826509e-06
ZAF,01-Apr-2023,-1.18188342779457e-06
ZAF,01-Jul-2023,-1.14832044550979e-06
ZAF,01-Oct-2023,-1.8410237755702e-05
ZAF,01-Jan-2024,-2.89699513438303e-05
ZAF,01-Apr-2024,-3.39418673993229e-05
ZAF,01-Jul-2024,-3.0217250913476e-05
ZAF,01-Oct-2024,-3.79075334268434e-05
ZAF,NaT,NaN
ZAF,NaT,NaN
ZAF,NaT,NaN
