country,spec,exo,max_em_iter,update_P0,coeff_method,overall,rho,max_norm_Ak,bench_dist,reason,GDP_YoY_2026,GDP_YoY_min,GDP_YoY_max,GDP_YoY_last,GDP_YoY_ci_max_width,GDP_YoY_monotone_steps,CPI_YoY_2026,CPI_YoY_min,CPI_YoY_max,CPI_YoY_last,CPI_YoY_ci_max_width,CPI_YoY_monotone_steps,counterfactual_max_abs_gdp_cpi
KEN,ENSO,ENSO,10,True,last,REJECT,1.0026079722857646,3.225635376410028,6.722657019513621,rho>=1; CI wide; counterfactual large,2.7102869590632452,-1.8935353517017024,4.091833230979036,-1.8935353517017024,3861.3700691097456,4.0,-2.32157329762811,-20.366031477097003,3.236107920945497,-20.366031477097003,6553.559895951634,4.0,21.5629971378796
KEN,ENSO,ENSO,10,True,avg4,REJECT,1.2416754597351867,4.53221780760689,5.2884341986589884,rho>=1; CI wide; counterfactual large,4.936754160932465,4.286429709189719,6.114113744516872,6.114113744516872,3897.5445377865726,4.0,-2.186133396210873,-28.077267837337438,3.5162572801012173,-28.077267837337438,6777.6874564583795,4.0,25.72477700390195
KEN,ENSO,ENSO,10,False,last,REJECT,1.0101021298731088,3.224995315168995,6.702717442139758,rho>=1; CI wide; counterfactual large,2.7694639440139763,-1.5945189799493997,4.0842286814534425,-1.5945189799493997,3885.5972848554197,4.0,-2.386968976922891,-20.879429823158823,3.2502383999180546,-20.879429823158823,6574.221096059074,4.0,21.97191528995562
KEN,ENSO,ENSO,10,False,avg4,REJECT,1.2455550289220694,4.57105798803089,5.454823814847866,rho>=1; CI wide; counterfactual large,5.0361348875691165,4.2854683629552,6.390809061187635,6.390809061187635,3913.9903832910722,4.0,-2.297814878797915,-28.769080832549584,3.529494161500371,-28.769080832549584,6801.081324215102,4.0,26.276758188995423
KEN,ENSO,ENSO,30,True,last,REJECT,3.066277916765541e+33,3.502197442757145e+167,4.6909222106711485e+165,rho>=1; finite-horizon amplification; GDP/CPI extreme; CI wide,-2.0064572484838057e+165,-5.653216954627573e+232,1.8435043596898826e+199,-5.653216954627573e+232,inf,2.0,4.474108270312239e+165,-4.10863947493329e+199,1.259982243439697e+233,1.259982243439697e+233,inf,2.0,0.0
KEN,ENSO,ENSO,30,True,avg4,REJECT,1.5322659973095457e+32,4.1287741769189044e+161,9.599969846803155e+161,rho>=1; finite-horizon amplification; GDP/CPI extreme; CI wide,-8.360960057529939e+161,-6.311990765056859e+226,5.0401684639885344e+194,-6.311990765056859e+226,inf,3.0,-2.065016315455359e+161,-6.195048946366077e+161,9.611096437367012e+226,9.611096437367012e+226,inf,3.0,0.0
KEN,ENSO,ENSO,30,False,last,REJECT,3.463755976557287e+19,6.316313825348565e+97,3.175044728795545e+97,rho>=1; finite-horizon amplification; GDP/CPI extreme; CI wide,2.9355169384516304e+97,7.350077970568546e+58,1.0567673080431279e+137,1.0567673080431279e+137,4.201414531925974e+145,4.0,-3.992129839065242e+96,-1.4307737586405387e+136,-8.477516014087923e+57,-1.4307737586405387e+136,2.691383608169964e+145,4.0,0.0
KEN,ENSO,ENSO,30,False,avg4,REJECT,1.80351653497866e+19,3.4083494490107983e+96,2.0374385546508907e+96,rho>=1; finite-horizon amplification; GDP/CPI extreme; CI wide,-6.905096070552526e+95,-1.1462135355839505e+135,1.449312491924213e+116,-1.1462135355839505e+135,4.17894327223321e+145,2.0,2.2448815793260635e+96,-5.7936808116156505e+115,1.9116019492197523e+135,1.9116019492197523e+135,2.679324938040249e+145,2.0,0.0
KEN,ENSO,ENSO,50,True,last,REJECT,3.927369275091702e+59,1.2398181552720556e+298,1.0571165835702422e+295,rho>=1; finite-horizon amplification; GDP/CPI extreme; CI wide,4.9336765904351077e+294,-3.760677804255113e+235,1.4801029771305323e+295,,inf,1.0,-9.39581540877886e+294,-2.818744622633658e+295,7.184592331117854e+235,,inf,1.0,0.0
KEN,ENSO,ENSO,50,True,avg4,REJECT,6.58966745891269e+59,1.378411123497573e+299,1.6155989127165755e+296,rho>=1; finite-horizon amplification; GDP/CPI extreme; CI wide,-8.422473295655414e+295,-inf,-5.917447608143226e+176,,inf,3.0,1.2889193052517234e+296,9.486167012635403e+176,inf,,inf,3.0,0.0
KEN,ENSO,ENSO,50,False,last,REJECT,8.0784566514287e+67,5.8644942743778504e+271,inf,rho>=1; finite-horizon amplification; GDP/CPI extreme; CI wide,inf,-9.185607132461573e+270,inf,,inf,1.0,-inf,-inf,7.420128081400019e+270,,inf,1.0,0.0
KEN,ENSO,ENSO,50,False,avg4,REJECT,,,,LinAlgError: SVD did not converge,,,,,,,,,,,,,
KEN,HeatDry,HeatDry,10,True,last,KEEP,0.7472701508967251,0.8202165932072911,0.7431212613472289,ok,4.836830424996976,4.584919714605204,5.508971698442337,5.508971698442337,0.7313681465426587,4.0,5.222848606082913,4.960210999760303,6.692434193667505,6.692434193667505,1.3931275933443086,6.0,0.5882630662758519
KEN,HeatDry,HeatDry,10,True,avg4,KEEP,0.81494711686532,0.8421977704386269,0.6500453433430016,ok,4.752590075092028,4.445657949582094,5.48359849119219,5.48359849119219,0.8140893412890913,4.0,5.237574552915045,5.0087259652413945,6.562916029031471,6.562916029031471,1.7261048977932987,6.0,0.6867780468274187
KEN,HeatDry,HeatDry,10,False,last,KEEP,0.7468964986535795,0.8249730253249313,0.7328337227376163,ok,4.829680551920032,4.575938218976563,5.510427332195858,5.510427332195858,0.7395194733746591,4.0,5.22807804863736,4.964602549922395,6.695520741088587,6.695520741088587,1.4042534189698959,6.0,0.5942285977928954
KEN,HeatDry,HeatDry,10,False,avg4,KEEP,0.8206000442635057,0.8443980916023663,0.6144194187471355,ok,4.729310352708917,4.42535274464971,5.47463996366226,5.47463996366226,0.8010557046361892,4.0,5.25815155660297,5.017183412500455,6.5684482402476,6.5684482402476,1.701316696792766,6.0,0.6839628149095498
KEN,HeatDry,HeatDry,30,True,last,REJECT,1.7106987968380485,78.2615089483863,7.064725166224487,rho>=1; finite-horizon amplification; GDP/CPI extreme; CI wide; counterfactual large,10.606446372082909,-94.04667210779779,128.55124804714055,-94.04667210779779,3.080630654711836e+17,4.0,4.302868676430703,-49.96446332788084,21.87111708462366,-49.96446332788084,2.050884391466191e+16,4.0,12.502796591333649
KEN,HeatDry,HeatDry,30,True,avg4,REJECT,3.04378492652733,10983.664993562561,9.042640145963752,rho>=1; finite-horizon amplification; GDP/CPI extreme; CI wide; counterfactual large,-2.688090307826568,-3535.6843813985065,1155.4821231036542,-3535.6843813985065,3.09970941999557e+17,3.0,2.809083603104695,-129.27976193611525,417.7500675444318,417.7500675444318,2.0636733629018456e+16,4.0,1114.687909061659
KEN,HeatDry,HeatDry,30,False,last,REJECT,1.8942192778224975,747.0046092480383,37.79580565339624,rho>=1; finite-horizon amplification; GDP/CPI extreme; CI wide; counterfactual large,36.88732418319456,-506.8579427791367,454.78951976055845,454.78951976055845,3417730582190437.0,3.0,-3.1141357836694774,-452.94920486379465,308.89178331873524,-452.94920486379465,294232065551044.44,3.0,29.89843228116439
KEN,HeatDry,HeatDry,30,False,avg4,REJECT,2.3155878185308767,924.0853365908237,30.813126625247143,rho>=1; finite-horizon amplification; GDP/CPI extreme; CI wide; counterfactual large,34.86988916092999,-1477.7831931858257,3438.692024189347,3438.692024189347,3376131355179005.0,3.0,5.1612708928047475,-102.86759709138698,54.91364773715868,-102.86759709138698,291505261200964.56,3.0,16.926308993743987
KEN,HeatDry,HeatDry,50,True,last,REJECT,5.286846032899683,131374.48340226387,2072.4064651710983,rho>=1; finite-horizon amplification; GDP/CPI extreme; CI wide; counterfactual large,-1633.618491532934,-4556602.276184314,862538.44606704,-4556602.276184314,1.0396629860163269e+35,3.0,729.7132893969402,-371991.55426177516,1969275.8630975864,1969275.8630975864,8.927877742617733e+33,3.0,27877.592063386925
KEN,HeatDry,HeatDry,50,True,avg4,REJECT,4.588884836501288,145647.18281676044,4478.075539227564,rho>=1; finite-horizon amplification; GDP/CPI extreme; CI wide; counterfactual large,-4397.7673478846245,-5689508.970645114,422213.10320357885,-5689508.970645114,1.0396631924360256e+35,3.0,132.2469855715664,-587356.4847412799,809864.5784082267,809864.5784082267,8.927881261660993e+33,3.0,59582.056468887255
KEN,HeatDry,HeatDry,50,False,last,REJECT,3.7330747630674748,16698.58903494888,326.1531724245407,rho>=1; finite-horizon amplification; GDP/CPI extreme; CI wide; counterfactual large,-253.55849114925454,-47199.05528964017,27976.117405591267,-47199.05528964017,3.9975484903758036e+30,3.0,-107.59113545881023,-1843.4418793938994,61660.32408829445,61660.32408829445,5.7053885100318824e+29,4.0,16111.101344582916
KEN,HeatDry,HeatDry,50,False,avg4,REJECT,10.825292096802796,25986391.244215745,9458.21766384882,rho>=1; finite-horizon amplification; GDP/CPI extreme; CI wide; counterfactual large,7638.14262997853,181.69299591461194,285626318.2823655,285626318.2823655,3.9977690558596555e+30,6.0,3046.8583897838157,71.50672583721268,113808251.15934108,113808251.15934108,5.7059301160169155e+29,6.0,9059440.606921315
KEN,HeatDry+OIL,HeatDry+OIL_YoY,10,True,last,KEEP,0.801684631566258,0.8333770678543428,0.6929139738564126,ok,5.1576259945959455,4.250502951582245,5.614176146150783,5.015301979467701,0.6906688703361787,4.0,5.958813298767446,5.542389766023028,6.24750991899467,6.24750991899467,0.9924220229369771,4.0,0.5078331515859418
KEN,HeatDry+OIL,HeatDry+OIL_YoY,10,True,avg4,KEEP,0.8537353397806281,0.863703512097825,0.7843394495651248,ok,5.269326909484988,3.825214975914494,5.993055967976458,4.80133961215,0.7475674737429623,4.0,5.874979099866439,5.535786872655905,6.24658286522147,6.24658286522147,1.0763844376116678,4.0,0.5754082410612851
KEN,HeatDry+OIL,HeatDry+OIL_YoY,10,False,last,KEEP,0.8019919197079154,0.8386894789208859,0.6404889078266086,ok,5.076636752028048,4.315691046777535,5.5120016183958445,5.092713506265853,0.6975942416907639,4.0,6.006420259664267,5.547996531276387,6.2425487316010075,6.2425487316010075,1.002421480171094,4.0,0.5251050214131805
KEN,HeatDry+OIL,HeatDry+OIL_YoY,10,False,avg4,KEEP,0.8572269215587671,0.8817110443335575,0.6242581383302227,ok,5.047621083209218,4.031103584510731,5.609780868075604,4.935160139227753,0.726952268916035,4.0,6.027728425201675,5.508344162307342,6.216057851689703,6.216057851689703,1.048117554533305,4.0,0.5865504875152521
KEN,HeatDry+OIL,HeatDry+OIL_YoY,30,True,last,REJECT,5.416273855635306,185083.92118270654,903.3904084557614,rho>=1; finite-horizon amplification; GDP/CPI extreme; CI wide; counterfactual large,826.44225728767,72.63642018259965,1742393.7064915008,1742393.7064915008,3.292454292028535e+24,6.0,141.6469186134857,14.109048994527505,287177.07020424126,287177.07020424126,1.259159221297139e+24,6.0,67.70630047121085
KEN,HeatDry+OIL,HeatDry+OIL_YoY,30,True,avg4,REJECT,4.5179871886935015,79986.77011408628,479.68689685922715,rho>=1; finite-horizon amplification; GDP/CPI extreme; CI wide; counterfactual large,309.719288601764,43.35632628850318,298162.6820266528,298162.6820266528,3.2924205947108046e+24,6.0,-284.87934709577195,-290036.18992583896,-21.44507724998775,-290036.18992583896,1.2592806358395755e+24,6.0,3967.083418051654
KEN,HeatDry+OIL,HeatDry+OIL_YoY,30,False,last,REJECT,2.747662555269899,12717.844523398066,7.593895613698807,rho>=1; finite-horizon amplification; GDP/CPI extreme; CI wide; counterfactual large,9.915469698974091,5.370620520532893,996.0092079959659,996.0092079959659,9.641683317309498e+20,6.0,9.530709857874529,0.28121055526649474,2555.7515969963233,2555.7515969963233,2.504475506271292e+20,5.0,3249.360587594171
KEN,HeatDry+OIL,HeatDry+OIL_YoY,30,False,avg4,REJECT,4.727906267215536,62992.66654312197,84.11861684172683,rho>=1; finite-horizon amplification; GDP/CPI extreme; CI wide; counterfactual large,-55.880724596528836,-73871.99760292577,-3.111274920568129,-73871.99760292577,9.638871457991163e+20,6.0,45.463153741996656,9.000161339117273,31001.826724012666,31001.826724012666,2.5027706869179482e+20,5.0,20004.34066628148
KEN,HeatDry+OIL,HeatDry+OIL_YoY,50,True,last,REJECT,1.3645945954264854e+32,1.19723141149636e+225,1.30617089736367e+160,rho>=1; finite-horizon amplification; GDP/CPI extreme; CI wide,1.2072220888262629e+160,-9.20302509101635e+256,1.2558397659943556e+289,1.2558397659943556e+289,inf,3.0,1.6491468089567859e+159,-1.2578985337697513e+256,1.7165195607163328e+288,1.7165195607163328e+288,inf,3.0,0.0
KEN,HeatDry+OIL,HeatDry+OIL_YoY,50,True,avg4,REJECT,7.688619004596818e+31,3.3475025125184385e+223,2.8600907237898943e+159,rho>=1; finite-horizon amplification; GDP/CPI extreme; CI wide,2.41212530865609e+159,-3.2901554673858306e+255,2.5296786787760387e+287,2.5296786787760387e+287,inf,3.0,7.466090252230072e+158,-1.0202254438126072e+255,7.844192186746666e+286,7.844192186746666e+286,inf,3.0,0.0
KEN,HeatDry+OIL,HeatDry+OIL_YoY,50,False,last,REJECT,5.2314673884107684e+29,2.0477783204693747e+208,4.7431527036348606e+148,rho>=1; finite-horizon amplification; GDP/CPI extreme; CI wide,3.812355455124493e+148,-1.6352369565414457e+238,8.555079675594225e+267,8.555079675594225e+267,inf,3.0,1.551328747517279e+148,-6.3588490849396505e+237,3.3318572704761026e+267,3.3318572704761026e+267,inf,3.0,0.0
KEN,HeatDry+OIL,HeatDry+OIL_YoY,50,False,avg4,REJECT,7.06576165423268e+29,1.5625232091584274e+209,6.482775654346789e+148,rho>=1; finite-horizon amplification; GDP/CPI extreme; CI wide,-5.1132891855420325e+148,-3.800313100908444e+268,-3.415362232564518e+89,-3.800313100908444e+268,inf,6.0,-2.282477448007927e+148,-1.7304773016783497e+268,-1.0024635845641567e+89,-1.7304773016783497e+268,inf,6.0,0.0
