date,SOI,PDO,WestenV,NINO1+2,NINO3,NINO4,NINO3+4
1/31/78,-4.4,0.925,,-0.4,0,0.19,0.25
2/28/78,-0.3,1.307,,-1.21,-0.46,-0.14,-0.2
3/31/78,-0.5,1.165,-0.434993541,-0.77,-0.94,-0.59,-0.7
4/30/78,2.2,1.027,,-1.25,-1.15,-0.4,-0.74
5/31/78,1.1,0.575,,-1.18,-0.97,-0.56,-0.71
6/30/78,0.9,-0.8,-0.008771239,-0.94,-0.86,-0.62,-0.55
7/31/78,0.7,-0.305,,-1.37,-1.02,-0.59,-0.79
8/31/78,0.1,-0.348,,-0.88,-0.72,-0.48,-0.71
9/30/78,-0.6,0.331,0.106405488,-0.96,-0.41,-0.56,-0.46
10/31/78,0,0.256,,-0.04,-0.31,-0.39,-0.38
11/30/78,-0.1,-0.284,,0.09,0.01,-0.17,-0.06
12/31/78,-0.7,0.002,-0.134428658,0.16,-0.32,0.04,-0.13
1/31/79,1.6,-0.765,,-0.58,-0.29,-0.11,-0.22
2/28/79,0.2,-0.224,,-0.58,-0.06,-0.02,-0.02
3/31/79,-0.2,0.195,-0.116594596,0.15,0.07,-0.02,0.02
4/30/79,0.8,0.84,,-0.13,-0.05,-0.18,-0.25
5/31/79,1.1,0.475,,0.16,-0.15,-0.24,-0.29
6/30/79,2.2,0.627,-0.137931314,-0.26,-0.31,-0.2,-0.47
7/31/79,-0.3,0.469,,-0.07,0.13,-0.45,-0.1
8/31/79,0.2,1.127,,0.43,0.58,-0.29,0.28
9/30/79,-0.2,1.302,-0.19952497,0.45,0.44,-0.18,0.11
10/31/79,-0.7,0.805,,0.14,0.39,0.12,0.29
11/30/79,-1.2,0.378,,-0.08,0.43,0.29,0.52
12/31/79,0.7,0.36,-0.499023432,-0.25,0.38,0.37,0.54
1/31/80,0.5,0.863,,-0.42,0.03,0.36,0.22
2/29/80,-0.7,0.797,,-0.01,-0.18,0.19,0.03
3/31/80,-1,1.023,-0.657458794,0,-0.2,0.14,-0.07
4/30/80,0,1.036,,-0.43,-0.15,0.26,0.08
5/31/80,0,-0.39,,-0.36,0.08,0.16,0.21
6/30/80,-0.1,0.1,-0.522950824,-0.84,-0.23,0.02,-0.06
7/31/80,0.6,0.184,,-0.48,-0.34,-0.29,-0.38
8/31/80,-0.8,0.161,,-0.3,-0.18,-0.27,-0.28
9/30/80,0,1.265,-0.179477839,-0.5,-0.42,-0.02,-0.26
10/31/80,-0.6,0.874,,-0.41,-0.1,-0.02,-0.1
11/30/80,-0.1,0.476,,-0.4,0.01,-0.03,0.05
12/31/80,0.6,1.167,-0.100119244,-1.5,-0.71,-0.13,-0.36
1/31/81,-0.3,1.32,,-1.17,-0.88,-0.17,-0.64
2/28/81,-2.1,1.35,,-0.55,-0.59,-0.17,-0.64
3/31/81,-0.2,1.228,-0.311350027,-0.73,-0.52,-0.52,-0.53
4/30/81,1.3,1.379,,-0.77,-0.54,-0.56,-0.57
5/31/81,2,1.708,,-0.63,-0.43,-0.59,-0.46
6/30/81,1.4,1.001,0.20728521,-0.89,-0.6,-0.73,-0.64
7/31/81,1.2,0.54,,-1.13,-0.73,-0.71,-0.53
8/31/81,0.5,0.784,,-0.79,-0.23,-0.4,-0.19
9/30/81,-0.6,0.171,0.163583203,-0.57,-0.18,-0.38,-0.3
10/31/81,0.3,0.618,,-0.46,-0.41,-0.31,-0.41
11/30/81,0.8,0.61,,-0.18,-0.05,-0.09,-0.2
12/31/81,2,0.204,-0.030376313,-0.26,0.2,-0.03,0.13
1/31/82,0.4,0.077,,-0.79,0,-0.18,-0.17
2/28/82,1,0.045,,-1.29,-0.1,0.07,0.13
3/31/82,0.1,-0.271,-0.271094819,-0.81,-0.01,0.33,0.21
4/30/82,-0.6,-0.662,,-0.31,0.39,0.39,0.45
5/31/82,-1.7,-0.501,,0.13,0.54,0.45,0.53
6/30/82,-2.5,0.576,-0.528454041,0.47,0.41,0.13,0.37
7/31/82,-2.9,0.397,,0.8,0.95,0.09,0.73
8/31/82,-2.9,0.883,,1.31,1.89,0.33,1.49
9/30/82,-2.8,0.441,-0.507319426,1.81,2.3,0.67,1.99
10/31/82,-4.3,-0.231,,3.03,2.4,0.57,1.92
11/30/82,-3.7,0.161,,3.16,2.86,0.51,2.2
12/31/82,-5.8,0.329,-0.321837064,2.65,3,0.39,2.35
1/31/83,-6,0.944,,2.03,2.3,0.33,1.94
2/28/83,-4,1.735,,2.23,1.68,0.23,1.38
3/31/83,-1.5,1.445,-0.355320381,3.32,1.55,0.04,0.95
4/30/83,1,1.181,,3.85,1.73,0.16,0.9
5/31/83,0.1,1.756,,4.24,1.52,0,0.54
6/30/83,-1,2.273,-0.331984153,3.8,0.8,-0.27,-0.11
7/31/83,0.2,1.302,,2.93,0.65,-0.4,-0.27
8/31/83,1.4,0.669,,1.37,0.13,-0.78,-0.52
9/30/83,0.7,0.702,0.221980597,0.99,-0.61,-0.89,-1.16
10/31/83,-0.2,1.032,,0.4,-1.03,-1.01,-1.29
11/30/83,0,1.389,,0.21,-0.84,-0.83,-1.03
12/31/83,0.3,1.178,0.206413887,-0.39,-0.58,-0.83,-0.67
1/31/84,1.4,1.046,,-0.88,-0.15,-0.72,-0.19
2/29/84,-0.4,1.381,,-0.87,-0.23,-0.85,-0.52
3/31/84,0.6,1.001,0.361277416,-0.23,-0.49,-0.88,-0.68
4/30/84,0.3,0.942,,-1.11,-0.93,-0.78,-0.73
5/31/84,-0.6,0.074,,-0.95,-1.17,-0.78,-0.9
6/30/84,0.3,0.098,0.441324047,-0.63,-0.78,-0.59,-0.5
7/31/84,0.7,0.505,,-0.56,-0.41,-0.62,-0.24
8/31/84,0.2,0.479,,-0.07,-0.34,-0.54,-0.34
9/30/84,-0.5,0.7,0.283557321,-0.51,-0.67,-0.74,-0.67
10/31/84,0.4,0.636,,-0.13,-0.99,-0.91,-1.19
11/30/84,-0.2,0.476,,-0.4,-1.27,-0.95,-1.34
12/31/84,-0.5,0.831,0.12133815,-0.78,-1.26,-0.64,-1.16
1/31/85,2,0.587,,-1.38,-0.9,-0.71,-0.72
2/28/85,1.3,-0.038,,-0.89,-0.78,-1.01,-0.79
3/31/85,1.9,-0.182,0.083863394,-1.37,-1.05,-1.14,-1.18
4/30/85,0.7,-0.271,,-1.88,-1.07,-0.98,-1.03
5/31/85,-0.6,0.338,,-1.27,-1.02,-0.95,-0.91
6/30/85,-0.2,0.84,0.288990709,-1.4,-1.1,-0.72,-0.74
7/31/85,1.6,0.687,,-1.23,-0.88,-0.58,-0.56
8/31/85,0,0.565,,-0.99,-0.86,-0.48,-0.7
9/30/85,-0.6,0.441,-0.077767184,-0.92,-0.8,-0.4,-0.49
10/31/85,-0.3,-0.402,,-0.79,-0.7,-0.35,-0.37
11/30/85,0.4,0.401,,-0.38,-0.73,-0.24,-0.41
12/31/85,1.6,1.053,-0.106386032,0,-0.8,-0.25,-0.66
1/31/86,-1.7,1.57,,-0.1,-0.53,-0.23,-0.71
2/28/86,0.8,1.769,,-0.73,-0.37,-0.16,-0.42
3/31/86,0.5,1.261,-0.230697735,-0.85,-0.38,-0.34,-0.33
4/30/86,-0.4,0.99,,-1.18,-0.6,-0.33,-0.53
5/31/86,1.6,0.835,,-1.08,-0.45,-0.19,-0.31
6/30/86,0.5,1.304,-0.227596836,-0.49,-0.14,-0.08,-0.11
7/31/86,-0.6,0.475,,-0.1,0.17,0.06,0.32
8/31/86,-0.8,0.617,,0.18,0.3,0.22,0.53
9/30/86,1.1,1.266,-0.648723701,0.25,0.53,0.23,0.81
10/31/86,-2,1.763,,0.36,0.78,0.38,1.01
11/30/86,-2.4,1.519,,0.6,0.92,0.32,1.12
12/31/86,-1.1,1.423,-0.523048793,0.99,1.02,0.3,1.14
1/31/87,-2.1,1.59,,0.97,1.14,0.5,1.13
2/28/87,-2.1,1.501,,1.44,1,0.47,0.98
3/31/87,-2.3,1.572,-0.400821888,1.56,0.77,0.08,0.58
4/30/87,-2.1,1.267,,1.52,0.89,0.19,0.62
5/31/87,-1.8,0.548,,0.98,0.86,0.4,0.92
6/30/87,-2.2,1.694,-0.034895238,1.03,1.11,0.49,1.29
7/31/87,-1.5,1.917,,0.82,1.45,0.59,1.57
8/31/87,-1.7,1.769,,1.1,1.66,0.78,1.65
9/30/87,-0.6,1.1,-0.527925326,1.45,1.16,0.82,1.24
10/31/87,0,1.092,,1.14,0.99,0.82,1.07
11/30/87,-0.8,0.861,,0.67,1,0.76,0.94
12/31/87,-0.2,0.399,-0.516750438,0.02,0.68,0.65,0.9
1/31/88,-0.6,0.643,,-0.31,-0.01,0.45,0.28
2/29/88,1.1,0.633,,-0.81,-0.15,0.14,0.1
3/31/88,0.2,0.475,-0.301871772,-0.83,-0.65,-0.36,-0.44
4/30/88,1.5,0.49,,-1.26,-1.57,-0.62,-1.25
5/31/88,0.1,0.307,,-1.66,-2.18,-0.88,-1.74
6/30/88,1.7,0.172,0.17407727,-1.37,-2.06,-0.94,-1.74
7/31/88,2.5,-0.362,,-1.46,-1.48,-0.77,-1.19
8/31/88,3,-0.334,,-1.29,-1.09,-0.92,-1
9/30/88,2.3,-0.05,0.408489315,-1.2,-1.55,-1.64,-1.9
10/31/88,2.8,0.056,,-0.96,-1.67,-1.73,-2.05
11/30/88,2,-0.136,,-0.75,-1.61,-1.77,-1.96
12/31/88,2.5,-0.989,0.583266679,-0.3,-1.44,-1.72,-1.97
1/31/89,2,-1.094,,-0.06,-0.96,-1.53,-1.47
2/28/89,1.8,-0.87,,-0.15,-1.01,-1.16,-1.21
3/31/89,2.7,-0.122,0.637811646,-0.09,-0.86,-1.01,-1.08
4/30/89,2,0.011,,-1.2,-0.83,-0.79,-0.88
5/31/89,1.2,0.071,,-1.08,-0.32,-0.92,-0.59
6/30/89,1.5,0.571,0.171369767,-0.79,-0.45,-0.85,-0.57
7/31/89,-0.5,-0.079,,-0.3,-0.4,-0.77,-0.53
8/31/89,0.8,-0.202,,-0.65,-0.3,-0.5,-0.3
9/30/89,1.3,-0.231,0.27709226,-0.48,-0.4,-0.45,-0.4
10/31/89,-0.4,-0.552,,-0.24,-0.59,-0.54,-0.45
11/30/89,-0.9,0,,-0.4,-0.38,-0.12,-0.13
12/31/89,-0.1,-0.254,-0.194862137,-0.48,-0.29,0.16,0.01
1/31/90,-3,-0.837,,-0.16,0.01,0.38,0.21
2/28/90,-0.7,-0.707,,-0.44,-0.28,0.31,0.04
3/31/90,0.3,0.105,-0.520594422,-0.52,-0.1,0.12,0.08
4/30/90,2,-0.047,,-0.24,0.16,-0.06,0.08
5/31/90,0.5,-0.136,,-0.3,-0.04,-0.05,-0.08
6/30/90,0.9,-0.047,-0.20392949,-0.66,0.01,0.02,0.09
7/31/90,-0.3,0.004,,-0.44,0.11,0.13,0.22
8/31/90,-1.2,0.058,,-0.49,0.12,0.22,0.22
9/30/90,0.4,-0.701,-0.458521466,-0.7,-0.14,0.39,0.21
10/31/90,-0.8,-1.439,,-0.65,-0.2,0.5,0.1
11/30/90,-0.4,-1.722,,-0.5,-0.08,0.65,0.35
12/31/90,1,-1.302,-0.886840573,-0.54,0.13,0.58,0.49
1/31/91,0.4,-0.65,,-0.38,0,0.54,0.32
2/28/91,-1.1,-0.61,,-0.21,-0.16,0.34,0.03
3/31/91,-1,-1.198,-0.936127994,-0.3,-0.05,0.34,0.19
4/30/91,-1.7,-1.176,,-0.33,0.24,0.46,0.26
5/31/91,-0.2,-1.826,,0.21,0.68,0.38,0.52
6/30/91,0,-1.171,-0.434903801,0.6,0.83,0.45,0.76
7/31/91,-0.7,-0.317,,0.37,0.51,0.47,0.68
8/31/91,-2.5,0.613,,0.46,0.36,0.33,0.42
9/30/91,-1.7,0.545,-0.377625718,0.65,0.61,0.7,0.86
10/31/91,-1.1,0.598,,0.72,0.95,0.69,1.2
11/30/91,-2.9,-0.042,,0.83,1.25,0.81,1.69
12/31/91,-4.7,0.244,-0.834508338,0.47,1.37,0.62,1.84
1/31/92,-1.5,0.27,,0.61,1.27,0.89,1.78
2/29/92,-3.3,0.207,,1.24,1.05,0.64,1.38
3/31/92,-1.7,0.615,-0.634989082,2.19,1.17,0.46,1.2
4/30/92,0.4,1.349,,2.22,1.19,0.31,1.04
5/31/92,-1,1.239,,0.85,0.55,0.27,0.58
6/30/92,-1,1.579,-0.505226381,-0.07,-0.06,0.31,0.22
7/31/92,0.6,1.113,,-0.14,-0.08,0.14,0.05
8/31/92,0.1,0.872,,0.03,-0.07,0.1,-0.06
9/30/92,-2.3,1.377,-0.737947758,0.01,-0.34,0,-0.3
10/31/92,-1.1,1.35,,-0.07,-0.46,-0.01,-0.28
11/30/92,-0.9,0.474,,-0.1,-0.36,0.07,-0.15
12/31/92,-1.5,0.01,-0.761537386,-0.01,-0.11,0.22,0.14
1/31/93,-1.2,0.312,,0.3,0.39,0.1,0.41
2/28/93,-0.8,0.545,,0.6,0.4,0.05,0.39
3/31/93,-1.9,1.123,-0.850729222,1.25,0.84,0.04,0.59
4/30/93,-0.6,1.776,,1.15,1.07,0.07,0.78
5/31/93,-1.4,1.928,,1.04,0.44,0.04,0.35
6/30/93,-1.3,1.464,-0.391161679,0.7,0.24,0.07,0.23
7/31/93,-1.6,1.962,,0.56,0.24,0.13,0.13
8/31/93,-1.2,1.437,,0.38,0.32,0.3,0.35
9/30/93,-1.8,1.478,-0.517483934,0.55,0.13,0.02,0.06
10/31/93,-0.1,1.229,,0.31,-0.01,0.09,0
11/30/93,0.3,0.752,,0.02,0.09,0.18,0.16
12/31/93,-0.2,0.945,-0.463210763,-0.09,0.2,0.11,0.1
1/31/94,0.4,0.556,,-0.33,-0.08,-0.06,0.06
2/28/94,-1.1,0.481,,-1.01,-0.35,0.05,0.11
3/31/94,-2.1,0.717,-0.281731997,-1.27,-0.38,0.11,0.26
4/30/94,-1.1,0.684,,-1.06,-0.1,0.23,0.31
5/31/94,-0.7,0.152,,-0.91,-0.06,0.26,0.32
6/30/94,-2.2,-0.472,-0.031420214,-0.87,-0.28,0.5,0.24
7/31/94,-2,-0.426,,-1.03,-0.26,0.71,0.53
8/31/94,-2.6,-0.886,,-0.15,-0.05,0.54,0.48
9/30/94,-1.9,-0.591,-0.521451162,0.8,0.52,0.69,0.75
10/31/94,-0.9,-1.428,,0.6,0.89,0.75,1.11
11/30/94,-2,-1.852,,0.86,0.82,0.92,1.25
12/31/94,-0.7,-0.578,-0.668430651,0.73,0.77,0.72,1.02
1/31/95,-0.2,0.239,,0.1,0.45,0.71,0.73
2/28/95,1.2,0.71,,-0.49,-0.03,0.71,0.46
3/31/95,-1.1,0.712,-0.457124675,-1.55,-0.4,0.52,0.28
4/30/95,-0.6,1.153,,-1.41,-0.72,0.39,-0.11
5/31/95,0.2,1.15,,-0.93,-0.55,0.21,-0.14
6/30/95,0.7,1.262,-0.348456249,-0.61,-0.44,0.03,-0.21
7/31/95,0.5,0.277,,-0.41,-0.9,-0.14,-0.63
8/31/95,0.4,1.342,,-0.28,-1.04,-0.35,-0.84
9/30/95,0,0.692,0.198055793,-0.55,-1,-0.45,-0.88
10/31/95,0.1,0.182,,-0.28,-1.07,-0.59,-1.1
11/30/95,-0.8,0.425,,-0.85,-0.98,-0.5,-0.95
12/31/95,1.6,0.947,0.176887353,-0.65,-0.81,-0.47,-0.86
1/31/96,0.4,1.068,,-0.44,-0.67,-0.52,-0.86
2/29/96,1.9,1.013,,-0.33,-0.53,-0.4,-0.61
3/31/96,1.3,1.285,-0.003783847,-1.92,-0.83,-0.46,-0.47
4/30/96,0.5,1.898,,-1.44,-0.74,-0.45,-0.38
5/31/96,1.9,1.026,,-1.89,-0.76,-0.48,-0.44
6/30/96,1.1,0.577,0.136094441,-1.26,-0.64,-0.45,-0.44
7/31/96,1.2,-0.212,,-0.87,-0.42,-0.32,-0.22
8/31/96,1,0.511,,-0.65,-0.5,-0.37,-0.45
9/30/96,1,0.717,0.187203844,-0.7,-0.59,-0.31,-0.44
10/31/96,-0.1,0.688,,-1.1,-0.66,-0.23,-0.41
11/30/96,1.5,0.22,,-1.13,-1.01,-0.19,-0.64
12/31/96,0.8,0.815,-0.022089651,-0.9,-0.89,0.01,-0.53
1/31/97,2.9,0.592,,-0.22,-0.68,0.19,-0.37
2/28/97,-0.7,0.732,,0.54,-0.35,0.24,-0.25
3/31/97,-1,0.961,-0.440593777,0.91,-0.12,0.59,0.16
4/30/97,-2.2,1.657,,2.12,0.65,0.53,0.64
5/31/97,-2.3,2.382,,3,1.51,0.26,1.09
6/30/97,-1.2,1.442,-0.546139795,3.63,2.09,0.47,1.56
7/31/97,-2.4,2.123,,3.96,2.59,0.5,1.89
8/31/97,-2.4,1.639,,3.96,2.84,0.68,2.13
9/30/97,-2.4,1.587,-0.502189773,3.67,3.08,0.58,2.36
10/31/97,-2,1.281,,4.47,3.27,0.69,2.41
11/30/97,-1.6,0.867,,4.25,3.3,0.57,2.29
12/31/97,-4.4,0.991,-0.138342576,3.55,3.08,0.64,2.38
1/31/98,-3.4,1.482,,2.64,2.49,0.59,2.03
2/28/98,-4,1.407,,2.74,1.92,0.3,1.34
3/31/98,-2.4,0.31,-0.197860034,2.68,1.64,-0.07,0.78
4/30/98,0.4,-0.355,,2.72,1.39,-0.26,0.57
5/31/98,1.6,-0.519,,2.24,0.37,-0.71,-0.39
6/30/98,2,-0.681,0.328117798,1.42,-0.38,-0.78,-0.99
7/31/98,1.9,-0.171,,0.96,-0.67,-1.02,-1.28
8/31/98,1.7,-0.867,,0.22,-0.95,-1.02,-1.26
9/30/98,1.8,-1.576,0.800225983,0.33,-0.99,-1.34,-1.46
10/31/98,1.7,-0.612,,-0.14,-0.86,-1.45,-1.46
11/30/98,2.3,-0.874,,-0.18,-1.1,-1.48,-1.69
12/31/98,3,-0.543,0.920804378,-0.78,-1.25,-1.68,-1.69
1/31/99,1.6,-0.756,,-0.54,-0.88,-1.64,-1.32
2/28/99,2.1,-0.867,,-0.04,-0.52,-1.35,-0.95
3/31/99,2.3,-1.452,1.10839763,-0.9,-0.87,-1.21,-1.11
4/30/99,0.4,-1.864,,-0.69,-0.81,-1.03,-1.15
5/31/99,0.4,-1.91,,-0.76,-0.9,-1.01,-1.19
6/30/99,0.9,-1.321,0.781630875,-0.23,-0.76,-1.14,-1.17
7/31/99,0.6,-1.189,,-0.11,-0.84,-1.1,-1.22
8/31/99,-0.1,-1.379,,-1.05,-1.11,-0.97,-1.09
9/30/99,1.6,-1.849,0.641259734,-0.86,-1.38,-0.97,-1.23
10/31/99,1.7,-1.754,,-1.23,-1.5,-1.27,-1.58
11/30/99,2.4,-1.64,,-0.64,-1.55,-1.36,-1.74
12/31/99,1.1,-1.784,0.717011039,-0.76,-1.66,-1.33,-1.77
12/31/99,1.1,0.909,0.717011039,-0.76,-1.66,-1.33,-1.77
1/31/00,2.7,0.395,,-0.62,-1.14,-1.47,-1.55
1/31/00,2.7,-0.969,,-0.62,-1.14,-1.47,-1.55
2/29/00,2.2,0.797,,-0.47,-0.5,-1.43,-0.98
2/29/00,2.2,-0.475,,-0.47,-0.5,-1.43,-0.98
3/31/00,2,1.735,0.847736413,-0.04,-0.17,-1.43,-0.87
3/31/00,2,-0.392,0.847736413,-0.04,-0.17,-1.43,-0.87
4/30/00,0.6,1.276,,-0.4,-0.37,-1.29,-0.86
4/30/00,0.6,-0.568,,-0.4,-0.37,-1.29,-0.86
5/31/00,-0.3,-0.521,,-0.38,-0.59,-0.91,-0.79
5/31/00,-0.3,1.003,,-0.38,-0.59,-0.91,-0.79
6/30/00,-0.3,1.005,0.784139011,-0.28,-0.62,-0.73,-0.67
6/30/00,-0.3,-0.903,0.784139011,-0.28,-0.62,-0.73,-0.67
7/31/00,1.2,1.246,,-0.57,-0.48,-0.62,-0.49
7/31/00,1.2,-1.102,,-0.57,-0.48,-0.62,-0.49
8/31/00,1.4,-0.23,,-0.23,-0.32,-0.49,-0.52
8/31/00,1.4,-0.811,,-0.23,-0.32,-0.49,-0.52
9/30/00,1.8,0.122,0.321405748,-0.27,-0.5,-0.65,-0.7
9/30/00,1.8,-1.082,0.321405748,-0.27,-0.5,-0.65,-0.7
10/31/00,3,-0.804,,-1.19,-0.7,-0.77,-0.79
10/31/00,3,0.657,,-1.19,-0.7,-0.77,-0.79
11/30/00,1.3,0.651,,-0.96,-0.66,-0.95,-0.92
11/30/00,1.3,0.024,,-0.96,-0.66,-0.95,-0.92
12/31/00,1.6,1.146,0.405253624,-0.63,-0.42,-0.89,-0.73
12/31/00,1.6,0.519,0.405253624,-0.63,-0.42,-0.89,-0.73
1/31/01,2.8,0.671,,-0.48,-0.28,-0.82,-0.63
1/31/01,2.8,0.145,,-0.48,-0.28,-0.82,-0.63
2/28/01,1.5,-0.035,,0.17,-0.01,-0.71,-0.48
2/28/01,1.5,-0.317,,0.17,-0.01,-0.71,-0.48
3/31/01,0.3,-0.837,0.729402899,0.18,-0.12,-0.59,-0.49
3/31/01,0.3,-0.437,0.729402899,0.18,-0.12,-0.59,-0.49
4/30/01,-0.8,-1.034,,-0.71,-0.14,-0.39,-0.34
4/30/01,-0.8,-0.755,,-0.71,-0.14,-0.39,-0.34
5/31/01,0.5,-1.072,,-0.85,-0.28,-0.17,-0.19
5/31/01,0.5,-1.02,,-0.85,-0.28,-0.17,-0.19
6/30/01,-0.3,-1.138,0.645918021,-0.58,-0.27,0.09,-0.04
6/30/01,-0.3,-1.73,0.645918021,-0.58,-0.27,0.09,-0.04
7/31/01,-0.7,-0.466,,-0.84,-0.22,0.05,-0.05
7/31/01,-0.7,-1.09,,-0.84,-0.22,0.05,-0.05
8/31/01,0.3,-1.217,,-1.13,-0.59,0.21,-0.2
8/31/01,0.3,0.092,,-1.13,-0.59,0.21,-0.2
9/30/01,-0.1,0.227,-0.042607807,-1.13,-0.43,0.19,-0.14
9/30/01,-0.1,-1.201,-0.042607807,-1.13,-0.43,0.19,-0.14
10/31/01,1.1,0.074,,-0.89,-0.68,0.08,-0.37
10/31/01,1.1,-0.793,,-0.89,-0.68,0.08,-0.37
11/30/01,-1.4,0.327,,-1.02,-0.62,0.12,-0.41
11/30/01,-1.4,-0.889,,-1.02,-0.62,0.12,-0.41
12/31/01,0.7,1.098,-0.044171539,-0.78,-0.49,0.4,-0.15
12/31/01,0.7,-0.154,-0.044171539,-0.78,-0.49,0.4,-0.15
1/31/02,1.8,-0.961,,-0.07,-0.24,0.46,-0.04
1/31/02,1.8,0.44,,-0.07,-0.24,0.46,-0.04
2/28/02,-0.4,0.3,,0.77,0.14,0.25,0.01
2/28/02,-0.4,-0.779,,0.77,0.14,0.25,0.01
3/31/02,-0.1,0.382,-0.211204513,0.82,0,0.41,0.02
3/31/02,-0.1,-0.701,-0.211204513,0.82,0,0.41,0.02
4/30/02,-1.4,1.002,,0.63,0.26,0.6,0.31
4/30/02,-1.4,-0.996,,0.63,0.26,0.6,0.31
5/31/02,-0.4,1.967,,0.38,0.57,0.64,0.72
5/31/02,-0.4,-0.868,,0.38,0.57,0.64,0.72
6/30/02,-0.8,-0.422,-0.092845217,-0.23,0.39,0.63,0.74
6/30/02,-0.8,2.492,-0.092845217,-0.23,0.39,0.63,0.74
7/31/02,-1.6,1.593,,-0.26,0.51,0.64,0.87
7/31/02,-1.6,0.285,,-0.26,0.51,0.64,0.87
8/31/02,-1,0.965,,0.2,0.86,0.61,1.09
8/31/02,-1,0.123,,0.2,0.86,0.61,1.09
9/30/02,-0.6,1.035,-0.328649638,0.37,0.99,0.65,1.25
9/30/02,-0.6,0.3,-0.328649638,0.37,0.99,0.65,1.25
10/31/02,-0.7,0.465,,0.97,1.3,0.85,1.47
10/31/02,-0.7,1.081,,0.97,1.3,0.85,1.47
11/30/02,-1.8,1.473,,1.1,1.21,0.84,1.37
11/30/02,-1.8,0.227,,1.1,1.21,0.84,1.37
12/31/02,-0.3,-0.038,-0.163262537,0.13,0.57,0.57,0.6
12/31/02,-0.3,1.442,-0.163262537,0.13,0.57,0.57,0.6
1/31/03,-1.1,0.116,,-0.12,0.44,0.69,0.64
1/31/03,-1.1,1.262,,-0.12,0.44,0.69,0.64
2/28/03,-0.5,-0.135,,-0.07,0.19,0.6,0.36
2/28/03,-0.5,1.282,,-0.07,0.19,0.6,0.36
3/31/03,-0.2,-0.934,-0.14296481,-0.56,-0.44,0.33,-0.14
3/31/03,-0.2,0.529,-0.14296481,-0.56,-0.44,0.33,-0.14
4/30/03,-0.5,-0.403,,-1.65,-0.96,-0.05,-0.61
4/30/03,-0.5,0.324,,-1.65,-0.96,-0.05,-0.61
5/31/03,-1,-0.063,,-1.35,-0.59,0.1,-0.29
5/31/03,-1,-0.182,,-1.35,-0.59,0.1,-0.29
6/30/03,0.5,1.302,0.00420186,-1.01,0.12,0.19,0.21
6/30/03,0.5,0.493,0.00420186,-1.01,0.12,0.19,0.21
7/31/03,0.2,1.152,,0.01,0.26,0.19,0.26
7/31/03,0.2,0.745,,0.01,0.26,0.19,0.26
8/31/03,-0.2,0.049,,-0.45,0.15,0.18,0.27
8/31/03,-0.2,0.601,,-0.45,0.15,0.18,0.27
9/30/03,0,0.757,-0.219179452,0.23,0.4,0.36,0.42
9/30/03,0,0.466,-0.219179452,0.23,0.4,0.36,0.42
10/31/03,-0.5,-0.187,,0.28,0.64,0.37,0.33
10/31/03,-0.5,-0.02,,0.28,0.64,0.37,0.33
11/30/03,1.8,-0.017,,0.22,0.77,0.43,0.43
11/30/03,1.8,-0.361,,0.22,0.77,0.43,0.43
12/31/03,-2.2,0.915,-0.139829533,-0.21,0.42,0.43,0.27
12/31/03,-2.2,-0.226,-0.139829533,-0.21,0.42,0.43,0.27
1/31/04,2,0.262,,-0.07,0.3,0.38,0.23
1/31/04,2,0.032,,-0.07,0.3,0.38,0.23
2/29/04,0.7,0.128,,-0.74,0.13,0.1,0.12
2/29/04,0.7,0.55,,-0.74,0.13,0.1,0.12
3/31/04,-1.5,0.108,-0.06165065,-0.57,-0.07,0.09,0.07
3/31/04,-1.5,0.095,-0.06165065,-0.57,-0.07,0.09,0.07
4/30/04,1.7,0.339,,-1.59,-0.45,0.11,0.06
4/30/04,1.7,0.496,,-1.59,-0.45,0.11,0.06
5/31/04,-1.4,-0.123,,-1.07,-0.26,0.22,0.13
5/31/04,-1.4,-0.288,,-1.07,-0.26,0.22,0.13
6/30/04,-0.8,0.056,-0.150519721,-0.78,-0.02,0.42,0.49
6/30/04,-0.8,0.032,-0.150519721,-0.78,-0.02,0.42,0.49
7/31/04,-0.5,0.292,,-0.75,0.24,0.55,0.76
7/31/04,-0.5,1.556,,-0.75,0.24,0.55,0.76
8/31/04,-0.6,1.992,,-0.27,0.45,0.69,0.81
8/31/04,-0.6,0.108,,-0.27,0.45,0.69,0.81
9/30/04,-0.1,1.767,-0.470389061,0.15,0.54,0.7,0.73
9/30/04,-0.1,-0.52,-0.470389061,0.15,0.54,0.7,0.73
10/31/04,-1.1,1.659,,0.72,0.63,0.76,0.66
10/31/04,-1.1,-0.946,,0.72,0.63,0.76,0.66
11/30/04,-1.3,-0.531,,0.36,0.69,0.87,0.74
11/30/04,-1.3,2.808,,0.36,0.69,0.87,0.74
12/31/04,0.6,-0.068,-0.385140759,-0.02,0.32,0.88,0.66
12/31/04,0.6,2.479,-0.385140759,-0.02,0.32,0.88,0.66
1/31/05,-5.2,1.301,,-0.94,-0.09,0.67,0.36
1/31/05,-5.2,0.169,,-0.94,-0.09,0.67,0.36
2/28/05,0.5,0.584,,-1.46,-0.07,0.61,0.45
2/28/05,0.5,0.795,,-1.46,-0.07,0.61,0.45
3/31/05,-1,1.684,-0.472300663,-0.42,-0.05,0.42,0.26
3/31/05,-1,0.402,-0.472300663,-0.42,-0.05,0.42,0.26
4/30/05,-1.3,1.147,,-0.38,0.16,0.29,0.3
4/30/05,-1.3,1.252,,-0.38,0.16,0.29,0.3
5/31/05,0.7,0.528,,-0.77,0.06,0.17,0.04
5/31/05,0.7,1.393,,-0.77,0.06,0.17,0.04
6/30/05,0.3,2.093,-0.097925193,-0.35,0.1,-0.11,-0.23
6/30/05,0.3,0.014,-0.097925193,-0.35,0.1,-0.11,-0.23
7/31/05,-0.6,2.066,,-0.4,0.18,-0.06,-0.05
7/31/05,-0.6,-0.198,,-0.4,0.18,-0.06,-0.05
8/31/05,0.6,1.798,,-0.74,-0.08,0.03,-0.04
8/31/05,0.6,-0.712,,-0.74,-0.08,0.03,-0.04
9/30/05,2,-0.218,-0.008986754,-1.27,-0.34,0.09,-0.06
9/30/05,2,-1.566,-0.008986754,-1.27,-0.34,0.09,-0.06
10/31/05,-0.3,-1.544,,-1.43,-1.13,-0.14,-0.59
10/31/05,-0.3,0.565,,-1.43,-1.13,-0.14,-0.59
11/30/05,0,-0.99,,-0.92,-1.22,-0.26,-0.92
11/30/05,0,-0.059,,-0.92,-1.22,-0.26,-0.92
12/31/05,2.7,1.175,0.211427699,-0.37,-0.81,-0.5,-0.91
12/31/05,2.7,0.554,0.211427699,-0.37,-0.81,-0.5,-0.91
1/31/06,0.2,1.218,,0.22,-0.35,-0.67,-0.67
1/31/06,0.2,0.507,,0.22,-0.35,-0.67,-0.67
2/28/06,2.9,-0.351,,-0.29,-0.55,-0.59,-0.71
2/28/06,2.9,0.566,,-0.29,-0.55,-0.59,-0.71
3/31/06,1.8,-0.358,0.430888956,-1.5,-0.42,-0.34,-0.32
3/31/06,1.8,0.512,0.430888956,-1.5,-0.42,-0.34,-0.32
4/30/06,-0.8,1.274,,-0.56,-0.08,-0.06,-0.09
4/30/06,-0.8,-0.284,,-0.56,-0.08,-0.06,-0.09
5/31/06,-0.4,0.719,,-0.21,-0.01,0.06,0
5/31/06,-0.4,0.091,,-0.21,-0.01,0.06,0
6/30/06,-1,1.331,0.331461255,0.2,0.01,0.2,0.01
6/30/06,-1,0.377,0.331461255,0.2,0.01,0.2,0.01
7/31/06,-1.7,0.919,,0.7,0.39,0.42,0.31
7/31/06,-1.7,-0.466,,0.7,0.39,0.42,0.31
8/31/06,-1,-0.997,,0.97,0.83,0.63,0.6
8/31/06,-1,0.188,,0.97,0.83,0.63,0.6
9/30/06,-2.1,1.005,-0.25917587,1.05,0.88,0.69,0.7
9/30/06,-2.1,-0.169,-0.25917587,1.05,0.88,0.69,0.7
10/31/06,0.1,0.629,,0.79,0.99,0.92,0.99
10/31/06,0.1,-0.442,,0.79,0.99,0.92,0.99
11/30/06,-0.5,-0.577,,0.71,1.14,0.92,1.14
11/30/06,-0.5,-0.296,,0.71,1.14,0.92,1.14
12/31/06,-1.3,-0.65,-0.433874965,0.66,0.87,0.65,0.7
12/31/06,-1.3,-0.468,-0.433874965,0.66,0.87,0.65,0.7
1/31/07,-0.1,-0.382,,0.11,0.08,0.46,0.13
1/31/07,-0.1,-0.477,,0.11,0.08,0.46,0.13
2/28/07,0.3,-1.773,,-0.64,-0.4,0.34,-0.18
2/28/07,0.3,-0.734,,-0.64,-0.4,0.34,-0.18
3/31/07,-0.2,-1.206,-0.055727103,-1.22,-0.63,0.1,-0.32
3/31/07,-0.2,-0.24,-0.055727103,-1.22,-0.63,0.1,-0.32
4/30/07,-0.2,0.446,,-1.79,-0.88,-0.08,-0.47
4/30/07,-0.2,-0.116,,-1.79,-0.88,-0.08,-0.47
5/31/07,0.9,0.747,,-1.61,-0.72,-0.07,-0.35
5/31/07,0.9,0.086,,-1.61,-0.72,-0.07,-0.35
6/30/07,-0.5,0.547,0.358428688,-0.98,-0.95,-0.22,-0.59
6/30/07,-0.5,0.642,0.358428688,-0.98,-0.95,-0.22,-0.59
7/31/07,0.7,-0.044,,-1.2,-1.18,-0.31,-0.72
7/31/07,0.7,0.185,,-1.2,-1.18,-0.31,-0.72
8/31/07,0.3,1.103,,-0.97,-1.27,-0.65,-1.11
8/31/07,0.3,-0.582,,-0.97,-1.27,-0.65,-1.11
9/30/07,1.2,1.905,0.498747815,-1.52,-1.43,-0.85,-1.39
9/30/07,1.2,-1.871,0.498747815,-1.52,-1.43,-0.85,-1.39
10/31/07,1.4,1.597,,-1.73,-1.62,-1.09,-1.54
10/31/07,1.4,-1.23,,-1.73,-1.62,-1.09,-1.54
11/30/07,2.7,-0.759,,-1.66,-1.66,-1.12,-1.58
11/30/07,2.7,1.588,,-1.66,-1.66,-1.12,-1.58
12/31/07,2.9,1.259,0.642660911,-0.48,-1.46,-1.45,-1.68
12/31/07,2.9,-1.23,0.642660911,-0.48,-1.46,-1.45,-1.68
1/31/08,4.4,1.196,,0.22,-1.24,-1.58,-1.67
1/31/08,4.4,-1.188,,0.22,-1.24,-1.58,-1.67
2/29/08,2.4,0.281,,0.39,-0.75,-1.35,-1.21
2/29/08,2.4,-0.955,,0.39,-0.75,-1.35,-1.21
3/31/08,1.1,-0.008,0.99338064,0.41,-0.46,-1.16,-0.99
3/31/08,1.1,-1.498,0.99338064,0.41,-0.46,-1.16,-0.99
4/30/08,-0.1,-1.348,,0.54,-0.25,-1.11,-0.84
4/30/08,-0.1,0.148,,0.54,-0.25,-1.11,-0.84
5/31/08,1,0.211,,0.55,-0.16,-1.01,-0.68
5/31/08,1,-1.625,,0.55,-0.16,-1.01,-0.68
6/30/08,0.5,0.293,0.682374536,0.99,0.28,-0.83,-0.3
6/30/08,0.5,-1.373,0.682374536,0.99,0.28,-0.83,-0.3
7/31/08,1.7,-0.213,,1.4,0.5,-0.75,-0.13
7/31/08,1.7,-1.218,,1.4,0.5,-0.75,-0.13
8/31/08,2,0.816,,1.02,0.3,-0.68,-0.25
8/31/08,2,-1.347,,1.02,0.3,-0.68,-0.25
9/30/08,2.1,-1.538,0.777176645,0.35,0.09,-0.59,-0.35
9/30/08,2.1,1.114,0.777176645,0.35,0.09,-0.59,-0.35
10/31/08,2.2,1.581,,-0.28,-0.12,-0.72,-0.46
10/31/08,2.2,-1.384,,-0.28,-0.12,-0.72,-0.46
11/30/08,2.4,0.829,,-0.45,-0.56,-0.81,-0.86
11/30/08,2.4,-1.266,,-0.45,-0.56,-0.81,-0.86
12/31/08,1.8,0.316,0.631978385,-0.17,-0.51,-0.95,-0.89
12/31/08,1.8,-1.619,0.631978385,-0.17,-0.51,-0.95,-0.89
1/31/09,3.1,0.542,,-0.68,-0.57,-0.85,-0.79
1/31/09,3.1,-1.464,,-0.68,-0.57,-0.85,-0.79
2/28/09,0.7,0.664,,-0.81,-0.71,-0.58,-0.69
2/28/09,0.7,-1.742,,-0.81,-0.71,-0.58,-0.69
3/31/09,1.3,0.127,0.670241621,0.41,-0.17,-0.26,-0.35
3/31/09,1.3,-1.872,0.670241621,0.41,-0.17,-0.26,-0.35
4/30/09,-0.2,-0.309,,0.34,0.29,-0.01,0.06
4/30/09,-0.2,-1.008,,0.34,0.29,-0.01,0.06
5/31/09,0.2,-0.696,,0.65,0.56,0.18,0.31
5/31/09,0.2,-0.665,,0.65,0.56,0.18,0.31
6/30/09,0.4,-0.523,0.281962102,0.75,0.69,0.29,0.48
6/30/09,0.4,-1.218,0.281962102,0.75,0.69,0.29,0.48
7/31/09,-0.3,-2.06,,0.84,0.8,0.44,0.56
7/31/09,-0.3,-0.25,,0.84,0.8,0.44,0.56
8/31/09,0.5,-1.825,,0.51,0.78,0.57,0.68
8/31/09,0.5,0.454,,0.51,0.78,0.57,0.68
9/30/09,-2,-1.213,-0.15222314,0.32,0.78,0.92,0.89
9/30/09,-2,0.078,-0.15222314,0.32,0.78,0.92,0.89
10/31/09,-1,-0.759,,0.33,1.08,1.12,1.46
10/31/09,-1,-1.438,,0.33,1.08,1.12,1.46
11/30/09,-1.2,-0.429,,0.6,1.33,1.18,1.74
11/30/09,-1.2,-2.131,,0.6,1.33,1.18,1.74
12/31/09,-1.8,-1.58,-0.501541952,0.28,1.07,1.12,1.52
12/31/09,-1.8,0.134,-0.501541952,0.28,1.07,1.12,1.52
1/31/10,-2.4,-1.159,,0.12,0.88,0.88,1.25
1/31/10,-2.4,0.361,,0.12,0.88,0.88,1.25
2/28/10,-1.1,-0.959,,0.07,0.55,0.75,0.9
2/28/10,-1.1,0.036,,0.07,0.55,0.75,0.9
3/31/10,2,-1.958,-0.356717486,-0.11,0.27,0.5,0.38
3/31/10,2,0.043,-0.356717486,-0.11,0.27,0.5,0.38
4/30/10,1.5,-0.132,,0.24,-0.17,0.1,-0.22
4/30/10,1.5,-2.125,,0.24,-0.17,0.1,-0.22
5/31/10,0.6,-0.699,,0.01,-0.71,-0.31,-0.69
5/31/10,0.6,-0.354,,0.01,-0.71,-0.31,-0.69
6/30/10,3,-0.033,0.449207553,-1.03,-1.01,-0.79,-1.07
6/30/10,3,-1.579,0.449207553,-1.03,-1.01,-0.79,-1.07
7/31/10,3,-0.494,,-1.31,-1.14,-1.25,-1.39
7/31/10,3,-1.499,,-1.31,-1.14,-1.25,-1.39
8/31/10,3.7,0.754,,-1.22,-1.29,-1.44,-1.6
8/31/10,3.7,-1.639,,-1.22,-1.29,-1.44,-1.6
9/30/10,2.9,-0.956,0.912294955,-1.28,-1.48,-1.61,-1.69
9/30/10,2.9,-1.083,0.912294955,-1.28,-1.48,-1.61,-1.69
10/31/10,2.1,-1.183,,-1.31,-1.52,-1.59,-1.64
10/31/10,2.1,-0.633,,-1.31,-1.52,-1.59,-1.64
11/30/10,4.8,-0.095,,-0.9,-1.5,-1.45,-1.6
11/30/10,4.8,-1.677,,-0.9,-1.5,-1.45,-1.6
12/31/10,3.8,-0.54,1.130387398,-0.48,-1.26,-1.4,-1.54
12/31/10,3.8,-1.469,1.130387398,-0.48,-1.26,-1.4,-1.54
1/31/11,4.5,-1.129,,-0.16,-0.77,-1.05,-1.11
1/31/11,4.5,-1.069,,-0.16,-0.77,-1.05,-1.11
2/28/11,4.2,-0.931,,-0.88,-0.73,-0.81,-0.93
2/28/11,4.2,-1.259,,-0.88,-0.73,-0.81,-0.93
3/31/11,3.1,-0.823,0.799052971,-0.19,-0.33,-0.74,-0.77
3/31/11,3.1,-0.616,0.799052971,-0.19,-0.33,-0.74,-0.77
4/30/11,0.6,-0.66,,0.11,-0.29,-0.57,-0.52
4/30/11,0.6,-0.898,,0.11,-0.29,-0.57,-0.52
5/31/11,0.4,-1.346,,0.3,-0.12,-0.51,-0.38
5/31/11,0.4,-1.445,,0.3,-0.12,-0.51,-0.38
6/30/11,1.6,-0.363,0.56613987,0.1,-0.2,-0.48,-0.43
6/30/11,1.6,-2.137,0.56613987,0.1,-0.2,-0.48,-0.43
7/31/11,0.7,0.14,,-0.21,-0.39,-0.63,-0.65
7/31/11,0.7,-1.997,,-0.21,-0.39,-0.63,-0.65
8/31/11,1.7,-1.867,,-0.74,-0.61,-0.76,-0.8
8/31/11,1.7,-0.084,,-0.74,-0.61,-0.76,-0.8
9/30/11,1.2,-0.107,0.463398218,-0.78,-1.06,-0.9,-1.05
9/30/11,1.2,-1.553,0.463398218,-0.78,-1.06,-0.9,-1.05
10/31/11,1.8,-0.329,,-0.57,-1.12,-0.9,-1.19
10/31/11,1.8,-2.48,,-0.57,-1.12,-0.9,-1.19
11/30/11,4.1,-0.858,,-0.68,-0.92,-1.01,-1.06
11/30/11,4.1,-2.184,,-0.68,-0.92,-1.01,-1.06
12/31/11,1.8,-0.3,0.677319694,-0.18,-0.57,-1.02,-0.87
12/31/11,1.8,-1.669,0.677319694,-0.18,-0.57,-1.02,-0.87
1/31/12,0.8,-1.148,,0.36,-0.19,-0.91,-0.67
1/31/12,0.8,0.088,,0.36,-0.19,-0.91,-0.67
2/29/12,1.2,-0.198,,0.16,-0.18,-0.77,-0.61
2/29/12,1.2,-1.348,,0.16,-0.18,-0.77,-0.61
3/31/12,-0.4,-0.268,0.973717286,0.9,-0.02,-0.59,-0.5
3/31/12,-0.4,-0.761,0.973717286,0.9,-0.02,-0.59,-0.5
4/30/12,0.1,0.011,,0.87,0.09,-0.52,-0.32
4/30/12,0.1,-1.626,,0.87,0.09,-0.52,-0.32
5/31/12,-0.7,0.374,,1.02,0.44,-0.39,0.02
5/31/12,-0.7,-1.426,,1.02,0.44,-0.39,0.02
6/30/12,-0.1,-1.953,0.754580378,0.4,0.57,-0.26,0.25
6/30/12,-0.1,0.299,0.754580378,0.4,0.57,-0.26,0.25
7/31/12,-0.3,0.523,,0.07,0.52,0.08,0.47
7/31/12,-0.3,-1.936,,0.07,0.52,0.08,0.47
8/31/12,0.4,1.19,,0.06,0.34,0.21,0.38
8/31/12,0.4,-2.309,,0.06,0.34,0.21,0.38
9/30/12,0.5,0.691,0.519635657,-0.37,0.02,0.31,0.26
9/30/12,0.5,-0.918,0.519635657,-0.37,0.02,0.31,0.26
10/31/12,0.4,0.113,,-0.41,-0.02,0.3,0.16
10/31/12,0.4,-0.577,,-0.41,-0.02,0.3,0.16
11/30/12,-1,-1.301,,-0.85,-0.42,0.06,-0.25
11/30/12,-1,-0.265,,-0.85,-0.42,0.06,-0.25
12/31/12,-0.1,-0.304,0.069127696,-0.68,-0.66,-0.08,-0.53
12/31/12,-0.1,-1,0.069127696,-0.68,-0.66,-0.08,-0.53
1/31/13,-0.4,0.211,,-0.73,-0.56,-0.19,-0.52
1/31/13,-0.4,-1.109,,-0.73,-0.56,-0.19,-0.52
2/28/13,2.5,-0.087,,-0.67,-0.12,-0.37,-0.25
2/28/13,2.5,-1.109,,-0.67,-0.12,-0.37,-0.25
3/31/13,0.4,-0.506,0.396627446,-1.23,-0.36,-0.27,-0.25
3/31/13,0.4,-0.556,0.396627446,-1.23,-0.36,-0.27,-0.25
4/30/13,1.3,0.201,,-1.58,-0.82,-0.23,-0.4
4/30/13,1.3,-0.294,,-1.58,-0.82,-0.23,-0.4
5/31/13,2,0.128,,-1.91,-0.89,-0.2,-0.42
5/31/13,2,-1.069,,-1.91,-0.89,-0.2,-0.42
6/30/13,1.3,0.743,0.48452951,-1.6,-0.7,-0.24,-0.39
6/30/13,1.3,-1.139,0.48452951,-1.6,-0.7,-0.24,-0.39
7/31/13,0.3,1.206,,-1.16,-0.65,-0.18,-0.38
7/31/13,0.3,-1.088,,-1.16,-0.65,-0.18,-0.38
8/31/13,0.5,-0.658,,-0.77,-0.33,-0.11,-0.18
8/31/13,0.5,0.877,,-0.77,-0.33,-0.11,-0.18
9/30/13,-0.1,-1.267,0.363620223,-0.75,-0.19,-0.04,-0.2
9/30/13,-0.1,0.617,0.363620223,-0.75,-0.19,-0.04,-0.2
10/31/13,1.2,0.505,,-0.56,-0.2,0.04,-0.14
10/31/13,1.2,-0.895,,-0.56,-0.2,0.04,-0.14
11/30/13,0.1,0.04,,-0.44,-0.13,-0.06,-0.17
11/30/13,0.1,-0.928,,-0.44,-0.13,-0.06,-0.17
12/31/13,2.4,-0.215,0.161550037,-0.01,-0.43,-0.18,-0.49
12/31/13,2.4,-0.496,0.161550037,-0.01,-0.43,-0.18,-0.49
1/31/14,0.1,-0.027,,-0.61,-0.79,0.07,-0.62
1/31/14,0.1,-0.227,,-0.61,-0.79,0.07,-0.62
2/28/14,-1.5,0.464,,-0.31,-0.32,0.28,-0.28
2/28/14,-1.5,0.294,,-0.31,-0.32,0.28,-0.28
3/31/14,1.3,0.948,-0.014412337,-0.03,0.06,0.35,0.08
3/31/14,1.3,0.526,-0.014412337,-0.03,0.06,0.35,0.08
4/30/14,0.9,0.708,,1.06,0.38,0.53,0.32
4/30/14,0.9,1.153,,1.06,0.38,0.53,0.32
5/31/14,0.3,-0.57,,1.54,0.53,0.39,0.23
5/31/14,0.3,-0.324,,1.54,0.53,0.39,0.23
6/30/14,-0.3,-0.39,0.150699617,0.98,0.31,0.14,-0.06
6/30/14,-0.3,0.4,0.150699617,0.98,0.31,0.14,-0.06
7/31/14,-1.2,0.361,,0.89,0.18,0.25,-0.03
7/31/14,-1.2,-0.251,,0.89,0.18,0.25,-0.03
8/31/14,-1.2,-0.355,,0.8,0.37,0.39,0.29
8/31/14,-1.2,0.621,,0.8,0.37,0.39,0.29
9/30/14,-1,-0.137,-0.009954952,0.69,0.58,0.48,0.44
9/30/14,-1,1.202,-0.009954952,0.69,0.58,0.48,0.44
10/31/14,-1.5,0.122,,0.8,0.77,0.73,0.75
10/31/14,-1.5,1.132,,0.8,0.77,0.73,0.75
11/30/14,-0.9,1.567,,0.41,0.68,0.76,0.71
11/30/14,-0.9,0.091,,0.41,0.68,0.76,0.71
12/31/14,-1.4,1.336,-0.10890026,-0.16,0.35,0.75,0.51
12/31/14,-1.4,-0.397,-0.10890026,-0.16,0.35,0.75,0.51
1/31/15,0.4,-0.286,,-0.53,0.05,0.87,0.42
1/31/15,0.4,1.426,,-0.53,0.05,0.87,0.42
2/28/15,-1.2,0.578,,0.09,0.1,0.9,0.47
2/28/15,-1.2,1.26,,0.09,0.1,0.9,0.47
3/31/15,-0.1,1.45,-0.436848212,1,0.63,0.98,0.7
3/31/15,-0.1,0.83,-0.436848212,1,0.63,0.98,0.7
4/30/15,-1.2,0.389,,1.55,0.94,0.94,0.92
4/30/15,-1.2,1.661,,1.55,0.94,0.94,0.92
5/31/15,-0.9,0.657,,2.19,1.45,0.92,1.18
5/31/15,-0.9,1.605,,2.19,1.45,0.92,1.18
6/30/15,-1.9,1.602,-0.561182864,2.54,1.85,0.88,1.46
6/30/15,-1.9,1.144,-0.561182864,2.54,1.85,0.88,1.46
7/31/15,-2.4,1.03,,1.65,2.09,0.99,1.93
7/31/15,-2.4,0.889,,1.65,2.09,0.99,1.93
8/31/15,-2.7,0.585,,2.28,2.5,1.06,2.21
8/31/15,-2.7,0.936,,2.28,2.5,1.06,2.21
9/30/15,-2.8,-0.727,-0.770332985,2.12,2.62,1.08,2.36
9/30/15,-2.8,0.72,-0.770332985,2.12,2.62,1.08,2.36
10/31/15,-0.8,0.067,,2.28,2.84,1.44,2.72
10/31/15,-0.8,-1.066,,2.28,2.84,1.44,2.72
11/30/15,-0.9,-0.641,,2.21,2.84,1.37,2.66
11/30/15,-0.9,0.01,,2.21,2.84,1.37,2.66
12/31/15,-3.6,-1.114,-0.529909088,1.79,2.59,1.22,2.57
12/31/15,-3.6,0.521,-0.529909088,1.79,2.59,1.22,2.57
1/31/16,-3.2,-1.116,,1.3,1.97,1.22,2.26
1/31/16,-3.2,1.113,,1.3,1.97,1.22,2.26
2/29/16,-0.1,1.447,,1.35,1.53,1.07,1.62
2/29/16,-0.1,-0.941,,1.35,1.53,1.07,1.62
3/31/16,-2,1.619,-0.23782701,0.45,0.62,0.74,0.91
3/31/16,-2,-0.339,-0.23782701,0.45,0.62,0.74,0.91
4/30/16,0.7,-0.204,,0.49,-0.03,0.53,0.3
4/30/16,0.7,1.498,,0.49,-0.03,0.53,0.3
5/31/16,1.1,-1.155,,0.64,-0.14,0.39,-0.03
5/31/16,1.1,0.676,,0.64,-0.14,0.39,-0.03
6/30/16,0.7,-1.127,0.016928112,0.25,-0.61,0.15,-0.48
6/30/16,0.7,0.478,0.016928112,0.25,-0.61,0.15,-0.48
7/31/16,1.2,-1.568,,0.24,-0.53,-0.06,-0.58
7/31/16,1.2,-0.124,,0.24,-0.53,-0.06,-0.58
8/31/16,2,-0.327,,0.57,-0.26,-0.25,-0.58
8/31/16,2,-1.476,,0.57,-0.26,-0.25,-0.58
9/30/16,-0.4,-1.452,0.280153161,0.34,-0.56,-0.44,-0.74
9/30/16,-0.4,-0.296,0.280153161,0.34,-0.56,-0.44,-0.74
10/31/16,-0.2,-2.164,,0.12,-0.62,-0.46,-0.76
10/31/16,-0.2,0.66,,0.12,-0.62,-0.46,-0.76
11/30/16,0.5,-2.274,,0.43,-0.47,-0.19,-0.5
11/30/16,0.5,0.315,,0.43,-0.47,-0.19,-0.5
12/31/16,0.3,-1.695,0.386706757,0.93,-0.08,-0.16,-0.43
12/31/16,0.3,-0.091,0.386706757,0.93,-0.08,-0.16,-0.43
1/31/17,-0.1,0.108,,1.36,0.42,-0.09,-0.08
1/31/17,-0.1,-1.624,,1.36,0.42,-0.09,-0.08
2/28/17,1.5,-1.794,,1.61,0.35,-0.03,0.03
2/28/17,1.5,0.196,,1.61,0.35,-0.03,0.03
3/31/17,-0.3,-1.591,0.275436921,1.05,0.45,0.06,0.22
3/31/17,-0.3,0.492,0.275436921,1.05,0.45,0.06,0.22
4/30/17,0.4,-1.087,,0.21,0.29,0.19,0.37
4/30/17,0.4,0.397,,0.21,0.29,0.19,0.37
5/31/17,-0.7,-0.897,,-0.24,0.06,0.32,0.34
5/31/17,-0.7,0.122,,-0.24,0.06,0.32,0.34
6/30/17,1.3,-0.445,0.26390768,-0.32,0.04,0.26,0.25
6/30/17,1.3,-0.51,0.26390768,-0.32,0.04,0.26,0.25
7/31/17,0.9,-0.219,,-0.34,-0.25,0.08,-0.16
7/31/17,0.9,-0.334,,-0.34,-0.25,0.08,-0.16
8/31/17,1,-0.697,,-0.81,-0.72,-0.04,-0.43
8/31/17,1,0.038,,-0.81,-0.72,-0.04,-0.43
9/30/17,1.5,-1.155,0.433228893,-0.81,-0.72,-0.2,-0.56
9/30/17,1.5,-0.46,0.433228893,-0.81,-0.72,-0.2,-0.56
10/31/17,1.5,-0.935,,-1.2,-1.08,-0.4,-0.97
10/31/17,1.5,-0.547,,-1.2,-1.08,-0.4,-0.97
11/30/17,-0.2,-0.23,,-1.42,-1.22,-0.52,-0.98
11/30/17,-0.2,-0.584,,-1.42,-1.22,-0.52,-0.98
12/31/17,1.8,0.153,0.385663368,-1.12,-1.18,-0.44,-0.98
12/31/17,1.8,0.174,0.385663368,-1.12,-1.18,-0.44,-0.98
1/31/18,-0.8,-0.208,,-0.97,-0.9,-0.35,-0.78
1/31/18,-0.8,-0.194,,-0.97,-0.9,-0.35,-0.78
2/28/18,2.4,-0.725,,-1.35,-0.93,-0.22,-0.8
2/28/18,2.4,-0.549,,-1.35,-0.93,-0.22,-0.8
3/31/18,0.8,-0.606,0.376530796,-1.03,-0.62,0.02,-0.51
3/31/18,0.8,-0.511,0.376530796,-1.03,-0.62,0.02,-0.51
4/30/18,0.6,-0.301,,-0.75,-0.33,0.16,-0.2
4/30/18,0.6,-0.761,,-0.75,-0.33,0.16,-0.2
5/31/18,-0.2,-0.404,,-0.72,0.01,0.24,0.04
5/31/18,-0.2,-0.713,,-0.72,0.01,0.24,0.04
6/30/18,0.4,0.066,-0.068677712,-0.4,0.11,0.23,0.12
6/30/18,0.4,-0.07,-0.068677712,-0.4,0.11,0.23,0.12
7/31/18,-0.5,0.292,,-0.27,-0.06,0.45,0.09
7/31/18,-0.5,-0.123,,-0.27,-0.06,0.45,0.09
8/31/18,-1.5,-0.138,,-0.08,0.35,0.58,0.47
8/31/18,-1.5,0.643,,-0.08,0.35,0.58,0.47
9/30/18,0.6,-0.432,-0.26982546,0.16,0.75,0.95,0.9
9/30/18,0.6,1.407,-0.26982546,0.16,0.75,0.95,0.9
10/31/18,-0.1,1.223,,0.81,0.9,0.92,0.9
10/31/18,-0.1,-0.53,,0.81,0.9,0.92,0.9
11/30/18,1.7,0.364,,1.05,0.92,0.91,0.89
11/30/18,1.7,-0.231,,1.05,0.92,0.91,0.89
12/31/18,-0.1,0.354,-0.318862206,0.83,0.6,0.76,0.65
12/31/18,-0.1,-0.307,-0.318862206,0.83,0.6,0.76,0.65
1/31/19,-2.3,-0.009,,0.52,0.59,0.71,0.71
1/31/19,-2.3,-0.51,,0.52,0.59,0.71,0.71
2/28/19,-0.5,-0.218,,0.12,0.64,0.64,0.81
2/28/19,-0.5,-0.375,,0.12,0.64,0.64,0.81
3/31/19,0.2,-0.395,-0.355845007,0.3,0.55,0.52,0.62
3/31/19,0.2,0.201,-0.355845007,0.3,0.55,0.52,0.62
4/30/19,-0.7,-0.834,,0.2,0.5,0.54,0.55
4/30/19,-0.7,0.436,,0.2,0.5,0.54,0.55
5/31/19,-0.7,-1.216,,-0.34,0.2,0.61,0.45
5/31/19,-0.7,0.023,,-0.34,0.2,0.61,0.45
6/30/19,-0.6,-1.286,-0.060305913,-0.69,-0.1,0.76,0.35
6/30/19,-0.6,0.531,-0.060305913,-0.69,-0.1,0.76,0.35
7/31/19,-0.2,0.238,,-0.76,-0.32,0.65,0.04
7/31/19,-0.2,-0.448,,-0.76,-0.32,0.65,0.04
8/31/19,-1.9,0.115,,-0.71,-0.27,0.58,0.03
8/31/19,-1.9,0.168,,-0.71,-0.27,0.58,0.03
9/30/19,-0.6,-0.112,-0.385162767,-0.74,0.16,0.75,0.48
9/30/19,-0.6,-0.705,-0.385162767,-0.74,0.16,0.75,0.48
10/31/19,-1.4,-0.569,,-0.11,0.33,0.76,0.52
10/31/19,-1.4,-0.354,,-0.11,0.33,0.76,0.52
11/30/19,-0.9,0.009,,-0.04,0.24,0.87,0.52
11/30/19,-0.9,-0.448,,-0.04,0.24,0.87,0.52
12/31/19,0.3,-1.211,-0.348172042,-0.37,0.22,0.85,0.6
12/31/19,0.3,-1.089,-0.348172042,-0.37,0.22,0.85,0.6
1/31/20,-0.1,-0.685,,0.02,0.1,0.78,0.37
1/31/20,-0.1,-1.14,,0.02,0.1,0.78,0.37
2/29/20,-0.2,-0.571,,-0.06,0.2,0.75,0.48
2/29/20,-0.2,-1.427,,-0.06,0.2,0.75,0.48
3/31/20,0.3,-0.815,-0.202742505,0.28,0.27,0.52,0.36
3/31/20,0.3,-1.085,-0.202742505,0.28,0.27,0.52,0.36
4/30/20,0.7,-0.457,,-0.14,-0.33,0.09,-0.27
4/30/20,0.7,-0.538,,-0.14,-0.33,0.09,-0.27
5/31/20,-0.6,-0.813,,-0.7,-0.69,0.12,-0.34
5/31/20,-0.6,-0.726,,-0.7,-0.69,0.12,-0.34
6/30/20,0.7,-0.877,0.282564108,-1.28,-0.59,-0.01,-0.3
6/30/20,0.7,-0.938,0.282564108,-1.28,-0.59,-0.01,-0.3
7/31/20,1.8,-1.296,,-1.05,-0.61,-0.31,-0.59
7/31/20,1.8,-1.24,,-1.05,-0.61,-0.31,-0.59
8/31/20,1.5,-1.388,,-1.22,-0.99,-0.55,-0.83
8/31/20,1.5,-1.053,,-1.22,-0.99,-0.55,-0.83
9/30/20,0.8,-1.154,0.646153787,-0.6,-1.1,-0.8,-1.26
9/30/20,0.8,-0.687,0.646153787,-0.6,-1.1,-0.8,-1.26
10/31/20,1.1,-0.476,,-0.58,-1.21,-0.9,-1.42
10/31/20,1.1,-1.498,,-0.58,-1.21,-0.9,-1.42
11/30/20,3,-0.638,,-0.6,-0.82,-1,-1.15
11/30/20,3,-0.956,,-0.6,-0.82,-1,-1.15
12/31/20,3.2,-1.021,0.647153224,-0.88,-0.62,-1.05,-1
12/31/20,3.2,-0.562,0.647153224,-0.88,-0.62,-1.05,-1
1/31/21,2.5,-1.297,,-0.86,-0.73,-0.96,-1
1/31/21,2.5,-0.871,,-0.86,-0.73,-0.96,-1
2/28/21,0.6,-1.332,,-0.75,-0.69,-0.65,-0.8
2/28/21,0.6,-0.687,,-0.75,-0.69,-0.65,-0.8
3/31/21,0.6,-1.459,1.02440314,-0.94,-0.79,-0.43,-0.72
3/31/21,0.6,-1.439,1.02440314,-0.94,-0.79,-0.43,-0.72
4/30/21,0.8,-1.257,,-0.79,-0.56,-0.21,-0.46
4/30/21,0.8,-1.616,,-0.79,-0.56,-0.21,-0.46
5/31/21,0.7,-0.986,,-0.37,-0.32,-0.14,-0.28
5/31/21,0.7,-1.655,,-0.37,-0.32,-0.14,-0.28
6/30/21,2.3,-1.573,0.544366961,-0.21,-0.32,-0.23,-0.39
6/30/21,2.3,-1.076,0.544366961,-0.21,-0.32,-0.23,-0.39
7/31/21,1,-0.777,,-0.29,-0.45,-0.28,-0.53
7/31/21,1,-1.235,,-0.29,-0.45,-0.28,-0.53
8/31/21,1.3,-1.098,,-0.7,-0.43,-0.54,-0.55
8/31/21,1.3,-1.626,,-0.7,-0.43,-0.54,-0.55
9/30/21,1.2,-1.164,0.619163129,-0.87,-0.78,-0.73,-0.94
9/30/21,1.2,-2.683,0.619163129,-0.87,-0.78,-0.73,-0.94
10/31/21,1.6,-0.562,,-1.12,-1.03,-0.68,-0.94
10/31/21,1.6,-2.469,,-1.12,-1.03,-0.68,-0.94
11/30/21,2.5,-0.097,,-1.69,-1.27,-0.74,-1.06
11/30/21,2.5,-2.419,,-1.69,-1.27,-0.74,-1.06
12/31/21,0.8,-2.052,0.725683143,-1.11,-1.31,-0.37,-0.94
12/31/21,0.8,-0.179,0.725683143,-1.11,-1.31,-0.37,-0.94
1/31/22,1.8,-1.024,,-1.58,-1.14,-0.37,-0.89
1/31/22,1.8,-1.584,,-1.58,-1.14,-0.37,-0.89
2/28/22,2.9,-1.27,,-0.76,-0.73,-0.69,-0.97
2/28/22,2.9,-1.361,,-0.76,-0.73,-0.69,-0.97
3/31/22,2.8,-1.427,0.421704404,-1.4,-0.92,-0.83,-1.11
3/31/22,2.8,-1.805,0.421704404,-1.4,-0.92,-0.83,-1.11
4/30/22,2.4,-1.436,,-1.66,-1.05,-0.8,-1.11
4/30/22,2.4,-2.033,,-1.66,-1.05,-0.8,-1.11
5/31/22,2.8,-1.406,,-1.49,-0.81,-0.7,-0.75
5/31/22,2.8,-0.853,,-1.49,-0.81,-0.7,-0.75
6/30/22,1.3,-0.422,0.553387832,-1.2,-0.53,-0.98,-0.69
6/30/22,1.3,-2.263,0.553387832,-1.2,-0.53,-0.98,-0.69
7/31/22,1.7,-0.095,,-0.6,-0.67,-1.09,-0.97
7/31/22,1.7,-1.947,,-0.6,-0.67,-1.09,-0.97
8/31/22,2.7,-0.15,,-1.02,-0.96,-1.17,-1.07
8/31/22,2.7,-1.724,,-1.02,-0.96,-1.17,-1.07
9/30/22,2.8,-0.053,0.841272743,-1.78,-1.11,-1.12,-0.99
9/30/22,2.8,-1.364,0.841272743,-1.78,-1.11,-1.12,-0.99
10/31/22,0.5,-1.987,,-1.13,-0.94,-0.99,-0.9
10/31/22,0.5,-0.483,,-1.13,-0.94,-0.99,-0.9
11/30/22,3.5,0.2,,-0.46,-0.82,-0.84,-0.85
11/30/22,3.5,-1.837,,-0.46,-0.82,-0.84,-0.85
12/31/22,2.3,0.1,0.837856279,-0.56,-0.56,-0.66,-0.72
12/31/22,2.3,-0.948,0.837856279,-0.56,-0.56,-0.66,-0.72
1/31/23,2.3,-0.658,,0.48,-0.1,-0.55,-0.46
1/31/23,2.3,-1.274,,0.48,-0.1,-0.55,-0.46
2/28/23,0.3,-0.785,,1.49,0.3,-0.25,-0.11
2/28/23,0.3,-1.892,,1.49,0.3,-0.25,-0.11
3/31/23,0.4,-0.301,0.684475136,2.62,0.47,0.13,0.14
3/31/23,0.4,-2.472,0.684475136,2.62,0.47,0.13,0.14
4/30/23,-1.7,0.36,,2.22,0.84,0.3,0.46
4/30/23,-1.7,-1.949,,2.22,0.84,0.3,0.46
5/31/23,0.4,-0.8,,2.5,1.26,0.58,0.84
5/31/23,0.4,-2.15,,2.5,1.26,0.58,0.84
6/30/23,-0.4,0.592,0.432501143,2.98,1.6,0.7,1.02
6/30/23,-0.4,-2.132,0.432501143,2.98,1.6,0.7,1.02
7/31/23,-1.4,0.336,,3.29,2,0.93,1.35
7/31/23,-1.4,-1.965,,3.29,2,0.93,1.35
8/31/23,-2.1,-2.389,,2.42,2.1,1.12,1.6
8/31/23,-2.1,0.063,,2.42,2.1,1.12,1.6
9/30/23,-0.8,-2.019,-0.008312713,2.32,2.15,1.23,1.72
9/30/23,-0.8,0.389,-0.008312713,2.32,2.15,1.23,1.72
10/31/23,-1.3,-0.134,,2.07,2.1,1.51,2.02
10/31/23,-1.3,-1.621,,2.07,2.1,1.51,2.02
11/30/23,-0.4,-0.252,,1.61,2.02,1.5,2.03
11/30/23,-0.4,-1.68,,1.61,2.02,1.5,2.03
12/31/23,0.8,-0.742,-0.144609879,1.29,1.85,1.54,1.81
12/31/23,0.8,-1.401,-0.144609879,1.29,1.85,1.54,1.81
1/31/24,-2.3,-0.801,,1.12,1.52,1.26,1.52
1/31/24,-2.3,-1.073,,1.12,1.52,1.26,1.52
2/29/24,0.6,-1.261,,0.25,0.83,0.99,1.13
2/29/24,0.6,-0.443,,0.25,0.83,0.99,1.13
3/31/24,-0.3,-0.835,-0.041668767,-0.2,0.5,0.92,0.77
3/31/24,-0.3,-1.691,-0.041668767,-0.2,0.5,0.92,0.77
4/30/24,0.8,-0.132,,-1.16,-0.19,0.79,0.23
4/30/24,0.8,-2.607,,-1.16,-0.19,0.79,0.23
5/31/24,0.1,-0.09,,-0.95,-0.27,0.7,0.17
5/31/24,0.1,-2.744,,-0.95,-0.27,0.7,0.17
6/30/24,-1.2,-2.303,0.105748927,-0.78,-0.14,0.51,0.04
6/30/24,-1.2,-0.409,0.105748927,-0.78,-0.14,0.51,0.04
7/31/24,1.5,-2.079,,-0.42,-0.29,0.41,-0.12
7/31/24,1.5,-0.771,,-0.42,-0.29,0.41,-0.12
8/31/24,-0.2,-1.29,,-0.75,-0.2,0.15,-0.26
8/31/24,-0.2,-2.651,,-0.75,-0.2,0.15,-0.26
9/30/24,0.8,-1.755,0.211452968,-0.32,-0.16,0.12,-0.27
9/30/24,0.8,-3.043,0.211452968,-0.32,-0.16,0.12,-0.27
10/31/24,0.8,-1.393,,0.05,-0.16,0.12,-0.25
10/31/24,0.8,-2.629,,0.05,-0.16,0.12,-0.25
11/30/24,1.9,-0.542,,-0.03,-0.38,-0.24,-0.56
11/30/24,1.9,-1.791,,-0.03,-0.38,-0.24,-0.56
12/31/24,,-1.08,0.449369954,,,,
12/31/24,,-1.169,0.449369954,,,,
1/31/25,,-0.856,,,,,
1/31/25,,-1.111,,,,,
2/28/25,,-0.735,,,,,
2/28/25,,-0.889,,,,,
3/31/25,,-1.012,1.00109802,,,,
3/31/25,,-1.015,1.00109802,,,,
4/30/25,,-0.441,,,,,
4/30/25,,-1.595,,,,,
5/31/25,,-2.653,,,,,
5/31/25,,-0.765,,,,,
6/30/25,,-0.33,0.595729189,,,,
6/30/25,,-3.547,0.595729189,,,,
7/31/25,,-0.127,,,,,
7/31/25,,-2.665,,,,,
8/31/25,,0.445,,,,,
8/31/25,,-2.025,,,,,
9/30/25,,0.572,,,,,
9/30/25,,-9999,,,,,
10/31/25,,-9999,,,,,
10/31/25,,0.943,,,,,
11/30/25,,0.662,,,,,
11/30/25,,-9999,,,,,
12/31/25,,0.873,,,,,
1/31/26,,1.08,,,,,
2/28/26,,1.156,,,,,
3/31/26,,1.766,,,,,
4/30/26,,2.209,,,,,
5/31/26,,1.518,,,,,
6/30/26,,2.102,,,,,
7/31/26,,1.798,,,,,
8/31/26,,1.632,,,,,
9/30/26,,1.569,,,,,
10/31/26,,2.023,,,,,
11/30/26,,1.632,,,,,
12/31/26,,0.713,,,,,
1/31/27,,1.134,,,,,
2/28/27,,0.776,,,,,
3/31/27,,0.163,,,,,
4/30/27,,0.137,,,,,
5/31/27,,0.485,,,,,
6/30/27,,-0.171,,,,,
7/31/27,,-0.252,,,,,
8/31/27,,0.266,,,,,
9/30/27,,-0.457,,,,,
10/31/27,,-0.285,,,,,
11/30/27,,-0.24,,,,,
12/31/27,,0.282,,,,,
1/31/28,,0.556,,,,,
2/29/28,,0.815,,,,,
3/31/28,,0.526,,,,,
4/30/28,,0.654,,,,,
5/31/28,,1.037,,,,,
6/30/28,,-0.289,,,,,
7/31/28,,-0.446,,,,,
8/31/28,,-1.223,,,,,
9/30/28,,-0.769,,,,,
10/31/28,,0.203,,,,,
11/30/28,,0.387,,,,,
12/31/28,,0.496,,,,,
1/31/29,,0.032,,,,,
2/28/29,,-0.051,,,,,
3/31/29,,0.276,,,,,
4/30/29,,0.346,,,,,
5/31/29,,0.314,,,,,
6/30/29,,0.054,,,,,
7/31/29,,0.107,,,,,
8/31/29,,0.912,,,,,
9/30/29,,0.955,,,,,
10/31/29,,0.616,,,,,
11/30/29,,1.37,,,,,
12/31/29,,0.892,,,,,
1/31/30,,0.589,,,,,
2/28/30,,0.292,,,,,
3/31/30,,0.292,,,,,
4/30/30,,0.146,,,,,
5/31/30,,0.021,,,,,
6/30/30,,0.171,,,,,
7/31/30,,0.152,,,,,
8/31/30,,0.691,,,,,
9/30/30,,0.321,,,,,
10/31/30,,0.081,,,,,
11/30/30,,0.539,,,,,
12/31/30,,0.834,,,,,
1/31/31,,0.752,,,,,
2/28/31,,0.869,,,,,
3/31/31,,1.459,,,,,
4/30/31,,2.018,,,,,
5/31/31,,1.764,,,,,
6/30/31,,2.081,,,,,
7/31/31,,1.172,,,,,
8/31/31,,1.067,,,,,
9/30/31,,0.344,,,,,
10/31/31,,-0.123,,,,,
11/30/31,,-0.756,,,,,
12/31/31,,-1.01,,,,,
1/31/32,,-1.253,,,,,
2/29/32,,-0.427,,,,,
3/31/32,,0.509,,,,,
4/30/32,,0.02,,,,,
5/31/32,,-0.187,,,,,
6/30/32,,-0.126,,,,,
7/31/32,,-0.041,,,,,
8/31/32,,-0.76,,,,,
9/30/32,,-0.055,,,,,
10/31/32,,-0.427,,,,,
11/30/32,,-0.14,,,,,
12/31/32,,-0.842,,,,,
1/31/33,,-1.017,,,,,
2/28/33,,-1.116,,,,,
3/31/33,,-0.883,,,,,
4/30/33,,-1.534,,,,,
5/31/33,,-2.022,,,,,
6/30/33,,-2.517,,,,,
7/31/33,,-2.138,,,,,
8/31/33,,-2.303,,,,,
9/30/33,,-1.486,,,,,
10/31/33,,-0.459,,,,,
11/30/33,,-0.746,,,,,
12/31/33,,-0.6,,,,,
1/31/34,,-0.017,,,,,
2/28/34,,0.562,,,,,
3/31/34,,1.07,,,,,
4/30/34,,0.724,,,,,
5/31/34,,-0.134,,,,,
6/30/34,,0.206,,,,,
7/31/34,,1.171,,,,,
8/31/34,,1.093,,,,,
9/30/34,,1.749,,,,,
10/31/34,,1.439,,,,,
11/30/34,,1.105,,,,,
12/31/34,,0.417,,,,,
1/31/35,,0.081,,,,,
2/28/35,,-0.252,,,,,
3/31/35,,0.243,,,,,
4/30/35,,0.81,,,,,
5/31/35,,1.15,,,,,
6/30/35,,0.516,,,,,
7/31/35,,0.516,,,,,
8/31/35,,0.614,,,,,
9/30/35,,0.73,,,,,
10/31/35,,0.486,,,,,
11/30/35,,1.305,,,,,
12/31/35,,1.747,,,,,
1/31/36,,1.416,,,,,
2/29/36,,1.001,,,,,
3/31/36,,1.159,,,,,
4/30/36,,1.541,,,,,
5/31/36,,2.028,,,,,
6/30/36,,2.48,,,,,
7/31/36,,1.988,,,,,
8/31/36,,1.202,,,,,
9/30/36,,2.043,,,,,
10/31/36,,2.589,,,,,
11/30/36,,1.343,,,,,
12/31/36,,0.156,,,,,
1/31/37,,-0.187,,,,,
2/28/37,,-0.014,,,,,
3/31/37,,-0.403,,,,,
4/30/37,,-0.019,,,,,
5/31/37,,1.383,,,,,
6/30/37,,0.137,,,,,
7/31/37,,-0.254,,,,,
8/31/37,,0.239,,,,,
9/30/37,,0.59,,,,,
10/31/37,,0.868,,,,,
11/30/37,,0.809,,,,,
12/31/37,,1.14,,,,,
1/31/38,,0.063,,,,,
2/28/38,,-0.397,,,,,
3/31/38,,-0.081,,,,,
4/30/38,,-0.488,,,,,
5/31/38,,-0.439,,,,,
6/30/38,,-0.23,,,,,
7/31/38,,-0.187,,,,,
8/31/38,,0.066,,,,,
9/30/38,,0.819,,,,,
10/31/38,,0.007,,,,,
11/30/38,,0.683,,,,,
12/31/38,,0.578,,,,,
1/31/39,,-0.25,,,,,
2/28/39,,-0.647,,,,,
3/31/39,,-0.007,,,,,
4/30/39,,0.176,,,,,
5/31/39,,0.075,,,,,
6/30/39,,-0.683,,,,,
7/31/39,,-0.59,,,,,
8/31/39,,-0.9,,,,,
9/30/39,,-0.998,,,,,
10/31/39,,-0.729,,,,,
11/30/39,,1.16,,,,,
12/31/39,,1.661,,,,,
1/31/40,,1.411,,,,,
2/29/40,,1.794,,,,,
3/31/40,,2.133,,,,,
4/30/40,,1.983,,,,,
5/31/40,,2.301,,,,,
6/30/40,,2.083,,,,,
7/31/40,,1.711,,,,,
8/31/40,,1.543,,,,,
9/30/40,,1.442,,,,,
10/31/40,,1.717,,,,,
11/30/40,,2.425,,,,,
12/31/40,,2.584,,,,,
1/31/41,,2.77,,,,,
2/28/41,,2.392,,,,,
3/31/41,,2.417,,,,,
4/30/41,,2.232,,,,,
5/31/41,,2.931,,,,,
6/30/41,,2.971,,,,,
7/31/41,,3.202,,,,,
8/31/41,,2.238,,,,,
9/30/41,,1.456,,,,,
10/31/41,,1.641,,,,,
11/30/41,,2.098,,,,,
12/31/41,,2.144,,,,,
1/31/42,,1.718,,,,,
2/28/42,,1.176,,,,,
3/31/42,,1.181,,,,,
4/30/42,,0.832,,,,,
5/31/42,,1.023,,,,,
6/30/42,,0.832,,,,,
7/31/42,,0.87,,,,,
8/31/42,,0.509,,,,,
9/30/42,,0.452,,,,,
10/31/42,,-0.063,,,,,
11/30/42,,-0.877,,,,,
12/31/42,,-1.402,,,,,
1/31/43,,-0.746,,,,,
2/28/43,,0.156,,,,,
3/31/43,,1.102,,,,,
4/30/43,,0.576,,,,,
5/31/43,,-0.169,,,,,
6/30/43,,-0.077,,,,,
7/31/43,,-1.249,,,,,
8/31/43,,-1.046,,,,,
9/30/43,,-1.181,,,,,
10/31/43,,-0.264,,,,,
11/30/43,,1.512,,,,,
12/31/43,,1.255,,,,,
1/31/44,,0.224,,,,,
2/29/44,,-0.24,,,,,
3/31/44,,-0.442,,,,,
4/30/44,,-1.175,,,,,
5/31/44,,-1.658,,,,,
6/30/44,,-1.116,,,,,
7/31/44,,-0.457,,,,,
8/31/44,,-1.116,,,,,
9/30/44,,-0.88,,,,,
10/31/44,,-0.382,,,,,
11/30/44,,-0.349,,,,,
12/31/44,,0.05,,,,,
1/31/45,,-0.025,,,,,
2/28/45,,0.247,,,,,
3/31/45,,-0.026,,,,,
4/30/45,,-0.06,,,,,
5/31/45,,0.402,,,,,
6/30/45,,0.762,,,,,
7/31/45,,0.207,,,,,
8/31/45,,0.214,,,,,
9/30/45,,0.15,,,,,
10/31/45,,-0.841,,,,,
11/30/45,,-1.488,,,,,
12/31/45,,-0.93,,,,,
1/31/46,,0.506,,,,,
2/28/46,,0.704,,,,,
3/31/46,,0.72,,,,,
4/30/46,,-0.132,,,,,
5/31/46,,-0.386,,,,,
6/30/46,,0.347,,,,,
7/31/46,,0.158,,,,,
8/31/46,,0.249,,,,,
9/30/46,,-0.603,,,,,
10/31/46,,-1.237,,,,,
11/30/46,,-1.428,,,,,
12/31/46,,0.023,,,,,
1/31/47,,0.461,,,,,
2/28/47,,0.705,,,,,
3/31/47,,0.464,,,,,
4/30/47,,-0.005,,,,,
5/31/47,,0.951,,,,,
6/30/47,,0.736,,,,,
7/31/47,,0.8,,,,,
8/31/47,,0.575,,,,,
9/30/47,,1.415,,,,,
10/31/47,,0.673,,,,,
11/30/47,,0.159,,,,,
12/31/47,,0.117,,,,,
1/31/48,,-0.23,,,,,
2/29/48,,-0.884,,,,,
3/31/48,,-0.733,,,,,
4/30/48,,-1.298,,,,,
5/31/48,,-0.029,,,,,
6/30/48,,0.012,,,,,
7/31/48,,-0.516,,,,,
8/31/48,,-0.768,,,,,
9/30/48,,-1.391,,,,,
10/31/48,,-0.744,,,,,
11/30/48,,-1.795,,,,,
12/31/48,,-2.345,,,,,
1/31/49,,-2.615,,,,,
2/28/49,,-1.447,,,,,
3/31/49,,-1.208,,,,,
4/30/49,,-0.918,,,,,
5/31/49,,-0.753,,,,,
6/30/49,,-0.898,,,,,
7/31/49,,-0.987,,,,,
8/31/49,,-0.948,,,,,
9/30/49,,-1.574,,,,,
10/31/49,,-0.767,,,,,
11/30/49,,-0.699,,,,,
12/31/49,,-1.317,,,,,
1/31/50,,-1.654,,,,,
2/28/50,,-1.346,,,,,
3/31/50,,-1.402,,,,,
4/30/50,,-2.424,,,,,
5/31/50,,-1.798,,,,,
6/30/50,,-2.62,,,,,
7/31/50,,-1.74,,,,,
8/31/50,,-1.401,,,,,
9/30/50,,-1.328,,,,,
10/31/50,,-1.106,,,,,
11/30/50,,-0.766,,,,,
12/31/50,,-0.803,,,,,
1/31/51,,-1.14,,,,,
2/28/51,,-1.29,,,,,
3/31/51,,-0.883,,,,,
4/30/51,,-0.648,,,,,
5/31/51,,-1.142,,,,,
6/30/51,,0.143,,,,,
7/31/51,,-1.048,,,,,
8/31/51,,-0.129,,,,,
9/30/51,,0.074,,,,,
10/31/51,,-0.145,,,,,
11/30/51,,-1.321,,,,,
12/31/51,,-2.005,,,,,
1/31/52,,-1.153,,,,,
2/29/52,,-1.49,,,,,
3/31/52,,-1.498,,,,,
4/30/52,,-1.393,,,,,
5/31/52,,-1.647,,,,,
6/30/52,,-1.458,,,,,
7/31/52,,-0.814,,,,,
8/31/52,,-0.666,,,,,
9/30/52,,-0.322,,,,,
10/31/52,,-0.163,,,,,
11/30/52,,-0.564,,,,,
12/31/52,,-0.091,,,,,
1/31/53,,-0.252,,,,,
2/28/53,,-0.966,,,,,
3/31/53,,-0.628,,,,,
4/30/53,,-0.177,,,,,
5/31/53,,-0.179,,,,,
6/30/53,,0.354,,,,,
7/31/53,,-0.41,,,,,
8/31/53,,-0.581,,,,,
9/30/53,,-0.845,,,,,
10/31/53,,-0.231,,,,,
11/30/53,,-0.023,,,,,
12/31/53,,-0.774,,,,,
1/31/54,,-0.605,,,,,
2/28/54,,-0.732,,,,,
3/31/54,,-0.702,,,,,
4/30/54,,-0.211,,,,,
5/31/54,,0.592,,,,,
6/30/54,,0.095,,,,,
7/31/54,,0.148,,,,,
8/31/54,,-0.499,,,,,
9/30/54,,0.4,,,,,
10/31/54,,1.003,,,,,
11/30/54,,0.461,,,,,
12/31/54,,-0.067,,,,,
1/31/55,,-0.649,,,,,
2/28/55,,-0.909,,,,,
3/31/55,,-1.645,,,,,
4/30/55,,-1.435,,,,,
5/31/55,,-1.903,,,,,
6/30/55,,-2.218,,,,,
7/31/55,,-1.946,,,,,
8/31/55,,-1.829,,,,,
9/30/55,,-2.564,,,,,
10/31/55,,-1.957,,,,,
11/30/55,,-1.64,,,,,
12/31/55,,-1.61,,,,,
1/31/56,,-1.643,,,,,
2/29/56,,-2.328,,,,,
3/31/56,,-2.007,,,,,
4/30/56,,-1.241,,,,,
5/31/56,,-1.865,,,,,
6/30/56,,-1.227,,,,,
7/31/56,,-0.532,,,,,
8/31/56,,-0.039,,,,,
9/30/56,,-1.23,,,,,
10/31/56,,-1.884,,,,,
11/30/56,,-1.005,,,,,
12/31/56,,-1.018,,,,,
1/31/57,,-1.22,,,,,
2/28/57,,-0.55,,,,,
3/31/57,,-0.417,,,,,
4/30/57,,0.226,,,,,
5/31/57,,1.313,,,,,
6/30/57,,0.498,,,,,
7/31/57,,0.273,,,,,
8/31/57,,1.691,,,,,
9/30/57,,1.591,,,,,
10/31/57,,1.493,,,,,
11/30/57,,0.405,,,,,
12/31/57,,0.706,,,,,
1/31/58,,0.872,,,,,
2/28/58,,0.683,,,,,
3/31/58,,0.675,,,,,
4/30/58,,1.393,,,,,
5/31/58,,1.548,,,,,
6/30/58,,0.785,,,,,
7/31/58,,1.169,,,,,
8/31/58,,0.922,,,,,
9/30/58,,0.398,,,,,
10/31/58,,0.407,,,,,
11/30/58,,1.074,,,,,
12/31/58,,1.075,,,,,
1/31/59,,0.541,,,,,
2/28/59,,0.058,,,,,
3/31/59,,0.119,,,,,
4/30/59,,0.208,,,,,
5/31/59,,0.254,,,,,
6/30/59,,-0.118,,,,,
7/31/59,,0.002,,,,,
8/31/59,,-0.182,,,,,
9/30/59,,1.083,,,,,
10/31/59,,1.38,,,,,
11/30/59,,0.945,,,,,
12/31/59,,0.359,,,,,
1/31/60,,0.705,,,,,
2/29/60,,0.446,,,,,
3/31/60,,0.507,,,,,
4/30/60,,0.642,,,,,
5/31/60,,1.051,,,,,
6/30/60,,-0.09,,,,,
7/31/60,,0.12,,,,,
8/31/60,,-0.498,,,,,
9/30/60,,0.064,,,,,
10/31/60,,0.042,,,,,
11/30/60,,0.103,,,,,
12/31/60,,0.879,,,,,
1/31/61,,0.886,,,,,
2/28/61,,0.684,,,,,
3/31/61,,0.486,,,,,
4/30/61,,-0.216,,,,,
5/31/61,,-0.455,,,,,
6/30/61,,-0.671,,,,,
7/31/61,,-0.426,,,,,
8/31/61,,-0.73,,,,,
9/30/61,,-1.262,,,,,
10/31/61,,-0.901,,,,,
11/30/61,,-1.448,,,,,
12/31/61,,-0.85,,,,,
1/31/62,,-0.632,,,,,
2/28/62,,-0.708,,,,,
3/31/62,,-0.585,,,,,
4/30/62,,-0.907,,,,,
5/31/62,,-1.504,,,,,
6/30/62,,-1.443,,,,,
7/31/62,,-0.513,,,,,
8/31/62,,-1.13,,,,,
9/30/62,,-1.329,,,,,
10/31/62,,-0.241,,,,,
11/30/62,,-0.21,,,,,
12/31/62,,0.132,,,,,
1/31/63,,0.321,,,,,
2/28/63,,-0.056,,,,,
3/31/63,,-0.009,,,,,
4/30/63,,-0.881,,,,,
5/31/63,,-0.62,,,,,
6/30/63,,-0.957,,,,,
7/31/63,,-0.704,,,,,
8/31/63,,1.059,,,,,
9/30/63,,0.248,,,,,
10/31/63,,-0.377,,,,,
11/30/63,,0.318,,,,,
12/31/63,,0.301,,,,,
1/31/64,,0.135,,,,,
2/29/64,,-0.506,,,,,
3/31/64,,-0.821,,,,,
4/30/64,,-1.71,,,,,
5/31/64,,-0.485,,,,,
6/30/64,,-0.7,,,,,
7/31/64,,-1.119,,,,,
8/31/64,,-0.858,,,,,
9/30/64,,-0.372,,,,,
10/31/64,,-0.424,,,,,
11/30/64,,-0.427,,,,,
12/31/64,,-0.741,,,,,
1/31/65,,-0.341,,,,,
2/28/65,,0.052,,,,,
3/31/65,,0.143,,,,,
4/30/65,,-0.277,,,,,
5/31/65,,-0.513,,,,,
6/30/65,,-0.485,,,,,
7/31/65,,0.526,,,,,
8/31/65,,1.053,,,,,
9/30/65,,0.647,,,,,
10/31/65,,0.559,,,,,
11/30/65,,0.218,,,,,
12/31/65,,-0.528,,,,,
1/31/66,,-0.228,,,,,
2/28/66,,-0.633,,,,,
3/31/66,,-0.085,,,,,
4/30/66,,-0.332,,,,,
5/31/66,,0.154,,,,,
6/30/66,,0.118,,,,,
7/31/66,,0.101,,,,,
8/31/66,,0.051,,,,,
9/30/66,,-0.184,,,,,
10/31/66,,-0.32,,,,,
11/30/66,,-0.057,,,,,
12/31/66,,-0.153,,,,,
1/31/67,,-0.118,,,,,
2/28/67,,-0.508,,,,,
3/31/67,,-0.754,,,,,
4/30/67,,-1.107,,,,,
5/31/67,,-0.872,,,,,
6/30/67,,-0.635,,,,,
7/31/67,,-0.861,,,,,
8/31/67,,-0.231,,,,,
9/30/67,,0.041,,,,,
10/31/67,,0.247,,,,,
11/30/67,,-0.652,,,,,
12/31/67,,-0.549,,,,,
1/31/68,,-0.103,,,,,
2/29/68,,0.196,,,,,
3/31/68,,-0.322,,,,,
4/30/68,,-0.299,,,,,
5/31/68,,0.311,,,,,
6/30/68,,0.716,,,,,
7/31/68,,0.276,,,,,
8/31/68,,0.464,,,,,
9/30/68,,0.2,,,,,
10/31/68,,0.278,,,,,
11/30/68,,0.117,,,,,
12/31/68,,-0.318,,,,,
1/31/69,,-0.792,,,,,
2/28/69,,-0.791,,,,,
3/31/69,,-0.733,,,,,
4/30/69,,-0.585,,,,,
5/31/69,,1.078,,,,,
6/30/69,,0.054,,,,,
7/31/69,,-0.347,,,,,
8/31/69,,-0.548,,,,,
9/30/69,,1.124,,,,,
10/31/69,,0.755,,,,,
11/30/69,,1.102,,,,,
12/31/69,,1.111,,,,,
1/31/70,,1.114,,,,,
2/28/70,,1.214,,,,,
3/31/70,,0.428,,,,,
4/30/70,,-0.547,,,,,
5/31/70,,0.068,,,,,
6/30/70,,-0.521,,,,,
7/31/70,,-1.213,,,,,
8/31/70,,-1.072,,,,,
9/30/70,,-0.73,,,,,
10/31/70,,-0.543,,,,,
11/30/70,,-0.718,,,,,
12/31/70,,-0.989,,,,,
1/31/71,,-1.001,,,,,
2/28/71,,-1.029,,,,,
3/31/71,,-1.208,,,,,
4/30/71,,-1.259,,,,,
5/31/71,,-1.484,,,,,
6/30/71,,-1.896,,,,,
7/31/71,,-0.189,,,,,
8/31/71,,0.05,,,,,
9/30/71,,-0.154,,,,,
10/31/71,,-0.985,,,,,
11/30/71,,-1.519,,,,,
12/31/71,,-1.674,,,,,
1/31/72,,-1.53,,,,,
2/29/72,,-1.114,,,,,
3/31/72,,-1.235,,,,,
4/30/72,,-1.603,,,,,
5/31/72,,-1.409,,,,,
6/30/72,,-0.972,,,,,
7/31/72,,0.258,,,,,
8/31/72,,0.243,,,,,
9/30/72,,0.125,,,,,
10/31/72,,0.133,,,,,
11/30/72,,-0.287,,,,,
12/31/72,,-0.067,,,,,
1/31/73,,-0.267,,,,,
2/28/73,,-0.521,,,,,
3/31/73,,-0.821,,,,,
4/30/73,,-1.017,,,,,
5/31/73,,-0.988,,,,,
6/30/73,,-0.708,,,,,
7/31/73,,-0.738,,,,,
8/31/73,,-0.37,,,,,
9/30/73,,-0.686,,,,,
10/31/73,,-0.929,,,,,
11/30/73,,-0.69,,,,,
12/31/73,,-0.537,,,,,
1/31/74,,-0.98,,,,,
2/28/74,,-0.834,,,,,
3/31/74,,-0.374,,,,,
4/30/74,,-0.432,,,,,
5/31/74,,-0.326,,,,,
6/30/74,,0.188,,,,,
7/31/74,,0.205,,,,,
8/31/74,,0.886,,,,,
9/30/74,,0.433,,,,,
10/31/74,,0.642,,,,,
11/30/74,,0.239,,,,,