country,quarter,PRITHVI_MOISTURE_EXTENT
BRA,1981-01-01,0.011566032533774468
BRA,1981-04-01,0.04256961676316515
BRA,1981-07-01,0.18439481665288115
BRA,1981-10-01,0.028866832092638545
BRA,1982-01-01,0.007609594706368901
BRA,1982-04-01,0.04936586710780259
BRA,1982-07-01,0.11441963054866282
BRA,1982-10-01,0.053129307968017646
BRA,1983-01-01,0.022677143644885583
BRA,1983-04-01,0.04855252274607113
BRA,1983-07-01,0.1599255583126551
BRA,1983-10-01,0.046470912599944854
BRA,1984-01-01,0.007196029776674938
BRA,1984-04-01,0.05019299696719051
BRA,1984-07-01,0.09605734767025088
BRA,1984-10-01,0.015177832919768403
BRA,1985-01-01,0.02288392610973256
BRA,1985-04-01,0.06025641025641026
BRA,1985-07-01,0.09904880066170389
BRA,1985-10-01,0.022249793217535157
BRA,1986-01-01,0.005638268541494348
BRA,1986-04-01,0.05861593603529087
BRA,1986-07-01,0.07633030052384891
BRA,1986-10-01,0.006382685414943479
BRA,1987-01-01,0.00878136200716846
BRA,1987-04-01,0.02015439757375241
BRA,1987-07-01,0.1570168183071409
BRA,1987-10-01,0.05141990625861594
BRA,1988-01-01,0.01815550041356493
BRA,1988-04-01,0.04937965260545906
BRA,1988-07-01,0.22041632202922526
BRA,1988-10-01,0.011497105045492144
BRA,1989-01-01,0.005886407499310725
BRA,1989-04-01,0.019823545629997243
BRA,1989-07-01,0.07253928866832092
BRA,1989-10-01,0.017590295009649846
BRA,1990-01-01,0.003280948442238765
BRA,1990-04-01,0.037027846705266064
BRA,1990-07-01,0.08016266887234628
BRA,1990-10-01,0.037096774193548385
BRA,1991-01-01,0.014130135097877033
BRA,1991-04-01,0.024165977391783843
BRA,1991-07-01,0.1715605183347119
BRA,1991-10-01,0.0651778329197684
BRA,1992-01-01,0.019148056244830437
BRA,1992-04-01,0.06141439205955335
BRA,1992-07-01,0.13198235456299973
BRA,1992-10-01,0.04797353184449959
BRA,1993-01-01,0.009567135373586987
BRA,1993-04-01,0.03424317617866005
BRA,1993-07-01,0.14216983733112765
BRA,1993-10-01,0.02338020402536532
BRA,1994-01-01,0.007678522194651227
BRA,1994-04-01,0.004811138682106424
BRA,1994-07-01,0.12295285359801489
BRA,1994-10-01,0.031113868210642406
BRA,1995-01-01,0.0257788806175903
BRA,1995-04-01,0.03512544802867384
BRA,1995-07-01,0.19882823269920044
BRA,1995-10-01,0.02875654811138682
BRA,1996-01-01,0.007292528260270196
BRA,1996-04-01,0.06421284808381583
BRA,1996-07-01,0.1538323683484974
BRA,1996-10-01,0.025530741659773915
BRA,1997-01-01,0.004921422663358147
BRA,1997-04-01,0.054962779156327544
BRA,1997-07-01,0.17499310725117176
BRA,1997-10-01,0.06611524676040804
BRA,1998-01-01,0.019851116625310177
BRA,1998-04-01,0.069520264681555
BRA,1998-07-01,0.21503997794320373
BRA,1998-10-01,0.03196856906534326
BRA,1999-01-01,0.004480286738351254
BRA,1999-04-01,0.05194375516956162
BRA,1999-07-01,0.20854700854700856
BRA,1999-10-01,0.016073890267438655
BRA,2000-01-01,0.0018472566859663636
BRA,2000-04-01,0.07455197132616488
BRA,2000-07-01,0.08646264130135099
BRA,2000-10-01,0.02772263578715192
BRA,2001-01-01,0.012503446374414117
BRA,2001-04-01,0.04717397298042459
BRA,2001-07-01,0.16428177557209817
BRA,2001-10-01,0.04575406672180865
BRA,2002-01-01,0.010311552247036117
BRA,2002-04-01,0.07630272952853598
BRA,2002-07-01,0.1740556934105321
BRA,2002-10-01,0.045092362834298315
BRA,2003-01-01,0.02019575406672181
BRA,2003-04-01,0.051599117728149985
BRA,2003-07-01,0.18083815825751307
BRA,2003-10-01,0.03564929693961952
BRA,2004-01-01,0.013854425144747726
BRA,2004-04-01,0.04528535980148884
BRA,2004-07-01,0.1610283981251723
BRA,2004-10-01,0.044665012406947896
BRA,2005-01-01,0.007954232147780535
BRA,2005-04-01,0.04893851668045216
BRA,2005-07-01,0.23462917011304107
BRA,2005-10-01,0.040102012682657846
BRA,2006-01-01,0.008712434518886132
BRA,2006-04-01,0.10352908740005513
BRA,2006-07-01,0.20687896333057623
BRA,2006-10-01,0.03650399779432038
BRA,2007-01-01,0.022539288668320927
BRA,2007-04-01,0.0966914805624483
BRA,2007-07-01,0.24834574028122414
BRA,2007-10-01,0.03558036945133719
BRA,2008-01-01,0.00878136200716846
BRA,2008-04-01,0.0825475599669148
BRA,2008-07-01,0.22400055141990624
BRA,2008-10-01,0.03289219740832644
BRA,2009-01-01,0.004990350151640475
BRA,2009-04-01,0.03884753239591949
BRA,2009-07-01,0.16240694789081886
BRA,2009-10-01,0.05869864902122967
BRA,2010-01-01,0.015508684863523574
BRA,2010-04-01,0.08049352081610146
BRA,2010-07-01,0.2963330576233802
BRA,2010-10-01,0.019313482216708023
BRA,2011-01-01,0.0021643231320650678
BRA,2011-04-01,0.07894954507857734
BRA,2011-07-01,0.2580507306313758
BRA,2011-10-01,0.016225530741659774
BRA,2012-01-01,0.008547008547008546
BRA,2012-04-01,0.05405293631100083
BRA,2012-07-01,0.2929418251998897
BRA,2012-10-01,0.06666666666666667
BRA,2013-01-01,0.019258340226082162
BRA,2013-04-01,0.023063137579266608
BRA,2013-07-01,0.21293079680176455
BRA,2013-10-01,0.027791563275434247
BRA,2014-01-01,0.009636062861869315
BRA,2014-04-01,0.06082161566032534
BRA,2014-07-01,0.21116625310173698
BRA,2014-10-01,0.03613178935759581
BRA,2015-01-01,0.010601047697821891
BRA,2015-04-01,0.043603529087400054
BRA,2015-07-01,0.23482216708023163
BRA,2015-10-01,0.09794596084918666
BRA,2016-01-01,0.025544527157430386
BRA,2016-04-01,0.0696856906534326
BRA,2016-07-01,0.218927488282327
BRA,2016-10-01,0.03068651778329198
BRA,2017-01-01,0.006865177832919768
BRA,2017-04-01,0.05497656465398401
BRA,2017-07-01,0.27429004687069203
BRA,2017-10-01,0.041949269368624205
BRA,2018-01-01,0.011676316515026193
BRA,2018-04-01,0.09826302729528535
BRA,2018-07-01,0.18862696443341606
BRA,2018-10-01,0.030548662806727325
BRA,2019-01-01,0.019547835676867936
BRA,2019-04-01,0.06989247311827956
BRA,2019-07-01,0.2403225806451613
BRA,2019-10-01,0.027281499862145023
BRA,2020-01-01,0.026550868486352356
BRA,2020-04-01,0.06622553074165977
BRA,2020-07-01,0.2977667493796526
BRA,2020-10-01,0.04223876481940999
BRA,2021-01-01,0.01435070306038048
BRA,2021-04-01,0.10148883374689825
BRA,2021-07-01,0.27664736696994763
BRA,2021-10-01,0.013978494623655913
BRA,2022-01-01,0.008023159636062862
BRA,2022-04-01,0.06799007444168735
BRA,2022-07-01,0.2656878963330576
BRA,2022-10-01,0.019244554728425695
BRA,2023-01-01,0.006065618968844774
BRA,2023-04-01,0.07231872070581748
BRA,2023-07-01,0.2857044389302454
BRA,2023-10-01,0.10279845602426246
BRA,2024-01-01,0.024676040805073064
BRA,2024-04-01,0.1114419630548663
BRA,2024-07-01,0.35672732285635517
BRA,2024-10-01,0.08519437551695618
CHL,1981-01-01,0.015476190476190477
CHL,1981-04-01,0.06359649122807018
CHL,1981-07-01,0.02086466165413534
CHL,1981-10-01,0.013408521303258146
CHL,1982-01-01,0.012656641604010026
CHL,1982-04-01,0.09304511278195489
CHL,1982-07-01,0.09304511278195489
CHL,1982-10-01,0.011654135338345863
CHL,1983-01-01,0.027694235588972427
CHL,1983-04-01,0.02857142857142857
CHL,1983-07-01,0.014786967418546368
CHL,1983-10-01,0.02399749373433584
CHL,1984-01-01,0.041478696741854636
CHL,1984-04-01,0.07355889724310777
CHL,1984-07-01,0.08208020050125313
CHL,1984-10-01,0.009523809523809523
CHL,1985-01-01,0.013408521303258146
CHL,1985-04-01,0.056453634085213034
CHL,1985-07-01,0.03182957393483709
CHL,1985-10-01,0.03640350877192983
CHL,1986-01-01,0.007957393483709274
CHL,1986-04-01,0.018546365914786967
CHL,1986-07-01,0.05695488721804511
CHL,1986-10-01,0.03214285714285715
CHL,1987-01-01,0.02449874686716792
CHL,1987-04-01,0.02619047619047619
CHL,1987-07-01,0.04906015037593985
CHL,1987-10-01,0.004072681704260651
CHL,1988-01-01,0.03289473684210526
CHL,1988-04-01,0.06954887218045112
CHL,1988-07-01,0.09492481203007519
CHL,1988-10-01,0.008458646616541355
CHL,1989-01-01,0.02907268170426065
CHL,1989-04-01,0.054511278195488726
CHL,1989-07-01,0.06967418546365915
CHL,1989-10-01,0.007456140350877193
CHL,1990-01-01,0.02506265664160401
CHL,1990-04-01,0.0293859649122807
CHL,1990-07-01,0.03239348370927318
CHL,1990-10-01,0.006140350877192983
CHL,1991-01-01,0.038471177944862156
CHL,1991-04-01,0.05012531328320802
CHL,1991-07-01,0.06209273182957393
CHL,1991-10-01,0.015789473684210523
CHL,1992-01-01,0.02098997493734336
CHL,1992-04-01,0.042731829573934836
CHL,1992-07-01,0.07111528822055138
CHL,1992-10-01,0.02424812030075188
CHL,1993-01-01,0.02800751879699248
CHL,1993-04-01,0.04906015037593985
CHL,1993-07-01,0.03527568922305765
CHL,1993-10-01,0.01929824561403509
CHL,1994-01-01,0.03922305764411028
CHL,1994-04-01,0.0668546365914787
CHL,1994-07-01,0.06140350877192982
CHL,1994-10-01,0.02023809523809524
CHL,1995-01-01,0.0481203007518797
CHL,1995-04-01,0.05827067669172933
CHL,1995-07-01,0.049937343358395996
CHL,1995-10-01,0.03176691729323308
CHL,1996-01-01,0.019736842105263157
CHL,1996-04-01,0.04918546365914787
CHL,1996-07-01,0.06553884711779448
CHL,1996-10-01,0.011215538847117795
CHL,1997-01-01,0.04724310776942356
CHL,1997-04-01,0.08533834586466166
CHL,1997-07-01,0.041165413533834586
CHL,1997-10-01,0.008082706766917294
CHL,1998-01-01,0.04736842105263158
CHL,1998-04-01,0.08414786967418547
CHL,1998-07-01,0.05639097744360902
CHL,1998-10-01,0.02468671679197995
CHL,1999-01-01,0.04160401002506265
CHL,1999-04-01,0.06290726817042606
CHL,1999-07-01,0.03458646616541353
CHL,1999-10-01,0.030764411027568925
CHL,2000-01-01,0.03226817042606516
CHL,2000-04-01,0.06817042606516291
CHL,2000-07-01,0.07656641604010024
CHL,2000-10-01,0.005513784461152883
CHL,2001-01-01,0.008458646616541353
CHL,2001-04-01,0.04786967418546365
CHL,2001-07-01,0.07944862155388471
CHL,2001-10-01,0.04630325814536341
CHL,2002-01-01,0.011967418546365913
CHL,2002-04-01,0.04780701754385965
CHL,2002-07-01,0.06798245614035088
CHL,2002-10-01,0.0005639097744360903
CHL,2003-01-01,0.0406015037593985
CHL,2003-04-01,0.08157894736842104
CHL,2003-07-01,0.03715538847117795
CHL,2003-10-01,0.005889724310776942
CHL,2004-01-01,0.04868421052631578
CHL,2004-04-01,0.09793233082706766
CHL,2004-07-01,0.026378446115288223
CHL,2004-10-01,0.009022556390977444
CHL,2005-01-01,0.04060150375939849
CHL,2005-04-01,0.06835839598997494
CHL,2005-07-01,0.08947368421052632
CHL,2005-10-01,0.033583959899749376
CHL,2006-01-01,0.023934837092731826
CHL,2006-04-01,0.05720551378446115
CHL,2006-07-01,0.04555137844611529
CHL,2006-10-01,0.011152882205513784
CHL,2007-01-01,0.04442355889724311
CHL,2007-04-01,0.06040100250626566
CHL,2007-07-01,0.06710526315789474
CHL,2007-10-01,0.02080200501253133
CHL,2008-01-01,0.05507518796992481
CHL,2008-04-01,0.03934837092731829
CHL,2008-07-01,0.09072681704260653
CHL,2008-10-01,0.030576441102756893
CHL,2009-01-01,0.031578947368421054
CHL,2009-04-01,0.05269423558897243
CHL,2009-07-01,0.03778195488721805
CHL,2009-10-01,0.015350877192982457
CHL,2010-01-01,0.039912280701754385
CHL,2010-04-01,0.05043859649122807
CHL,2010-07-01,0.06697994987468671
CHL,2010-10-01,0.022493734335839597
CHL,2011-01-01,0.017857142857142856
CHL,2011-04-01,0.04505012531328321
CHL,2011-07-01,0.056140350877192984
CHL,2011-10-01,0.04555137844611529
CHL,2012-01-01,0.02443609022556391
CHL,2012-04-01,0.04392230576441103
CHL,2012-07-01,0.05307017543859649
CHL,2012-10-01,0.027192982456140352
CHL,2013-01-01,0.04398496240601504
CHL,2013-04-01,0.03621553884711779
CHL,2013-07-01,0.040413533834586464
CHL,2013-10-01,0.029761904761904764
CHL,2014-01-01,0.035463659147869676
CHL,2014-04-01,0.039724310776942356
CHL,2014-07-01,0.04680451127819549
CHL,2014-10-01,0.015225563909774434
CHL,2015-01-01,0.06660401002506265
CHL,2015-04-01,0.05288220551378447
CHL,2015-07-01,0.028884711779448624
CHL,2015-10-01,0.03364661654135338
CHL,2016-01-01,0.08471177944862156
CHL,2016-04-01,0.11015037593984962
CHL,2016-07-01,0.09523809523809523
CHL,2016-10-01,0.014661654135338346
CHL,2017-01-01,0.02794486215538847
CHL,2017-04-01,0.015037593984962405
CHL,2017-07-01,0.02399749373433584
CHL,2017-10-01,0.016791979949874688
CHL,2018-01-01,0.02117794486215539
CHL,2018-04-01,0.041666666666666664
CHL,2018-07-01,0.042919799498746865
CHL,2018-10-01,0.016478696741854638
CHL,2019-01-01,0.048684210526315795
CHL,2019-04-01,0.04078947368421052
CHL,2019-07-01,0.04367167919799498
CHL,2019-10-01,0.016541353383458645
CHL,2020-01-01,0.04674185463659147
CHL,2020-04-01,0.05006265664160401
CHL,2020-07-01,0.05507518796992481
CHL,2020-10-01,0.012844611528822054
CHL,2021-01-01,0.06228070175438597
CHL,2021-04-01,0.07687969924812031
CHL,2021-07-01,0.04172932330827068
CHL,2021-10-01,0.03182957393483709
CHL,2022-01-01,0.04016290726817043
CHL,2022-04-01,0.052255639097744354
CHL,2022-07-01,0.04241854636591478
CHL,2022-10-01,0.02224310776942356
CHL,2023-01-01,0.051378446115288225
CHL,2023-04-01,0.05958646616541353
CHL,2023-07-01,0.08107769423558897
CHL,2023-10-01,0.020864661654135336
CHL,2024-01-01,0.056892230576441105
CHL,2024-04-01,0.08345864661654134
CHL,2024-07-01,0.08245614035087719
CHL,2024-10-01,0.04711779448621554
COL,1981-01-01,0.16098484848484848
COL,1981-04-01,0.003682659932659933
COL,1981-07-01,0.03872053872053872
COL,1981-10-01,0.020307239057239055
COL,1982-01-01,0.1271043771043771
COL,1982-04-01,0.023253367003367
COL,1982-07-01,0.08701599326599326
COL,1982-10-01,0.06513047138047139
COL,1983-01-01,0.24137205387205385
COL,1983-04-01,0.02072811447811448
COL,1983-07-01,0.07123316498316498
COL,1983-10-01,0.013678451178451179
COL,1984-01-01,0.05660774410774411
COL,1984-04-01,0.005260942760942761
COL,1984-07-01,0.02598905723905724
COL,1984-10-01,0.09638047138047139
COL,1985-01-01,0.2671506734006734
COL,1985-04-01,0.009995791245791245
COL,1985-07-01,0.02398989898989899
COL,1985-10-01,0.08964646464646464
COL,1986-01-01,0.11942340067340068
COL,1986-04-01,0.0031565656565656565
COL,1986-07-01,0.03861531986531986
COL,1986-10-01,0.03367003367003367
COL,1987-01-01,0.12015993265993268
COL,1987-04-01,0.00904882154882155
COL,1987-07-01,0.031144781144781145
COL,1987-10-01,0.022095959595959596
COL,1988-01-01,0.2561026936026936
COL,1988-04-01,0.0010521885521885524
COL,1988-07-01,0.023674242424242428
COL,1988-10-01,0.06050084175084175
COL,1989-01-01,0.08428030303030304
COL,1989-04-01,0.00484006734006734
COL,1989-07-01,0.026725589225589225
COL,1989-10-01,0.10248316498316497
COL,1990-01-01,0.16498316498316498
COL,1990-04-01,0.006313131313131313
COL,1990-07-01,0.05176767676767677
COL,1990-10-01,0.012521043771043771
COL,1991-01-01,0.1638257575757576
COL,1991-04-01,0.0007365319865319865
COL,1991-07-01,0.024095117845117846
COL,1991-10-01,0.10763888888888888
COL,1992-01-01,0.23979377104377106
COL,1992-04-01,0.012731481481481483
COL,1992-07-01,0.02640993265993266
COL,1992-10-01,0.03808922558922559
COL,1993-01-01,0.11026936026936028
COL,1993-04-01,0.008627946127946129
COL,1993-07-01,0.03345959595959596
COL,1993-10-01,0.04913720538720539
COL,1994-01-01,0.14309764309764308
COL,1994-04-01,0.0030513468013468013
COL,1994-07-01,0.02640993265993266
COL,1994-10-01,0.07523148148148148
COL,1995-01-01,0.2895622895622896
COL,1995-04-01,0.000946969696969697
COL,1995-07-01,0.029776936026936023
COL,1995-10-01,0.01757154882154882
COL,1996-01-01,0.12973484848484848
COL,1996-04-01,0.0015782828282828283
COL,1996-07-01,0.026199494949494948
COL,1996-10-01,0.034090909090909095
COL,1997-01-01,0.211489898989899
COL,1997-04-01,0.011153198653198653
COL,1997-07-01,0.08301767676767677
COL,1997-10-01,0.12236952861952861
COL,1998-01-01,0.15656565656565655
COL,1998-04-01,0.005997474747474747
COL,1998-07-01,0.02798821548821549
COL,1998-10-01,0.016624579124579125
COL,1999-01-01,0.030303030303030304
COL,1999-04-01,0.0015782828282828283
COL,1999-07-01,0.041035353535353536
COL,1999-10-01,0.08280723905723907
COL,2000-01-01,0.18613215488215487
COL,2000-04-01,0.001999158249158249
COL,2000-07-01,0.019044612794612795
COL,2000-10-01,0.025042087542087543
COL,2001-01-01,0.22927188552188552
COL,2001-04-01,0.015151515151515152
COL,2001-07-01,0.0627104377104377
COL,2001-10-01,0.04061447811447812
COL,2002-01-01,0.22790404040404041
COL,2002-04-01,0.006102693602693603
COL,2002-07-01,0.07081228956228956
COL,2002-10-01,0.06218434343434343
COL,2003-01-01,0.2596801346801347
COL,2003-04-01,0.006944444444444445
COL,2003-07-01,0.04503367003367004
COL,2003-10-01,0.016203703703703703
COL,2004-01-01,0.2824074074074074
COL,2004-04-01,0.019570707070707072
COL,2004-07-01,0.04671717171717171
COL,2004-10-01,0.06555134680134679
COL,2005-01-01,0.1593013468013468
COL,2005-04-01,0.006102693602693603
COL,2005-07-01,0.07912457912457913
COL,2005-10-01,0.038930976430976434
COL,2006-01-01,0.11237373737373739
COL,2006-04-01,0.011153198653198653
COL,2006-07-01,0.09553872053872053
COL,2006-10-01,0.018413299663299663
COL,2007-01-01,0.2570496632996633
COL,2007-04-01,0.006207912457912457
COL,2007-07-01,0.052188552188552194
COL,2007-10-01,0.029776936026936027
COL,2008-01-01,0.19128787878787878
COL,2008-04-01,0.0016835016835016836
COL,2008-07-01,0.039036195286195285
COL,2008-10-01,0.06113215488215489
COL,2009-01-01,0.0726010101010101
COL,2009-04-01,0.003261784511784512
COL,2009-07-01,0.06355218855218855
COL,2009-10-01,0.08259680134680135
COL,2010-01-01,0.234743265993266
COL,2010-04-01,0.0004208754208754209
COL,2010-07-01,0.07091750841750842
COL,2010-10-01,0.01651936026936027
COL,2011-01-01,0.14299242424242423
COL,2011-04-01,0.0024200336700336703
COL,2011-07-01,0.0653409090909091
COL,2011-10-01,0.015256734006734005
COL,2012-01-01,0.146780303030303
COL,2012-04-01,0.013257575757575758
COL,2012-07-01,0.09238215488215488
COL,2012-10-01,0.05976430976430976
COL,2013-01-01,0.18055555555555555
COL,2013-04-01,0.015361952861952861
COL,2013-07-01,0.03745791245791246
COL,2013-10-01,0.06439393939393939
COL,2014-01-01,0.210016835016835
COL,2014-04-01,0.012731481481481483
COL,2014-07-01,0.05713383838383838
COL,2014-10-01,0.03345959595959596
COL,2015-01-01,0.1369949494949495
COL,2015-04-01,0.015256734006734008
COL,2015-07-01,0.1078493265993266
COL,2015-10-01,0.08933080808080808
COL,2016-01-01,0.250736531986532
COL,2016-04-01,0.005892255892255892
COL,2016-07-01,0.06765572390572391
COL,2016-10-01,0.008207070707070706
COL,2017-01-01,0.1505681818181818
COL,2017-04-01,0.005681818181818181
COL,2017-07-01,0.08375420875420875
COL,2017-10-01,0.10321969696969698
COL,2018-01-01,0.1731902356902357
COL,2018-04-01,0.01672979797979798
COL,2018-07-01,0.0805976430976431
COL,2018-10-01,0.12678872053872053
COL,2019-01-01,0.21138468013468015
COL,2019-04-01,0.007260101010101011
COL,2019-07-01,0.12184343434343435
COL,2019-10-01,0.03493265993265993
COL,2020-01-01,0.31397306397306396
COL,2020-04-01,0.012521043771043771
COL,2020-07-01,0.04913720538720539
COL,2020-10-01,0.034722222222222224
COL,2021-01-01,0.19854797979797978
COL,2021-04-01,0.0003156565656565657
COL,2021-07-01,0.04713804713804714
COL,2021-10-01,0.09480218855218857
COL,2022-01-01,0.21832912457912457
COL,2022-04-01,0.00462962962962963
COL,2022-07-01,0.04240319865319866
COL,2022-10-01,0.12605218855218855
COL,2023-01-01,0.19802188552188552
COL,2023-04-01,0.01672979797979798
COL,2023-07-01,0.1210016835016835
COL,2023-10-01,0.09553872053872055
COL,2024-01-01,0.2668350168350168
COL,2024-04-01,0.006944444444444445
COL,2024-07-01,0.17582070707070707
COL,2024-10-01,0.08375420875420876
EGY,1981-01-01,0.2891081871345029
EGY,1981-04-01,0.030153508771929825
EGY,1981-07-01,0.047697368421052634
EGY,1981-10-01,0.4479166666666667
EGY,1982-01-01,0.09265350877192984
EGY,1982-04-01,0.03216374269005848
EGY,1982-07-01,0.044042397660818716
EGY,1982-10-01,0.3543494152046784
EGY,1983-01-01,0.20741959064327486
EGY,1983-04-01,0.04678362573099415
EGY,1983-07-01,0.05519005847953217
EGY,1983-10-01,0.31505847953216376
EGY,1984-01-01,0.30701754385964913
EGY,1984-04-01,0.06140350877192983
EGY,1984-07-01,0.057383040935672515
EGY,1984-10-01,0.3165204678362573
EGY,1985-01-01,0.24031432748538015
EGY,1985-04-01,0.02631578947368421
EGY,1985-07-01,0.05025584795321638
EGY,1985-10-01,0.12079678362573099
EGY,1986-01-01,0.1964546783625731
EGY,1986-04-01,0.0268640350877193
EGY,1986-07-01,0.027960526315789474
EGY,1986-10-01,0.15734649122807018
EGY,1987-01-01,0.19974415204678364
EGY,1987-04-01,0.018092105263157892
EGY,1987-07-01,0.03453947368421053
EGY,1987-10-01,0.21253654970760236
EGY,1988-01-01,0.14309210526315788
EGY,1988-04-01,0.023574561403508772
EGY,1988-07-01,0.0360014619883041
EGY,1988-10-01,0.18804824561403508
EGY,1989-01-01,0.18932748538011698
EGY,1989-04-01,0.024853801169590642
EGY,1989-07-01,0.03362573099415205
EGY,1989-10-01,0.2721125730994152
EGY,1990-01-01,0.1302997076023392
EGY,1990-04-01,0.017909356725146198
EGY,1990-07-01,0.03764619883040936
EGY,1990-10-01,0.1608187134502924
EGY,1991-01-01,0.10343567251461988
EGY,1991-04-01,0.010416666666666666
EGY,1991-07-01,0.031980994152046784
EGY,1991-10-01,0.26169590643274854
EGY,1992-01-01,0.2777777777777778
EGY,1992-04-01,0.021929824561403508
EGY,1992-07-01,0.049890350877192985
EGY,1992-10-01,0.2615131578947369
EGY,1993-01-01,0.10160818713450293
EGY,1993-04-01,0.027412280701754388
EGY,1993-07-01,0.044956140350877194
EGY,1993-10-01,0.23720760233918128
EGY,1994-01-01,0.06578947368421052
EGY,1994-04-01,0.023026315789473686
EGY,1994-07-01,0.031432748538011694
EGY,1994-10-01,0.16228070175438594
EGY,1995-01-01,0.20358187134502925
EGY,1995-04-01,0.023026315789473683
EGY,1995-07-01,0.03965643274853801
EGY,1995-10-01,0.2648026315789474
EGY,1996-01-01,0.16739766081871346
EGY,1996-04-01,0.011513157894736841
EGY,1996-07-01,0.03545321637426901
EGY,1996-10-01,0.23428362573099415
EGY,1997-01-01,0.20230263157894735
EGY,1997-04-01,0.02046783625730994
EGY,1997-07-01,0.019371345029239765
EGY,1997-10-01,0.2876461988304093
EGY,1998-01-01,0.18877923976608188
EGY,1998-04-01,0.023574561403508776
EGY,1998-07-01,0.03453947368421053
EGY,1998-10-01,0.24159356725146197
EGY,1999-01-01,0.08315058479532163
EGY,1999-04-01,0.021929824561403508
EGY,1999-07-01,0.02010233918128655
EGY,1999-10-01,0.2640716374269006
EGY,2000-01-01,0.1302997076023392
EGY,2000-04-01,0.01918859649122807
EGY,2000-07-01,0.016264619883040937
EGY,2000-10-01,0.22313596491228072
EGY,2001-01-01,0.2949561403508772
EGY,2001-04-01,0.004934210526315789
EGY,2001-07-01,0.024488304093567254
EGY,2001-10-01,0.26918859649122806
EGY,2002-01-01,0.1387061403508772
EGY,2002-04-01,0.004568713450292397
EGY,2002-07-01,0.022478070175438597
EGY,2002-10-01,0.22624269005847952
EGY,2003-01-01,0.2156432748538012
EGY,2003-04-01,0.013157894736842105
EGY,2003-07-01,0.02887426900584795
EGY,2003-10-01,0.22532894736842105
EGY,2004-01-01,0.12774122807017543
EGY,2004-04-01,0.00804093567251462
EGY,2004-07-01,0.028691520467836254
EGY,2004-10-01,0.2496345029239766
EGY,2005-01-01,0.14108187134502925
EGY,2005-04-01,0.01114766081871345
EGY,2005-07-01,0.01736111111111111
EGY,2005-10-01,0.2450657894736842
EGY,2006-01-01,0.14199561403508773
EGY,2006-04-01,0.008771929824561403
EGY,2006-07-01,0.015716374269005847
EGY,2006-10-01,0.2772295321637427
EGY,2007-01-01,0.14236111111111113
EGY,2007-04-01,0.007858187134502924
EGY,2007-07-01,0.03855994152046783
EGY,2007-10-01,0.30957602339181284
EGY,2008-01-01,0.17233187134502925
EGY,2008-04-01,0.010964912280701754
EGY,2008-07-01,0.04751461988304093
EGY,2008-10-01,0.25054824561403505
EGY,2009-01-01,0.1476608187134503
EGY,2009-04-01,0.02138157894736842
EGY,2009-07-01,0.055738304093567254
EGY,2009-10-01,0.31706871345029236
EGY,2010-01-01,0.11823830409356724
EGY,2010-04-01,0.024488304093567254
EGY,2010-07-01,0.038559941520467836
EGY,2010-10-01,0.19444444444444445
EGY,2011-01-01,0.11312134502923976
EGY,2011-04-01,0.01918859649122807
EGY,2011-07-01,0.05427631578947369
EGY,2011-10-01,0.2679093567251462
EGY,2012-01-01,0.14309210526315788
EGY,2012-04-01,0.02631578947368421
EGY,2012-07-01,0.06030701754385965
EGY,2012-10-01,0.2129020467836257
EGY,2013-01-01,0.09247076023391813
EGY,2013-04-01,0.039656432748538015
EGY,2013-07-01,0.07364766081871345
EGY,2013-10-01,0.2613304093567252
EGY,2014-01-01,0.15551900584795322
EGY,2014-04-01,0.013523391812865498
EGY,2014-07-01,0.06578947368421052
EGY,2014-10-01,0.4058845029239766
EGY,2015-01-01,0.20339912280701755
EGY,2015-04-01,0.05829678362573099
EGY,2015-07-01,0.04751461988304093
EGY,2015-10-01,0.25456871345029236
EGY,2016-01-01,0.20193713450292397
EGY,2016-04-01,0.035818713450292396
EGY,2016-07-01,0.07821637426900584
EGY,2016-10-01,0.22076023391812868
EGY,2017-01-01,0.20321637426900585
EGY,2017-04-01,0.028143274853801168
EGY,2017-07-01,0.07163742690058479
EGY,2017-10-01,0.35014619883040937
EGY,2018-01-01,0.1650219298245614
EGY,2018-04-01,0.02777777777777778
EGY,2018-07-01,0.06012426900584795
EGY,2018-10-01,0.22130847953216373
EGY,2019-01-01,0.18530701754385967
EGY,2019-04-01,0.028326023391812866
EGY,2019-07-01,0.07456140350877193
EGY,2019-10-01,0.2690058479532164
EGY,2020-01-01,0.22076023391812868
EGY,2020-04-01,0.023391812865497075
EGY,2020-07-01,0.03600146198830409
EGY,2020-10-01,0.28362573099415206
EGY,2021-01-01,0.23958333333333334
EGY,2021-04-01,0.017178362573099414
EGY,2021-07-01,0.07017543859649122
EGY,2021-10-01,0.17653508771929824
EGY,2022-01-01,0.14766081871345027
EGY,2022-04-01,0.030336257309941522
EGY,2022-07-01,0.056834795321637425
EGY,2022-10-01,0.31414473684210525
EGY,2023-01-01,0.25493421052631576
EGY,2023-04-01,0.009502923976608187
EGY,2023-07-01,0.02046783625730994
EGY,2023-10-01,0.19901315789473684
EGY,2024-01-01,0.16995614035087722
EGY,2024-04-01,0.02174707602339181
EGY,2024-07-01,0.06432748538011696
EGY,2024-10-01,0.36001461988304095
IDN,1981-01-01,0.03801795374829083
IDN,1981-04-01,0.024879614767255216
IDN,1981-07-01,0.07184471791213363
IDN,1981-10-01,0.006539444741691933
IDN,1982-01-01,0.018102372034956304
IDN,1982-04-01,0.0325485999643303
IDN,1982-07-01,0.1732061114083586
IDN,1982-10-01,0.06560252065870044
IDN,1983-01-01,0.049610605790381075
IDN,1983-04-01,0.02348255157243921
IDN,1983-07-01,0.06893169252719815
IDN,1983-10-01,0.0035075203614529458
IDN,1984-01-01,0.0035669698591046903
IDN,1984-04-01,0.01486237441293621
IDN,1984-07-01,0.03504547886570358
IDN,1984-10-01,0.00992806610784139
IDN,1985-01-01,0.00995779085666726
IDN,1985-04-01,0.03159740800190239
IDN,1985-07-01,0.03436180964270852
IDN,1985-10-01,0.0027049521431543907
IDN,1986-01-01,0.009511919624279176
IDN,1986-04-01,0.024730991023125853
IDN,1986-07-01,0.08991736519826408
IDN,1986-10-01,0.010165864098448368
IDN,1987-01-01,0.02458236727899649
IDN,1987-04-01,0.031746031746031744
IDN,1987-07-01,0.13001605136436598
IDN,1987-10-01,0.019707508471553416
IDN,1988-01-01,0.004637060816836098
IDN,1988-04-01,0.02012365495511563
IDN,1988-07-01,0.03352951667558409
IDN,1988-10-01,0.009482194875453303
IDN,1989-01-01,0.007252838713512871
IDN,1989-04-01,0.02012365495511563
IDN,1989-07-01,0.028803281612270377
IDN,1989-10-01,0.005677427025741632
IDN,1990-01-01,0.02122347066167291
IDN,1990-04-01,0.03094346352773319
IDN,1990-07-01,0.06566197015635218
IDN,1990-10-01,0.023096129837702872
IDN,1991-01-01,0.018726591760299626
IDN,1991-04-01,0.06022234112121752
IDN,1991-07-01,0.15332025444384995
IDN,1991-10-01,0.04405207775994293
IDN,1992-01-01,0.04024730991023126
IDN,1992-04-01,0.024998513762558707
IDN,1992-07-01,0.05350454788657036
IDN,1992-10-01,0.016289162356578086
IDN,1993-01-01,0.022026038879971465
IDN,1993-04-01,0.019737233220379288
IDN,1993-07-01,0.10810891147969799
IDN,1993-10-01,0.01938053623446882
IDN,1994-01-01,0.010522561084358837
IDN,1994-04-01,0.01991558171333452
IDN,1994-07-01,0.1567088758099994
IDN,1994-10-01,0.03424291064740503
IDN,1995-01-01,0.009184947387194579
IDN,1995-04-01,0.00945247012662743
IDN,1995-07-01,0.040455383152012366
IDN,1995-10-01,0.007966232685333809
IDN,1996-01-01,0.008352654420070152
IDN,1996-04-01,0.022531359610011296
IDN,1996-07-01,0.04628143392188336
IDN,1996-10-01,0.006598894239343678
IDN,1997-01-01,0.02800071339397182
IDN,1997-04-01,0.08227810475001486
IDN,1997-07-01,0.16402116402116404
IDN,1997-10-01,0.054247666607217165
IDN,1998-01-01,0.041406575114440285
IDN,1998-04-01,0.01792402354200107
IDN,1998-07-01,0.012484394506866418
IDN,1998-10-01,0.007966232685333809
IDN,1999-01-01,0.006301646751084953
IDN,1999-04-01,0.022382735865881936
IDN,1999-07-01,0.06337316449676
IDN,1999-10-01,0.005261280542179419
IDN,2000-01-01,0.00823375542476666
IDN,2000-04-01,0.01251411925569229
IDN,2000-07-01,0.060995184590690206
IDN,2000-10-01,0.008174305927114916
IDN,2001-01-01,0.0040425658403186494
IDN,2001-04-01,0.020004755959812142
IDN,2001-07-01,0.09303846382498067
IDN,2001-10-01,0.008887699898935853
IDN,2002-01-01,0.022798882349444147
IDN,2002-04-01,0.023512276321265086
IDN,2002-07-01,0.1463646632185958
IDN,2002-10-01,0.04491409547589323
IDN,2003-01-01,0.009898341359015515
IDN,2003-04-01,0.0655430711610487
IDN,2003-07-01,0.06774270257416325
IDN,2003-10-01,0.008857975150109982
IDN,2004-01-01,0.01828072052791154
IDN,2004-04-01,0.05606087628559539
IDN,2004-07-01,0.10156946673800606
IDN,2004-10-01,0.03201355448546459
IDN,2005-01-01,0.026930622436240417
IDN,2005-04-01,0.02113429641519529
IDN,2005-07-01,0.062362523036680335
IDN,2005-10-01,0.00184293442720409
IDN,2006-01-01,0.008739076154806492
IDN,2006-04-01,0.01619998811010047
IDN,2006-07-01,0.1350692586647643
IDN,2006-10-01,0.057606563224540754
IDN,2007-01-01,0.006420545746388443
IDN,2007-04-01,0.0057963260210451215
IDN,2007-07-01,0.05175078770584388
IDN,2007-10-01,0.0040425658403186494
IDN,2008-01-01,0.018696867011473755
IDN,2008-04-01,0.021847690387016228
IDN,2008-07-01,0.03867189822246002
IDN,2008-10-01,0.0015456869389453658
IDN,2009-01-01,0.0115332025444385
IDN,2009-04-01,0.034599607633315495
IDN,2009-07-01,0.1269544022353011
IDN,2009-10-01,0.011384578800309136
IDN,2010-01-01,0.012722192497473396
IDN,2010-04-01,0.0071636644670352535
IDN,2010-07-01,0.01162237679091612
IDN,2010-10-01,0.009155222638368704
IDN,2011-01-01,0.013019439985732122
IDN,2011-04-01,0.022085488377623207
IDN,2011-07-01,0.09806194637655312
IDN,2011-10-01,0.003299447119671839
IDN,2012-01-01,0.013138338981035608
IDN,2012-04-01,0.03397538790797217
IDN,2012-07-01,0.07564948576184531
IDN,2012-10-01,0.006004399262826229
IDN,2013-01-01,0.008322929671244277
IDN,2013-04-01,0.02223411212175257
IDN,2013-07-01,0.03403483740562393
IDN,2013-10-01,0.008739076154806492
IDN,2014-01-01,0.04066345639379348
IDN,2014-04-01,0.011354854051483265
IDN,2014-07-01,0.08275370073122883
IDN,2014-10-01,0.03727483502764401
IDN,2015-01-01,0.016289162356578086
IDN,2015-04-01,0.02030200344807086
IDN,2015-07-01,0.17082813150228882
IDN,2015-10-01,0.055258308067296834
IDN,2016-01-01,0.016735033588966174
IDN,2016-04-01,0.00995779085666726
IDN,2016-07-01,0.025830806729683135
IDN,2016-10-01,0.0054693537839605256
IDN,2017-01-01,0.002407704654895666
IDN,2017-04-01,0.009838891861363771
IDN,2017-07-01,0.036175019321086736
IDN,2017-10-01,0.006569169490517806
IDN,2018-01-01,0.012187147018607694
IDN,2018-04-01,0.018250995779085667
IDN,2018-07-01,0.10674157303370786
IDN,2018-10-01,0.013703109208727185
IDN,2019-01-01,0.019677783722727545
IDN,2019-04-01,0.014119255692289398
IDN,2019-07-01,0.15840318649307414
IDN,2019-10-01,0.037988228999464954
IDN,2020-01-01,0.015902740621841747
IDN,2020-04-01,0.006123298258129718
IDN,2020-07-01,0.037096486534688784
IDN,2020-10-01,0.00478568456096546
IDN,2021-01-01,0.023631175316568578
IDN,2021-04-01,0.009601093870756793
IDN,2021-07-01,0.025474109743772667
IDN,2021-10-01,0.004637060816836098
IDN,2022-01-01,0.008531002913025386
IDN,2022-04-01,0.01290054099042863
IDN,2022-07-01,0.017715950300219965
IDN,2022-10-01,0.0039533915938410324
IDN,2023-01-01,0.009125497889542833
IDN,2023-04-01,0.022055763628797336
IDN,2023-07-01,0.1040068961417276
IDN,2023-10-01,0.035550799595743414
IDN,2024-01-01,0.00921467213602045
IDN,2024-04-01,0.006836692229950657
IDN,2024-07-01,0.07648177872896973
IDN,2024-10-01,0.007401462457642233
IND,1981-01-01,0.08748268381295904
IND,1981-04-01,0.04503515512689824
IND,1981-07-01,0.0013330196816435348
IND,1981-10-01,0.0911942288089077
IND,1982-01-01,0.11722731906218146
IND,1982-04-01,0.021746517159361198
IND,1982-07-01,0.005279803444941059
IND,1982-10-01,0.0887634282129695
IND,1983-01-01,0.15426435609921849
IND,1983-04-01,0.040356517420737606
IND,1983-07-01,0.0012284691183773752
IND,1983-10-01,0.09576831595180219
IND,1984-01-01,0.11257481899683734
IND,1984-04-01,0.05661413000862542
IND,1984-07-01,0.0016989466530750938
IND,1984-10-01,0.13646462270315482
IND,1985-01-01,0.17141064847486867
IND,1985-04-01,0.04757050628610262
IND,1985-07-01,0.0013591573224600749
IND,1985-10-01,0.10504717844167384
IND,1986-01-01,0.13395540918476698
IND,1986-04-01,0.04472150343709977
IND,1986-07-01,0.0030581039755351682
IND,1986-10-01,0.09720588619671189
IND,1987-01-01,0.14757312005018428
IND,1987-04-01,0.04600224783711023
IND,1987-07-01,0.014898455265427742
IND,1987-10-01,0.09524556313547139
IND,1988-01-01,0.14150918738074703
IND,1988-04-01,0.03353459316762069
IND,1988-07-01,5.2275281633079796e-05
IND,1988-10-01,0.08782247314357405
IND,1989-01-01,0.1323871507357746
IND,1989-04-01,0.04323165791055699
IND,1989-07-01,0.0006795786612300374
IND,1989-10-01,0.07376042238427559
IND,1990-01-01,0.11393397631929741
IND,1990-04-01,0.02875140489819389
IND,1990-07-01,0.0010977809142946758
IND,1990-10-01,0.07138189706997046
IND,1991-01-01,0.10489035259677461
IND,1991-04-01,0.01560417156747432
IND,1991-07-01,0.0014637078857262342
IND,1991-10-01,0.08709061920071094
IND,1992-01-01,0.13617710865417287
IND,1992-04-01,0.03593925612274236
IND,1992-07-01,0.0005488904571473379
IND,1992-10-01,0.10881099871925559
IND,1993-01-01,0.11142476280090959
IND,1993-04-01,0.04503515512689824
IND,1993-07-01,0.0014114326040931546
IND,1993-10-01,0.10935988917640294
IND,1994-01-01,0.06442928461277085
IND,1994-04-01,0.026581980710421078
IND,1994-07-01,0.0007057163020465773
IND,1994-10-01,0.11380328811521473
IND,1995-01-01,0.06712146161687446
IND,1995-04-01,0.026399017224705296
IND,1995-07-01,0.0007318539428631172
IND,1995-10-01,0.08959983271909877
IND,1996-01-01,0.10415849865391151
IND,1996-04-01,0.03329935440027183
IND,1996-07-01,0.0009670927102119763
IND,1996-10-01,0.10708591442536397
IND,1997-01-01,0.09524556313547139
IND,1997-04-01,0.010062991714367862
IND,1997-07-01,0.0009670927102119762
IND,1997-10-01,0.015290519877675842
IND,1998-01-01,0.07964139156799707
IND,1998-04-01,0.014114326040931546
IND,1998-07-01,0.0003397893306150187
IND,1998-10-01,0.08191536631903605
IND,1999-01-01,0.10977809142946758
IND,1999-04-01,0.031391306620664416
IND,1999-07-01,0.0010193679918450561
IND,1999-10-01,0.11278392012336967
IND,2000-01-01,0.11231344258867194
IND,2000-04-01,0.033168666196189134
IND,2000-07-01,0.0026399017224705296
IND,2000-10-01,0.12193209440915864
IND,2001-01-01,0.16584333098094567
IND,2001-04-01,0.027000182963485716
IND,2001-07-01,0.0022478371102224314
IND,2001-10-01,0.11879557751117382
IND,2002-01-01,0.09122036644972424
IND,2002-04-01,0.037037037037037035
IND,2002-07-01,0.007109438302098853
IND,2002-10-01,0.1131498470948012
IND,2003-01-01,0.11963198201730312
IND,2003-04-01,0.05807783789435165
IND,2003-07-01,0.000784129224496197
IND,2003-10-01,0.08186309103740295
IND,2004-01-01,0.10954285266211872
IND,2004-04-01,0.030711727959434384
IND,2004-07-01,0.0023785253143051312
IND,2004-10-01,0.1154238218458402
IND,2005-01-01,0.06952612457199613
IND,2005-04-01,0.027209284090018035
IND,2005-07-01,0.0011761938367442955
IND,2005-10-01,0.10671998745393241
IND,2006-01-01,0.12726417313573277
IND,2006-04-01,0.024255730677749027
IND,2006-07-01,0.002091011265323192
IND,2006-10-01,0.07334222013121096
IND,2007-01-01,0.11610340050707024
IND,2007-04-01,0.011683525444993334
IND,2007-07-01,0.0005750280979638778
IND,2007-10-01,0.10070833006612823
IND,2008-01-01,0.06322695313521001
IND,2008-04-01,0.024360281241015188
IND,2008-07-01,7.84129224496197e-05
IND,2008-10-01,0.10005488904571475
IND,2009-01-01,0.11675684152748372
IND,2009-04-01,0.03269818866149141
IND,2009-07-01,0.0007057163020465773
IND,2009-10-01,0.07211375101283359
IND,2010-01-01,0.10334823178859875
IND,2010-04-01,0.05925403173109595
IND,2010-07-01,2.6137640816539898e-05
IND,2010-10-01,0.04963537991060927
IND,2011-01-01,0.08703834391907787
IND,2011-04-01,0.01745994406544865
IND,2011-07-01,0.0001568258448992394
IND,2011-10-01,0.1020674873885883
IND,2012-01-01,0.10274706604981836
IND,2012-04-01,0.034789199926814604
IND,2012-07-01,0.0015159831673593142
IND,2012-10-01,0.08727358268642672
IND,2013-01-01,0.09770250137222614
IND,2013-04-01,0.03868370840847905
IND,2013-07-01,0.000784129224496197
IND,2013-10-01,0.08066075955984213
IND,2014-01-01,0.07433545048223948
IND,2014-04-01,0.016074649102172038
IND,2014-07-01,0.0012284691183773752
IND,2014-10-01,0.08458140568232313
IND,2015-01-01,0.06652029587809405
IND,2015-04-01,0.009801615306202462
IND,2015-07-01,0.00033978933061501866
IND,2015-10-01,0.09772863901304268
IND,2016-01-01,0.09955827387020048
IND,2016-04-01,0.04189863822891346
IND,2016-07-01,0.003188792179617867
IND,2016-10-01,0.11798531064586111
IND,2017-01-01,0.10810528241720903
IND,2017-04-01,0.04550563266159596
IND,2017-07-01,0.0008102668653127369
IND,2017-10-01,0.09129877937217386
IND,2018-01-01,0.12397083039284873
IND,2018-04-01,0.030215112783920126
IND,2018-07-01,0.0001829634857157793
IND,2018-10-01,0.10316526830288299
IND,2019-01-01,0.09835594239263963
IND,2019-04-01,0.040774719673802244
IND,2019-07-01,0.0008886797877623566
IND,2019-10-01,0.030371938628819362
IND,2020-01-01,0.03967693875950757
IND,2020-04-01,0.00789356752659505
IND,2020-07-01,0.0017512219347081733
IND,2020-10-01,0.0732376695679448
IND,2021-01-01,0.08499960793538774
IND,2021-04-01,0.010664157453148278
IND,2021-07-01,0.00047047753469771814
IND,2021-10-01,0.06254737447397997
IND,2022-01-01,0.03724613816356936
IND,2022-04-01,0.025196685747144464
IND,2022-07-01,2.6137640816539898e-05
IND,2022-10-01,0.0721921639352832
IND,2023-01-01,0.0817585404741368
IND,2023-04-01,0.0037376826367652057
IND,2023-07-01,0.0012023314775608353
IND,2023-10-01,0.04263049217177658
IND,2024-01-01,0.06233827334744766
IND,2024-04-01,0.01262448051438877
IND,2024-07-01,0.00020910112653231918
IND,2024-10-01,0.06069160197600565
KEN,1981-01-01,0.13763440860215054
KEN,1981-04-01,0.0018817204301075268
KEN,1981-07-01,0.014247311827956988
KEN,1981-10-01,0.04220430107526882
KEN,1982-01-01,0.10833333333333332
KEN,1982-04-01,0.0024193548387096775
KEN,1982-07-01,0.05026881720430107
KEN,1982-10-01,0.001881720430107527
KEN,1983-01-01,0.054569892473118276
KEN,1983-04-01,0.007258064516129033
KEN,1983-07-01,0.048387096774193554
KEN,1983-10-01,0.01747311827956989
KEN,1984-01-01,0.20430107526881722
KEN,1984-04-01,0.1723118279569892
KEN,1984-07-01,0.30887096774193545
KEN,1984-10-01,0.013709677419354837
KEN,1985-01-01,0.03709677419354839
KEN,1985-04-01,0.03467741935483871
KEN,1985-07-01,0.1370967741935484
KEN,1985-10-01,0.06827956989247312
KEN,1986-01-01,0.17956989247311828
KEN,1986-04-01,0.005913978494623656
KEN,1986-07-01,0.22580645161290322
KEN,1986-10-01,0.015591397849462367
KEN,1987-01-01,0.11774193548387096
KEN,1987-04-01,0.024731182795698924
KEN,1987-07-01,0.18924731182795698
KEN,1987-10-01,0.11532258064516128
KEN,1988-01-01,0.09059139784946235
KEN,1988-04-01,0.005913978494623656
KEN,1988-07-01,0.03736559139784946
KEN,1988-10-01,0.026881720430107527
KEN,1989-01-01,0.04381720430107527
KEN,1989-04-01,0.03521505376344086
KEN,1989-07-01,0.08978494623655914
KEN,1989-10-01,0.00456989247311828
KEN,1990-01-01,0.008602150537634409
KEN,1990-04-01,0.023655913978494623
KEN,1990-07-01,0.10241935483870968
KEN,1990-10-01,0.00967741935483871
KEN,1991-01-01,0.06854838709677419
KEN,1991-04-01,0.001075268817204301
KEN,1991-07-01,0.03467741935483871
KEN,1991-10-01,0.028763440860215057
KEN,1992-01-01,0.17580645161290323
KEN,1992-04-01,0.03010752688172043
KEN,1992-07-01,0.14408602150537633
KEN,1992-10-01,0.021774193548387097
KEN,1993-01-01,0.027419354838709678
KEN,1993-04-01,0.012634408602150538
KEN,1993-07-01,0.26129032258064516
KEN,1993-10-01,0.08440860215053764
KEN,1994-01-01,0.15161290322580645
KEN,1994-04-01,0.059139784946236555
KEN,1994-07-01,0.11129032258064515
KEN,1994-10-01,0.01881720430107527
KEN,1995-01-01,0.056720430107526885
KEN,1995-04-01,0.04516129032258064
KEN,1995-07-01,0.07526881720430108
KEN,1995-10-01,0.009408602150537635
KEN,1996-01-01,0.038172043010752686
KEN,1996-04-01,0.06021505376344086
KEN,1996-07-01,0.1314516129032258
KEN,1996-10-01,0.10806451612903227
KEN,1997-01-01,0.22446236559139784
KEN,1997-04-01,0.021236559139784946
KEN,1997-07-01,0.2639784946236559
KEN,1997-10-01,0.004301075268817204
KEN,1998-01-01,0.006989247311827957
KEN,1998-04-01,0.00026881720430107527
KEN,1998-07-01,0.028494623655913976
KEN,1998-10-01,0.06639784946236559
KEN,1999-01-01,0.14327956989247312
KEN,1999-04-01,0.0814516129032258
KEN,1999-07-01,0.16102150537634408
KEN,1999-10-01,0.016397849462365593
KEN,2000-01-01,0.2056451612903226
KEN,2000-04-01,0.14919354838709678
KEN,2000-07-01,0.23817204301075268
KEN,2000-10-01,0.011827956989247311
KEN,2001-01-01,0.04274193548387097
KEN,2001-04-01,0.0239247311827957
KEN,2001-07-01,0.1860215053763441
KEN,2001-10-01,0.06236559139784945
KEN,2002-01-01,0.11236559139784946
KEN,2002-04-01,0.04758064516129032
KEN,2002-07-01,0.17500000000000002
KEN,2002-10-01,0.007526881720430107
KEN,2003-01-01,0.13655913978494624
KEN,2003-04-01,0.002956989247311828
KEN,2003-07-01,0.06048387096774194
KEN,2003-10-01,0.016397849462365593
KEN,2004-01-01,0.07016129032258064
KEN,2004-04-01,0.09247311827956989
KEN,2004-07-01,0.34462365591397853
KEN,2004-10-01,0.006989247311827957
KEN,2005-01-01,0.11129032258064515
KEN,2005-04-01,0.07741935483870968
KEN,2005-07-01,0.29301075268817206
KEN,2005-10-01,0.13010752688172042
KEN,2006-01-01,0.13118279569892474
KEN,2006-04-01,0.09462365591397849
KEN,2006-07-01,0.28521505376344086
KEN,2006-10-01,0.007258064516129033
KEN,2007-01-01,0.023655913978494623
KEN,2007-04-01,0.04301075268817204
KEN,2007-07-01,0.14946236559139783
KEN,2007-10-01,0.04946236559139785
KEN,2008-01-01,0.09650537634408601
KEN,2008-04-01,0.14408602150537633
KEN,2008-07-01,0.35376344086021505
KEN,2008-10-01,0.053494623655913974
KEN,2009-01-01,0.1879032258064516
KEN,2009-04-01,0.0728494623655914
KEN,2009-07-01,0.46182795698924733
KEN,2009-10-01,0.02446236559139785
KEN,2010-01-01,0.01801075268817204
KEN,2010-04-01,0.02661290322580645
KEN,2010-07-01,0.29973118279569894
KEN,2010-10-01,0.06236559139784947
KEN,2011-01-01,0.19999999999999998
KEN,2011-04-01,0.11827956989247312
KEN,2011-07-01,0.3016129032258064
KEN,2011-10-01,0.0013440860215053762
KEN,2012-01-01,0.15053763440860216
KEN,2012-04-01,0.07096774193548387
KEN,2012-07-01,0.19059139784946236
KEN,2012-10-01,0.00026881720430107527
KEN,2013-01-01,0.057526881720430106
KEN,2013-04-01,0.050268817204301076
KEN,2013-07-01,0.1956989247311828
KEN,2013-10-01,0.06532258064516129
KEN,2014-01-01,0.11451612903225805
KEN,2014-04-01,0.07580645161290323
KEN,2014-07-01,0.2540322580645161
KEN,2014-10-01,0.01989247311827957
KEN,2015-01-01,0.1586021505376344
KEN,2015-04-01,0.06586021505376344
KEN,2015-07-01,0.31908602150537635
KEN,2015-10-01,0.004301075268817204
KEN,2016-01-01,0.08172043010752687
KEN,2016-04-01,0.04139784946236559
KEN,2016-07-01,0.2731182795698925
KEN,2016-10-01,0.1196236559139785
KEN,2017-01-01,0.164247311827957
KEN,2017-04-01,0.12258064516129032
KEN,2017-07-01,0.2661290322580645
KEN,2017-10-01,0.0543010752688172
KEN,2018-01-01,0.1446236559139785
KEN,2018-04-01,0.0026881720430107525
KEN,2018-07-01,0.10483870967741936
KEN,2018-10-01,0.015591397849462363
KEN,2019-01-01,0.1956989247311828
KEN,2019-04-01,0.08763440860215053
KEN,2019-07-01,0.25645161290322577
KEN,2019-10-01,0.00026881720430107527
KEN,2020-01-01,0.0005376344086021505
KEN,2020-04-01,0.027688172043010755
KEN,2020-07-01,0.13064516129032258
KEN,2020-10-01,0.018548387096774192
KEN,2021-01-01,0.07580645161290323
KEN,2021-04-01,0.114247311827957
KEN,2021-07-01,0.3411290322580645
KEN,2021-10-01,0.1376344086021505
KEN,2022-01-01,0.1086021505376344
KEN,2022-04-01,0.0596774193548387
KEN,2022-07-01,0.28279569892473116
KEN,2022-10-01,0.16182795698924732
KEN,2023-01-01,0.214247311827957
KEN,2023-04-01,0.022311827956989248
KEN,2023-07-01,0.1943548387096774
KEN,2023-10-01,0.03413978494623656
KEN,2024-01-01,0.043548387096774194
KEN,2024-04-01,0.05376344086021506
KEN,2024-07-01,0.17661290322580644
KEN,2024-10-01,0.08790322580645162
MEX,1981-01-01,0.025061218243036424
MEX,1981-04-01,0.016031527395163756
MEX,1981-07-01,0.0017982858891949802
MEX,1981-10-01,0.0440771349862259
MEX,1982-01-01,0.08509335782063054
MEX,1982-04-01,0.025176002448729723
MEX,1982-07-01,0.005815733088460361
MEX,1982-10-01,0.013085399449035813
MEX,1983-01-01,0.012817569635751454
MEX,1983-04-01,0.025520355065809613
MEX,1983-07-01,0.0002678298132843587
MEX,1983-10-01,0.027739516375880013
MEX,1984-01-01,0.03776400367309458
MEX,1984-04-01,0.03512396694214876
MEX,1984-07-01,0.003290480563207836
MEX,1984-10-01,0.018786348331802878
MEX,1985-01-01,0.04461279461279461
MEX,1985-04-01,0.01396541169268442
MEX,1985-07-01,0.005241812059993879
MEX,1985-10-01,0.04648760330578513
MEX,1986-01-01,0.0907177838996021
MEX,1986-04-01,0.01411845730027548
MEX,1986-07-01,0.004935720844811754
MEX,1986-10-01,0.014348025711662075
MEX,1987-01-01,0.04966329966329966
MEX,1987-04-01,0.022995102540557085
MEX,1987-07-01,0.0014156718702173247
MEX,1987-10-01,0.036654423018059386
MEX,1988-01-01,0.05574686256504438
MEX,1988-04-01,0.034320477502295686
MEX,1988-07-01,0.0021043771043771043
MEX,1988-10-01,0.05065809611264157
MEX,1989-01-01,0.07522191613100704
MEX,1989-04-01,0.021617692072237526
MEX,1989-07-01,0.0025252525252525255
MEX,1989-10-01,0.018556779920416284
MEX,1990-01-01,0.02333945515763698
MEX,1990-04-01,0.020622895622895623
MEX,1990-07-01,0.002219161310070401
MEX,1990-10-01,0.033096112641567185
MEX,1991-01-01,0.06867921640648914
MEX,1991-04-01,0.03535353535353535
MEX,1991-07-01,0.004591368227731864
MEX,1991-10-01,0.004591368227731864
MEX,1992-01-01,0.016911539638812367
MEX,1992-04-01,0.005433119069482705
MEX,1992-07-01,0.0027548209366391185
MEX,1992-10-01,0.03466483011937557
MEX,1993-01-01,0.05903734312825223
MEX,1993-04-01,0.02961432506887052
MEX,1993-07-01,0.0030609121518212425
MEX,1993-10-01,0.046181512090603005
MEX,1994-01-01,0.09760483624119988
MEX,1994-04-01,0.05436945209672483
MEX,1994-07-01,0.00746097337006428
MEX,1994-10-01,0.034511784511784514
MEX,1995-01-01,0.0831420263238445
MEX,1995-04-01,0.06653657790021426
MEX,1995-07-01,0.00497398224670952
MEX,1995-10-01,0.02972910927456382
MEX,1996-01-01,0.15518824609733703
MEX,1996-04-01,0.06014692378328742
MEX,1996-07-01,0.006810529537802266
MEX,1996-10-01,0.05142332415059688
MEX,1997-01-01,0.06359044995408632
MEX,1997-04-01,0.014654116926844199
MEX,1997-07-01,0.0058157330884603614
MEX,1997-10-01,0.02460208142026324
MEX,1998-01-01,0.13506274869911233
MEX,1998-04-01,0.10246403428221611
MEX,1998-07-01,0.006313131313131313
MEX,1998-10-01,0.0472910927456382
MEX,1999-01-01,0.1637588001224365
MEX,1999-04-01,0.05811906948270584
MEX,1999-07-01,0.00359657177838996
MEX,1999-10-01,0.09263085399449035
MEX,2000-01-01,0.16176920722375268
MEX,2000-04-01,0.05341291704928069
MEX,2000-07-01,0.010560146923783287
MEX,2000-10-01,0.036807468625650444
MEX,2001-01-01,0.07962197734925008
MEX,2001-04-01,0.032407407407407406
MEX,2001-07-01,0.006925313743495562
MEX,2001-10-01,0.054025099479644935
MEX,2002-01-01,0.11585552494643403
MEX,2002-04-01,0.06741659014386288
MEX,2002-07-01,0.007422711968166513
MEX,2002-10-01,0.03604224058769514
MEX,2003-01-01,0.11126415671870217
MEX,2003-04-01,0.06776094276094276
MEX,2003-07-01,0.0027930823385368835
MEX,2003-10-01,0.06802877257422713
MEX,2004-01-01,0.05440771349862259
MEX,2004-04-01,0.04767370676461585
MEX,2004-07-01,0.0063513927150290785
MEX,2004-10-01,0.04514845423936333
MEX,2005-01-01,0.06619222528313437
MEX,2005-04-01,0.06795224977043159
MEX,2005-07-01,0.007767064585246403
MEX,2005-10-01,0.09695439240893787
MEX,2006-01-01,0.17148760330578514
MEX,2006-04-01,0.0859351086623814
MEX,2006-07-01,0.004935720844811754
MEX,2006-10-01,0.036348331802877255
MEX,2007-01-01,0.06852617079889807
MEX,2007-04-01,0.07242883379247016
MEX,2007-07-01,0.005624426078971533
MEX,2007-10-01,0.0627104377104377
MEX,2008-01-01,0.1738215488215488
MEX,2008-04-01,0.07747933884297521
MEX,2008-07-01,0.0031756963575145397
MEX,2008-10-01,0.10770584634220998
MEX,2009-01-01,0.15924395469850017
MEX,2009-04-01,0.06806703397612489
MEX,2009-07-01,0.012396694214876033
MEX,2009-10-01,0.02337771655953474
MEX,2010-01-01,0.04335016835016834
MEX,2010-04-01,0.04354147535965718
MEX,2010-07-01,0.004782675237220692
MEX,2010-10-01,0.14535506580961124
MEX,2011-01-01,0.22704315886134066
MEX,2011-04-01,0.1605448423630242
MEX,2011-07-01,0.007843587389041935
MEX,2011-10-01,0.08750382614018977
MEX,2012-01-01,0.11183807774716865
MEX,2012-04-01,0.0889194980104071
MEX,2012-07-01,0.005700948882767065
MEX,2012-10-01,0.10284664830119376
MEX,2013-01-01,0.1553030303030303
MEX,2013-04-01,0.10280838689929599
MEX,2013-07-01,0.002027854300581573
MEX,2013-10-01,0.01549586776859504
MEX,2014-01-01,0.13161922252831346
MEX,2014-04-01,0.09511784511784512
MEX,2014-07-01,0.0020278543005815735
MEX,2014-10-01,0.03967707376798286
MEX,2015-01-01,0.026782981328435873
MEX,2015-04-01,0.02379859198041016
MEX,2015-07-01,0.005012243648607285
MEX,2015-10-01,0.03849097030915213
MEX,2016-01-01,0.08199418426691153
MEX,2016-04-01,0.03458830731558004
MEX,2016-07-01,0.001645240281603918
MEX,2016-10-01,0.039638812366085095
MEX,2017-01-01,0.125650443832262
MEX,2017-04-01,0.05559381695745332
MEX,2017-07-01,0.002066115702479339
MEX,2017-10-01,0.07281144781144781
MEX,2018-01-01,0.10544842363024182
MEX,2018-04-01,0.05651209060299969
MEX,2018-07-01,0.005700948882767065
MEX,2018-10-01,0.02356902356902357
MEX,2019-01-01,0.09006734006734007
MEX,2019-04-01,0.07652280379553107
MEX,2019-07-01,0.006274869911233547
MEX,2019-10-01,0.030800428527701252
MEX,2020-01-01,0.06611570247933884
MEX,2020-04-01,0.06060606060606061
MEX,2020-07-01,0.011707988980716254
MEX,2020-10-01,0.12660697887970615
MEX,2021-01-01,0.14826293235384144
MEX,2021-04-01,0.07713498622589532
MEX,2021-07-01,0.0029843893480257116
MEX,2021-10-01,0.05781297826752372
MEX,2022-01-01,0.13395316804407714
MEX,2022-04-01,0.07594888276706459
MEX,2022-07-01,0.006466176920722375
MEX,2022-10-01,0.05765993265993266
MEX,2023-01-01,0.13525405570860116
MEX,2023-04-01,0.08834557698194062
MEX,2023-07-01,0.015113253749617387
MEX,2023-10-01,0.04113100704009795
MEX,2024-01-01,0.10613712886440159
MEX,2024-04-01,0.12186256504438321
MEX,2024-07-01,0.008187940006121825
MEX,2024-10-01,0.12059993878175697
PER,1981-01-01,0.0306204673650282
PER,1981-04-01,0.06088280060882801
PER,1981-07-01,0.16339869281045752
PER,1981-10-01,0.024174053182917002
PER,1982-01-01,0.0149520995612857
PER,1982-04-01,0.11361804995970992
PER,1982-07-01,0.14665592264302982
PER,1982-10-01,0.005013877697197601
PER,1983-01-01,0.005372011818426
PER,1983-04-01,0.10072522159548751
PER,1983-07-01,0.20959799444892113
PER,1983-10-01,0.0157579013340496
PER,1984-01-01,0.0035813412122840007
PER,1984-04-01,0.022293849046467903
PER,1984-07-01,0.11782612588414361
PER,1984-10-01,0.009401020682245501
PER,1985-01-01,0.03975288745635241
PER,1985-04-01,0.05488405407825231
PER,1985-07-01,0.09929268511057392
PER,1985-10-01,0.029725132061957205
PER,1986-01-01,0.0012534694242994002
PER,1986-04-01,0.08389291789775272
PER,1986-07-01,0.11827379353567911
PER,1986-10-01,0.009759154803473901
PER,1987-01-01,0.0020592711970633002
PER,1987-04-01,0.045035365744471305
PER,1987-07-01,0.1246306741874832
PER,1987-10-01,0.012982361894529502
PER,1988-01-01,0.010385889515623602
PER,1988-04-01,0.09750201450443191
PER,1988-07-01,0.24890321425373804
PER,1988-10-01,0.017727639000805803
PER,1989-01-01,0.0018802041364491002
PER,1989-04-01,0.020861312561554306
PER,1989-07-01,0.13931417315784764
PER,1989-10-01,0.06732921479093922
PER,1990-01-01,0.008953353030710001
PER,1990-04-01,0.018712507834183902
PER,1990-07-01,0.1176470588235294
PER,1990-10-01,0.009221953621631302
PER,1991-01-01,0.0106544901065449
PER,1991-04-01,0.044677231623242906
PER,1991-07-01,0.22616169755573465
PER,1991-10-01,0.010744023636852
PER,1992-01-01,0.012534694242994
PER,1992-04-01,0.0896230638374071
PER,1992-07-01,0.1463873220521085
PER,1992-10-01,0.028650729698272006
PER,1993-01-01,0.0029546065001343005
PER,1993-04-01,0.05040737756289731
PER,1993-07-01,0.115498254096159
PER,1993-10-01,0.009759154803473901
PER,1994-01-01,0.0025964723789059
PER,1994-04-01,0.022293849046467903
PER,1994-07-01,0.0948160085952189
PER,1994-10-01,0.007520816545796401
PER,1995-01-01,0.0197869101978691
PER,1995-04-01,0.09213000268600591
PER,1995-07-01,0.2260721640254275
PER,1995-10-01,0.011460291879308802
PER,1996-01-01,0.008505685379174502
PER,1996-04-01,0.07547676604888531
PER,1996-07-01,0.13367356074850031
PER,1996-10-01,0.0225624496373892
PER,1997-01-01,0.0262333243799803
PER,1997-04-01,0.09060793267078521
PER,1997-07-01,0.15498254096159012
PER,1997-10-01,0.0162055689855851
PER,1998-01-01,0.0025069388485988004
PER,1998-04-01,0.0812069119885397
PER,1998-07-01,0.20404691556988094
PER,1998-10-01,0.019876443728176204
PER,1999-01-01,0.0023278717879846003
PER,1999-04-01,0.06974662010923091
PER,1999-07-01,0.229205837586176
PER,1999-10-01,0.015399767212821202
PER,2000-01-01,0.0123556271823798
PER,2000-04-01,0.0378726833199033
PER,2000-07-01,0.0690303518667741
PER,2000-10-01,0.0051034112275047
PER,2001-01-01,0.013161428955143701
PER,2001-04-01,0.1006356880651804
PER,2001-07-01,0.147730325006715
PER,2001-10-01,0.0167427701674277
PER,2002-01-01,0.014146297788521804
PER,2002-04-01,0.09517414271644731
PER,2002-07-01,0.1296445518846808
PER,2002-10-01,0.006894081833646701
PER,2003-01-01,0.019786910197869104
PER,2003-04-01,0.07520816545796401
PER,2003-07-01,0.2066433879487868
PER,2003-10-01,0.017100904288656103
PER,2004-01-01,0.058465395290536314
PER,2004-04-01,0.09786014862566032
PER,2004-07-01,0.11728892470230101
PER,2004-10-01,0.0219357149252395
PER,2005-01-01,0.009221953621631302
PER,2005-04-01,0.110126242277733
PER,2005-07-01,0.2943862476497448
PER,2005-10-01,0.023099650819231803
PER,2006-01-01,0.009759154803473901
PER,2006-04-01,0.16348822634076463
PER,2006-07-01,0.22258035634345064
PER,2006-10-01,0.008326618318560302
PER,2007-01-01,0.041633091592801506
PER,2007-04-01,0.11970633002059271
PER,2007-07-01,0.2088817262064643
PER,2007-10-01,0.007162682424568
PER,2008-01-01,0.0038499418032053
PER,2008-04-01,0.1025158922016295
PER,2008-07-01,0.255170561375235
PER,2008-10-01,0.0271286596830513
PER,2009-01-01,0.00026860059092130003
PER,2009-04-01,0.0757453666398066
PER,2009-07-01,0.163846360461993
PER,2009-10-01,0.013519563076372101
PER,2010-01-01,0.023905452591995707
PER,2010-04-01,0.099382218640881
PER,2010-07-01,0.3015489300743128
PER,2010-10-01,0.0204136449100188
PER,2011-01-01,0.015220700152207002
PER,2011-04-01,0.10609723341391349
PER,2011-07-01,0.23332437998030262
PER,2011-10-01,0.0197869101978691
PER,2012-01-01,0.0025964723789059004
PER,2012-04-01,0.07341749485182202
PER,2012-07-01,0.24406840361715462
PER,2012-10-01,0.005730145939654401
PER,2013-01-01,0.0103858895156236
PER,2013-04-01,0.012892828364222403
PER,2013-07-01,0.10887277285343361
PER,2013-10-01,0.0210403796221685
PER,2014-01-01,0.0047452771062763
PER,2014-04-01,0.0842510520189811
PER,2014-07-01,0.17029277464410422
PER,2014-10-01,0.010564956576237801
PER,2015-01-01,0.0007162682424568001
PER,2015-04-01,0.058644462351150506
PER,2015-07-01,0.21398513743396905
PER,2015-10-01,0.013430029546065002
PER,2016-01-01,0.0335750738651625
PER,2016-04-01,0.08389291789775272
PER,2016-07-01,0.21604440863103233
PER,2016-10-01,0.0222043155161608
PER,2017-01-01,0.0014325364849136003
PER,2017-04-01,0.053988718775181306
PER,2017-07-01,0.20673292147909392
PER,2017-10-01,0.016742770167427704
PER,2018-01-01,0.018712507834183902
PER,2018-04-01,0.06401647416957651
PER,2018-07-01,0.1670695675530486
PER,2018-10-01,0.0094905542125526
PER,2019-01-01,0.0022383382576775003
PER,2019-04-01,0.08568358850389472
PER,2019-07-01,0.22087921926761575
PER,2019-10-01,0.0069836153639538006
PER,2020-01-01,0.0281135285164294
PER,2020-04-01,0.1043960963380786
PER,2020-07-01,0.2253558957829707
PER,2020-10-01,0.0410063568806518
PER,2021-01-01,0.005819679469961501
PER,2021-04-01,0.05676425821470141
PER,2021-07-01,0.2503357507386516
PER,2021-10-01,0.0119079595308443
PER,2022-01-01,0.0210403796221685
PER,2022-04-01,0.1055600322320709
PER,2022-07-01,0.22857910287402636
PER,2022-10-01,0.0509445787447399
PER,2023-01-01,0.0094905542125526
PER,2023-04-01,0.12185513474796311
PER,2023-07-01,0.3310949950756558
PER,2023-10-01,0.0440504969110932
PER,2024-01-01,0.015220700152207
PER,2024-04-01,0.1231981377025696
PER,2024-07-01,0.37084788253200823
PER,2024-10-01,0.038588951562360106
PHL,1981-01-01,0.10345441595441596
PHL,1981-04-01,0.05039173789173789
PHL,1981-07-01,0.019764957264957264
PHL,1981-10-01,0.00836894586894587
PHL,1982-01-01,0.05306267806267806
PHL,1982-04-01,0.017806267806267807
PHL,1982-07-01,0.013354700854700854
PHL,1982-10-01,0.027243589743589747
PHL,1983-01-01,0.17361111111111113
PHL,1983-04-01,0.10345441595441596
PHL,1983-07-01,0.0037393162393162395
PHL,1983-10-01,0.018162393162393164
PHL,1984-01-01,0.05466524216524216
PHL,1984-04-01,0.006232193732193732
PHL,1984-07-01,0.01103988603988604
PHL,1984-10-01,0.0202991452991453
PHL,1985-01-01,0.10185185185185186
PHL,1985-04-01,0.0037393162393162395
PHL,1985-07-01,0.009081196581196582
PHL,1985-10-01,0.002492877492877493
PHL,1986-01-01,0.07336182336182336
PHL,1986-04-01,0.021723646723646725
PHL,1986-07-01,0.004629629629629629
PHL,1986-10-01,0.0349002849002849
PHL,1987-01-01,0.1550925925925926
PHL,1987-04-01,0.07888176638176637
PHL,1987-07-01,0.005341880341880343
PHL,1987-10-01,0.022613960113960118
PHL,1988-01-01,0.09348290598290598
PHL,1988-04-01,0.010505698005698005
PHL,1988-07-01,0.0021367521367521365
PHL,1988-10-01,0.004985754985754986
PHL,1989-01-01,0.02012108262108262
PHL,1989-04-01,0.017628205128205128
PHL,1989-07-01,0.001958689458689459
PHL,1989-10-01,0.05217236467236467
PHL,1990-01-01,0.15616096866096865
PHL,1990-04-01,0.05039173789173789
PHL,1990-07-01,0.006588319088319088
PHL,1990-10-01,0.040776353276353275
PHL,1991-01-01,0.11894586894586895
PHL,1991-04-01,0.041666666666666664
PHL,1991-07-01,0.022970085470085472
PHL,1991-10-01,0.05608974358974359
PHL,1992-01-01,0.19444444444444445
PHL,1992-04-01,0.07567663817663818
PHL,1992-07-01,0.015313390313390315
PHL,1992-10-01,0.0397079772079772
PHL,1993-01-01,0.10434472934472934
PHL,1993-04-01,0.08101851851851852
PHL,1993-07-01,0.0030270655270655273
PHL,1993-10-01,0.0010683760683760683
PHL,1994-01-01,0.09455128205128205
PHL,1994-04-01,0.012464387464387465
PHL,1994-07-01,0.015313390313390315
PHL,1994-10-01,0.05448717948717949
PHL,1995-01-01,0.13105413105413105
PHL,1995-04-01,0.0576923076923077
PHL,1995-07-01,0.00017806267806267807
PHL,1995-10-01,0.0
PHL,1996-01-01,0.05591168091168092
PHL,1996-04-01,0.0026709401709401706
PHL,1996-07-01,0.00035612535612535614
PHL,1996-10-01,0.01745014245014245
PHL,1997-01-01,0.07193732193732194
PHL,1997-04-01,0.043091168091168086
PHL,1997-07-01,0.018696581196581196
PHL,1997-10-01,0.07229344729344729
PHL,1998-01-01,0.1946225071225071
PHL,1998-04-01,0.06855413105413105
PHL,1998-07-01,0.00551994301994302
PHL,1998-10-01,0.0
PHL,1999-01-01,0.016203703703703703
PHL,1999-04-01,0.00035612535612535614
PHL,1999-07-01,0.0
PHL,1999-10-01,0.0007122507122507123
PHL,2000-01-01,0.007478632478632479
PHL,2000-04-01,0.0033831908831908827
PHL,2000-07-01,0.006588319088319088
PHL,2000-10-01,0.0
PHL,2001-01-01,0.017272079772079774
PHL,2001-04-01,0.011930199430199429
PHL,2001-07-01,0.004629629629629629
PHL,2001-10-01,0.006232193732193732
PHL,2002-01-01,0.09597578347578346
PHL,2002-04-01,0.04148860398860399
PHL,2002-07-01,0.008725071225071225
PHL,2002-10-01,0.040242165242165236
PHL,2003-01-01,0.12179487179487179
PHL,2003-04-01,0.05092592592592592
PHL,2003-07-01,0.0026709401709401714
PHL,2003-10-01,0.018696581196581196
PHL,2004-01-01,0.08368945868945869
PHL,2004-04-01,0.03970797720797721
PHL,2004-07-01,0.010683760683760682
PHL,2004-10-01,0.030804843304843305
PHL,2005-01-01,0.150997150997151
PHL,2005-04-01,0.061431623931623935
PHL,2005-07-01,0.004095441595441596
PHL,2005-10-01,0.0005341880341880341
PHL,2006-01-01,0.009437321937321937
PHL,2006-04-01,0.03062678062678063
PHL,2006-07-01,0.005698005698005697
PHL,2006-10-01,0.012998575498575499
PHL,2007-01-01,0.08386752136752136
PHL,2007-04-01,0.029024216524216523
PHL,2007-07-01,0.0037393162393162395
PHL,2007-10-01,0.0012464387464387464
PHL,2008-01-01,0.005876068376068376
PHL,2008-04-01,0.0017806267806267807
PHL,2008-07-01,0.00017806267806267807
PHL,2008-10-01,0.004807692307692308
PHL,2009-01-01,0.019943019943019943
PHL,2009-04-01,0.00035612535612535614
PHL,2009-07-01,0.009259259259259259
PHL,2009-10-01,0.05056980056980057
PHL,2010-01-01,0.12962962962962962
PHL,2010-04-01,0.05074786324786324
PHL,2010-07-01,0.00035612535612535614
PHL,2010-10-01,0.0035612535612535613
PHL,2011-01-01,0.01103988603988604
PHL,2011-04-01,0.006944444444444445
PHL,2011-07-01,0.0026709401709401706
PHL,2011-10-01,0.0
PHL,2012-01-01,0.004451566951566952
PHL,2012-04-01,0.014957264957264954
PHL,2012-07-01,0.004807692307692307
PHL,2012-10-01,0.007834757834757835
PHL,2013-01-01,0.027421652421652423
PHL,2013-04-01,0.019586894586894586
PHL,2013-07-01,0.0012464387464387464
PHL,2013-10-01,0.00551994301994302
PHL,2014-01-01,0.05893874643874644
PHL,2014-04-01,0.019764957264957264
PHL,2014-07-01,0.002492877492877493
PHL,2014-10-01,0.005698005698005698
PHL,2015-01-01,0.09971509971509973
PHL,2015-04-01,0.05733618233618234
PHL,2015-07-01,0.004095441595441595
PHL,2015-10-01,0.02849002849002849
PHL,2016-01-01,0.11716524216524217
PHL,2016-04-01,0.043625356125356125
PHL,2016-07-01,0.00551994301994302
PHL,2016-10-01,0.0
PHL,2017-01-01,0.0073005698005698
PHL,2017-04-01,0.004985754985754986
PHL,2017-07-01,0.0
PHL,2017-10-01,0.0
PHL,2018-01-01,0.02492877492877493
PHL,2018-04-01,0.024394586894586897
PHL,2018-07-01,0.0073005698005698
PHL,2018-10-01,0.01834045584045584
PHL,2019-01-01,0.1396011396011396
PHL,2019-04-01,0.04398148148148148
PHL,2019-07-01,0.01940883190883191
PHL,2019-10-01,0.011396011396011395
PHL,2020-01-01,0.12642450142450143
PHL,2020-04-01,0.04825498575498575
PHL,2020-07-01,0.0010683760683760683
PHL,2020-10-01,0.0
PHL,2021-01-01,0.00035612535612535614
PHL,2021-04-01,0.018162393162393164
PHL,2021-07-01,0.00017806267806267807
PHL,2021-10-01,0.0012464387464387464
PHL,2022-01-01,0.018162393162393164
PHL,2022-04-01,0.0007122507122507123
PHL,2022-07-01,0.0010683760683760683
PHL,2022-10-01,0.005876068376068376
PHL,2023-01-01,0.04006410256410257
PHL,2023-04-01,0.008012820512820512
PHL,2023-07-01,0.002492877492877493
PHL,2023-10-01,0.007478632478632479
PHL,2024-01-01,0.12873931623931625
PHL,2024-04-01,0.0706908831908832
PHL,2024-07-01,0.0
PHL,2024-10-01,0.0008903133903133903
THA,1981-01-01,0.1734292073275124
THA,1981-04-01,0.004793699708953946
THA,1981-07-01,0.004622496147919877
THA,1981-10-01,0.07087827426810478
THA,1982-01-01,0.18438623523369282
THA,1982-04-01,0.002054442732408834
THA,1982-07-01,0.00017120356103406952
THA,1982-10-01,0.07139188495120698
THA,1983-01-01,0.24191063174114022
THA,1983-04-01,0.04280089025851738
THA,1983-07-01,0.00017120356103406952
THA,1983-10-01,0.04536894367402842
THA,1984-01-01,0.1391884951206985
THA,1984-04-01,0.0006848142441362781
THA,1984-07-01,0.002396849854476973
THA,1984-10-01,0.0965588084232152
THA,1985-01-01,0.15288478000342406
THA,1985-04-01,0.001027221366204417
THA,1985-07-01,0.00017120356103406952
THA,1985-10-01,0.08457455915083034
THA,1986-01-01,0.23831535695942474
THA,1986-04-01,0.0030816640986132513
THA,1986-07-01,0.002396849854476973
THA,1986-10-01,0.040746447526108544
THA,1987-01-01,0.2004793699708954
THA,1987-04-01,0.009073788734805684
THA,1987-07-01,0.00017120356103406952
THA,1987-10-01,0.07361753124464988
THA,1988-01-01,0.16264338298236605
THA,1988-04-01,0.0015408320493066254
THA,1988-07-01,0.0
THA,1988-10-01,0.1032357473035439
THA,1989-01-01,0.1705187467899332
THA,1989-04-01,0.019174798835815788
THA,1989-07-01,0.00017120356103406952
THA,1989-10-01,0.11265194316041773
THA,1990-01-01,0.18883752782057864
THA,1990-04-01,0.004793699708953946
THA,1990-07-01,0.0059921246361924335
THA,1990-10-01,0.08885464817668208
THA,1991-01-01,0.19174798835815784
THA,1991-04-01,0.0025680534155110425
THA,1991-07-01,0.00034240712206813905
THA,1991-10-01,0.0600924499229584
THA,1992-01-01,0.14569423043999316
THA,1992-04-01,0.04040404040404041
THA,1992-07-01,0.0005136106831022085
THA,1992-10-01,0.03287108371854135
THA,1993-01-01,0.1696627289847629
THA,1993-04-01,0.0029104605375791814
THA,1993-07-01,0.00017120356103406952
THA,1993-10-01,0.11196712891628145
THA,1994-01-01,0.17017633966786508
THA,1994-04-01,0.0025680534155110425
THA,1994-07-01,0.0015408320493066256
THA,1994-10-01,0.07190549563430919
THA,1995-01-01,0.20253381270330426
THA,1995-04-01,0.012669063516521145
THA,1995-07-01,0.00017120356103406952
THA,1995-10-01,0.09056668378702276
THA,1996-01-01,0.16795069337442217
THA,1996-04-01,0.0
THA,1996-07-01,0.0
THA,1996-10-01,0.0667693888032871
THA,1997-01-01,0.18952234206471497
THA,1997-04-01,0.00719054956343092
THA,1997-07-01,0.00017120356103406952
THA,1997-10-01,0.0975860297894196
THA,1998-01-01,0.18952234206471497
THA,1998-04-01,0.023797294983735662
THA,1998-07-01,0.0
THA,1998-10-01,0.0544427324088341
THA,1999-01-01,0.12497859955487074
THA,1999-04-01,0.0
THA,1999-07-01,0.00034240712206813905
THA,1999-10-01,0.04810820065057353
THA,2000-01-01,0.08115048793014895
THA,2000-04-01,0.0
THA,2000-07-01,0.0005136106831022085
THA,2000-10-01,0.09193631227529532
THA,2001-01-01,0.14997431946584489
THA,2001-04-01,0.01061462078411231
THA,2001-07-01,0.0008560178051703475
THA,2001-10-01,0.08440335558979627
THA,2002-01-01,0.16640986132511557
THA,2002-04-01,0.003766478342749529
THA,2002-07-01,0.007361753124464989
THA,2002-10-01,0.019174798835815784
THA,2003-01-01,0.0926211265194316
THA,2003-04-01,0.009244992295839754
THA,2003-07-01,0.0006848142441362781
THA,2003-10-01,0.11881527135764425
THA,2004-01-01,0.14038692004793699
THA,2004-04-01,0.011299435028248588
THA,2004-07-01,0.0017120356103406953
THA,2004-10-01,0.13131313131313133
THA,2005-01-01,0.21040917651087143
THA,2005-04-01,0.013011470638589283
THA,2005-07-01,0.0017120356103406953
THA,2005-10-01,0.04947782913884608
THA,2006-01-01,0.12497859955487074
THA,2006-04-01,0.0
THA,2006-07-01,0.0006848142441362781
THA,2006-10-01,0.1016949152542373
THA,2007-01-01,0.1633281972265023
THA,2007-04-01,0.0029104605375791814
THA,2007-07-01,0.00017120356103406952
THA,2007-10-01,0.09690121554528335
THA,2008-01-01,0.1100838897449067
THA,2008-04-01,0.0
THA,2008-07-01,0.0
THA,2008-10-01,0.0522170861153912
THA,2009-01-01,0.13507960965588084
THA,2009-04-01,0.002396849854476973
THA,2009-07-01,0.00017120356103406952
THA,2009-10-01,0.09690121554528335
THA,2010-01-01,0.064030131826742
THA,2010-04-01,0.013525081321691492
THA,2010-07-01,0.00034240712206813905
THA,2010-10-01,0.028077384009587397
THA,2011-01-01,0.12258174970039376
THA,2011-04-01,0.00017120356103406952
THA,2011-07-01,0.00017120356103406952
THA,2011-10-01,0.09347714432460195
THA,2012-01-01,0.02568053415511043
THA,2012-04-01,0.006505735319294641
THA,2012-07-01,0.0027392569765451124
THA,2012-10-01,0.0482794042116076
THA,2013-01-01,0.08851224105461393
THA,2013-04-01,0.005992124636192433
THA,2013-07-01,0.001027221366204417
THA,2013-10-01,0.02105803800719055
THA,2014-01-01,0.2122924156822462
THA,2014-04-01,0.005307310392056155
THA,2014-07-01,0.00359527478171546
THA,2014-10-01,0.07276151343947954
THA,2015-01-01,0.11248073959938366
THA,2015-04-01,0.0022256462934429036
THA,2015-07-01,0.00017120356103406952
THA,2015-10-01,0.044684129429892146
THA,2016-01-01,0.14209895565827768
THA,2016-04-01,0.03903441191576785
THA,2016-07-01,0.0011984249272384865
THA,2016-10-01,0.042972093819551443
THA,2017-01-01,0.07943845231980824
THA,2017-04-01,0.00034240712206813905
THA,2017-07-01,0.0013696284882725562
THA,2017-10-01,0.013011470638589283
THA,2018-01-01,0.05564115733607259
THA,2018-04-01,0.00034240712206813905
THA,2018-07-01,0.006163328197226502
THA,2018-10-01,0.014894709809964048
THA,2019-01-01,0.11590481082006505
THA,2019-04-01,0.015750727615134397
THA,2019-07-01,0.0015408320493066256
THA,2019-10-01,0.09895565827769216
THA,2020-01-01,0.2470467385721623
THA,2020-04-01,0.00017120356103406952
THA,2020-07-01,0.00017120356103406952
THA,2020-10-01,0.08183530217428522
THA,2021-01-01,0.16127375449409348
THA,2021-04-01,0.00017120356103406952
THA,2021-07-01,0.00034240712206813905
THA,2021-10-01,0.062489299777435364
THA,2022-01-01,0.06608457455915083
THA,2022-04-01,0.00017120356103406952
THA,2022-07-01,0.0006848142441362781
THA,2022-10-01,0.04177366889231296
THA,2023-01-01,0.1224105461393597
THA,2023-04-01,0.009416195856873822
THA,2023-07-01,0.00017120356103406952
THA,2023-10-01,0.05581236089710665
THA,2024-01-01,0.12155452833418935
THA,2024-04-01,0.024995719910974146
THA,2024-07-01,0.0008560178051703475
THA,2024-10-01,0.06950864577983222
ZAF,1981-01-01,0.020400079223608637
ZAF,1981-04-01,0.03673994850465439
ZAF,1981-07-01,0.10061398296692414
ZAF,1981-10-01,0.00683303624480095
ZAF,1982-01-01,0.0196078431372549
ZAF,1982-04-01,0.06337888690829867
ZAF,1982-07-01,0.10209942562883739
ZAF,1982-10-01,0.002772826302238067
ZAF,1983-01-01,0.012576747870865518
ZAF,1983-04-01,0.029114676173499703
ZAF,1983-07-01,0.08100613982966924
ZAF,1983-10-01,0.0014854426619132501
ZAF,1984-01-01,0.020202020202020204
ZAF,1984-04-01,0.05842741136858784
ZAF,1984-07-01,0.11378490790255497
ZAF,1984-10-01,0.0049514755397108345
ZAF,1985-01-01,0.000990295107942167
ZAF,1985-04-01,0.11853832442067735
ZAF,1985-07-01,0.2474747474747475
ZAF,1985-10-01,0.0012873836403248168
ZAF,1986-01-01,0.023668053079817786
ZAF,1986-04-01,0.09784115666468607
ZAF,1986-07-01,0.12408397702515349
ZAF,1986-10-01,0.020102990691225984
ZAF,1987-01-01,0.05565458506634977
ZAF,1987-04-01,0.0872449990097049
ZAF,1987-07-01,0.10001980590215885
ZAF,1987-10-01,0.016636957813428402
ZAF,1988-01-01,0.025450584274113685
ZAF,1988-04-01,0.014854426619132501
ZAF,1988-07-01,0.05763517528223411
ZAF,1988-10-01,0.002475737769855417
ZAF,1989-01-01,0.0005941770647653
ZAF,1989-04-01,0.027926322043969106
ZAF,1989-07-01,0.1585462467815409
ZAF,1989-10-01,0.010596157654981184
ZAF,1990-01-01,0.013071895424836602
ZAF,1990-04-01,0.05060408001584472
ZAF,1990-07-01,0.14527629233511585
ZAF,1990-10-01,0.02901564666270549
ZAF,1991-01-01,0.018815607050901167
ZAF,1991-04-01,0.07724301841948901
ZAF,1991-07-01,0.17072687660922958
ZAF,1991-10-01,0.0041592394533571005
ZAF,1992-01-01,0.006734006734006734
ZAF,1992-04-01,0.20687264804911865
ZAF,1992-07-01,0.1687462863933452
ZAF,1992-10-01,0.034858387799564274
ZAF,1993-01-01,0.026143790849673203
ZAF,1993-04-01,0.11536938007526243
ZAF,1993-07-01,0.18072885719944543
ZAF,1993-10-01,0.0071301247771836
ZAF,1994-01-01,0.021291344820756588
ZAF,1994-04-01,0.1721132897603486
ZAF,1994-07-01,0.19439492968904734
ZAF,1994-10-01,0.01277480689245395
ZAF,1995-01-01,0.006337888690829868
ZAF,1995-04-01,0.10160427807486631
ZAF,1995-07-01,0.18746286393345216
ZAF,1995-10-01,0.00039611804317686675
ZAF,1996-01-01,0.007130124777183601
ZAF,1996-04-01,0.10932857991681522
ZAF,1996-07-01,0.04585066349772232
ZAF,1996-10-01,0.00019805902158843337
ZAF,1997-01-01,0.018221429986135868
ZAF,1997-04-01,0.006535947712418301
ZAF,1997-07-01,0.058724499900970485
ZAF,1997-10-01,0.016537928302634185
ZAF,1998-01-01,0.006734006734006734
ZAF,1998-04-01,0.168647256882551
ZAF,1998-07-01,0.1729055258467023
ZAF,1998-10-01,0.007526242820360467
ZAF,1999-01-01,0.015151515151515152
ZAF,1999-04-01,0.10477322242028124
ZAF,1999-07-01,0.17518320459496928
ZAF,1999-10-01,0.0038621509209744507
ZAF,2000-01-01,0.0046543870073281835
ZAF,2000-04-01,0.0790255496137849
ZAF,2000-07-01,0.18013468013468015
ZAF,2000-10-01,0.032184591008120426
ZAF,2001-01-01,0.014953456129926719
ZAF,2001-04-01,0.06932065755595167
ZAF,2001-07-01,0.09724697959992078
ZAF,2001-10-01,0.0041592394533571
ZAF,2002-01-01,0.006833036244800951
ZAF,2002-04-01,0.02653990889285007
ZAF,2002-07-01,0.06833036244800951
ZAF,2002-10-01,0.018320459496930085
ZAF,2003-01-01,0.02653990889285007
ZAF,2003-04-01,0.15181224004753416
ZAF,2003-07-01,0.23658150128738364
ZAF,2003-10-01,0.032580709051297285
ZAF,2004-01-01,0.017033075856605268
ZAF,2004-04-01,0.16785502079619727
ZAF,2004-07-01,0.14993067934244406
ZAF,2004-10-01,0.019211725094078036
ZAF,2005-01-01,0.010398098633392751
ZAF,2005-04-01,0.09635571400277282
ZAF,2005-07-01,0.2416320063378887
ZAF,2005-10-01,0.036442859972271736
ZAF,2006-01-01,0.025747672806496338
ZAF,2006-04-01,0.08100613982966924
ZAF,2006-07-01,0.11665676371558724
ZAF,2006-10-01,0.017726282432164786
ZAF,2007-01-01,0.028619528619528618
ZAF,2007-04-01,0.1223014458308576
ZAF,2007-07-01,0.30382253911665674
ZAF,2007-10-01,0.00029708853238265
ZAF,2008-01-01,0.006535947712418301
ZAF,2008-04-01,0.06852842146959794
ZAF,2008-07-01,0.3145177262824322
ZAF,2008-10-01,0.04842543077837195
ZAF,2009-01-01,0.044761338878985944
ZAF,2009-04-01,0.045949693008516534
ZAF,2009-07-01,0.21202218261041791
ZAF,2009-10-01,0.020400079223608637
ZAF,2010-01-01,0.020895226777579715
ZAF,2010-04-01,0.16161616161616163
ZAF,2010-07-01,0.3605664488017429
ZAF,2010-10-01,0.04763319469201822
ZAF,2011-01-01,0.010398098633392751
ZAF,2011-04-01,0.024460289166171517
ZAF,2011-07-01,0.19102792632204393
ZAF,2011-10-01,0.052782729253317485
ZAF,2012-01-01,0.025648643295702118
ZAF,2012-04-01,0.12160823925529807
ZAF,2012-07-01,0.19182016240839772
ZAF,2012-10-01,0.04495939790057437
ZAF,2013-01-01,0.03545256486432957
ZAF,2013-04-01,0.16250742721330955
ZAF,2013-07-01,0.3152109328579917
ZAF,2013-10-01,0.02980788274905922
ZAF,2014-01-01,0.006139829669241433
ZAF,2014-04-01,0.1514161220043573
ZAF,2014-07-01,0.28055060408001586
ZAF,2014-10-01,0.04278074866310161
ZAF,2015-01-01,0.05763517528223411
ZAF,2015-04-01,0.18241235888294713
ZAF,2015-07-01,0.13398692810457516
ZAF,2015-10-01,0.12725292137056843
ZAF,2016-01-01,0.024163200633788868
ZAF,2016-04-01,0.08169934640522876
ZAF,2016-07-01,0.1775599128540305
ZAF,2016-10-01,0.15795206971677558
ZAF,2017-01-01,0.047435135670429784
ZAF,2017-04-01,0.1940978411566647
ZAF,2017-07-01,0.37819370172311345
ZAF,2017-10-01,0.03832442067736185
ZAF,2018-01-01,0.01733016438898792
ZAF,2018-04-01,0.1603287779758368
ZAF,2018-07-01,0.21509209744503863
ZAF,2018-10-01,0.11744899980194097
ZAF,2019-01-01,0.0647653000594177
ZAF,2019-04-01,0.2156862745098039
ZAF,2019-07-01,0.40027728263022383
ZAF,2019-10-01,0.1509209744503862
ZAF,2020-01-01,0.030005941770647655
ZAF,2020-04-01,0.19281045751633985
ZAF,2020-07-01,0.30243612596553776
ZAF,2020-10-01,0.04971281441869677
ZAF,2021-01-01,0.02594573182808477
ZAF,2021-04-01,0.1359675183204595
ZAF,2021-07-01,0.26737967914438504
ZAF,2021-10-01,0.0029708853238265
ZAF,2022-01-01,0.00920974450386215
ZAF,2022-04-01,0.047435135670429784
ZAF,2022-07-01,0.12962962962962962
ZAF,2022-10-01,0.011388393741334919
ZAF,2023-01-01,0.00623885918003565
ZAF,2023-04-01,0.06506238859180036
ZAF,2023-07-01,0.20578332343038228
ZAF,2023-10-01,0.03347197464844524
ZAF,2024-01-01,0.02228163992869875
ZAF,2024-04-01,0.1335908100613983
ZAF,2024-07-01,0.27748068924539515
ZAF,2024-10-01,0.08684888096652803
