country,quarter,PRITHVI_HEAT_EXTENT
BRA,1981-01-01,0.030148883374689826
BRA,1981-04-01,0.0
BRA,1981-07-01,0.02777777777777778
BRA,1981-10-01,0.018679349324510614
BRA,1982-01-01,0.018886131789357597
BRA,1982-04-01,0.0
BRA,1982-07-01,0.010504549214226633
BRA,1982-10-01,0.05113041080783016
BRA,1983-01-01,0.10026192445547284
BRA,1983-04-01,0.013688999172870142
BRA,1983-07-01,0.03855803694513372
BRA,1983-10-01,0.030300523848910948
BRA,1984-01-01,0.07794320374965537
BRA,1984-04-01,0.00035842293906810036
BRA,1984-07-01,0.00293631100082713
BRA,1984-10-01,0.03607664736696995
BRA,1985-01-01,0.04551971326164875
BRA,1985-04-01,0.004342431761786601
BRA,1985-07-01,0.010201268265784396
BRA,1985-10-01,0.040515577612351805
BRA,1986-01-01,0.03846153846153846
BRA,1986-04-01,0.0006617038875103391
BRA,1986-07-01,0.007499310725117177
BRA,1986-10-01,0.01994761510890543
BRA,1987-01-01,0.05315687896333058
BRA,1987-04-01,0.0018196856906534326
BRA,1987-07-01,0.07122966639095671
BRA,1987-10-01,0.13879239040529365
BRA,1988-01-01,0.08688999172870142
BRA,1988-04-01,0.0019851116625310174
BRA,1988-07-01,0.07102288392610973
BRA,1988-10-01,0.037827405569341055
BRA,1989-01-01,0.03711055969120485
BRA,1989-04-01,0.0
BRA,1989-07-01,0.025448028673835124
BRA,1989-10-01,0.030727874276261374
BRA,1990-01-01,0.053322304935208155
BRA,1990-04-01,0.002453818582850841
BRA,1990-07-01,0.01389578163771712
BRA,1990-10-01,0.08898538737248414
BRA,1991-01-01,0.021753515301902403
BRA,1991-04-01,6.892748828232699e-05
BRA,1991-07-01,0.011538461538461539
BRA,1991-10-01,0.05595533498759306
BRA,1992-01-01,0.03409153570443893
BRA,1992-04-01,0.004438930245381858
BRA,1992-07-01,0.015508684863523574
BRA,1992-10-01,0.03516680452164323
BRA,1993-01-01,0.04269368624207334
BRA,1993-04-01,0.0038185828508409156
BRA,1993-07-01,0.02606837606837607
BRA,1993-10-01,0.08327819134270747
BRA,1994-01-01,0.05256410256410257
BRA,1994-04-01,0.00012406947890818859
BRA,1994-07-01,0.047477253928866835
BRA,1994-10-01,0.08476702508960572
BRA,1995-01-01,0.07077474496829335
BRA,1995-04-01,0.0007719878687620623
BRA,1995-07-01,0.0985663082437276
BRA,1995-10-01,0.07766749379652606
BRA,1996-01-01,0.06439205955334988
BRA,1996-04-01,0.0009098428453267163
BRA,1996-07-01,0.04807003032809484
BRA,1996-10-01,0.031196581196581197
BRA,1997-01-01,0.024744968293355388
BRA,1997-04-01,0.0005100634132892197
BRA,1997-07-01,0.1303556658395368
BRA,1997-10-01,0.2520540391508133
BRA,1998-01-01,0.2114281775572098
BRA,1998-04-01,0.0722773642128481
BRA,1998-07-01,0.1349048800661704
BRA,1998-10-01,0.09364488558036944
BRA,1999-01-01,0.05970499035015164
BRA,1999-04-01,0.0004962779156327543
BRA,1999-07-01,0.06782464846980975
BRA,1999-10-01,0.05412186379928315
BRA,2000-01-01,0.02109181141439206
BRA,2000-04-01,0.0
BRA,2000-07-01,0.023435346015991176
BRA,2000-10-01,0.05062034739454094
BRA,2001-01-01,0.0685277088502895
BRA,2001-04-01,0.0033085194375516956
BRA,2001-07-01,0.06475048249241798
BRA,2001-10-01,0.11470912599944859
BRA,2002-01-01,0.04918665563826854
BRA,2002-04-01,0.017976288944030878
BRA,2002-07-01,0.09830438378825475
BRA,2002-10-01,0.1745795423214778
BRA,2003-01-01,0.10612076095947064
BRA,2003-04-01,0.002150537634408602
BRA,2003-07-01,0.06499862145023436
BRA,2003-10-01,0.12511717673007997
BRA,2004-01-01,0.04025365315687896
BRA,2004-04-01,0.0037910118555279843
BRA,2004-07-01,0.06763165150261925
BRA,2004-10-01,0.157968017645437
BRA,2005-01-01,0.08751033912324235
BRA,2005-04-01,0.006727322856355115
BRA,2005-07-01,0.1331127653708299
BRA,2005-10-01,0.15361180038599395
BRA,2006-01-01,0.08282326992004412
BRA,2006-04-01,0.0009374138406396471
BRA,2006-07-01,0.12926661152467603
BRA,2006-10-01,0.11373035566583954
BRA,2007-01-01,0.12431761786600497
BRA,2007-04-01,0.009994485800937413
BRA,2007-07-01,0.118127929418252
BRA,2007-10-01,0.13261648745519714
BRA,2008-01-01,0.022153294733939895
BRA,2008-04-01,0.0021643231320650678
BRA,2008-07-01,0.1214364488558037
BRA,2008-10-01,0.13658671078025916
BRA,2009-01-01,0.05328094844223876
BRA,2009-04-01,0.002770885028949545
BRA,2009-07-01,0.15129583677970776
BRA,2009-10-01,0.20293631100082712
BRA,2010-01-01,0.1746622553074166
BRA,2010-04-01,0.041990625861593606
BRA,2010-07-01,0.14893851668045216
BRA,2010-10-01,0.15166804521643232
BRA,2011-01-01,0.05641025641025641
BRA,2011-04-01,0.008891645988420181
BRA,2011-07-01,0.15318444995864353
BRA,2011-10-01,0.08680727874276262
BRA,2012-01-01,0.04481665288116901
BRA,2012-04-01,0.01749379652605459
BRA,2012-07-01,0.13451888613178933
BRA,2012-10-01,0.22140887786049077
BRA,2013-01-01,0.08269920044113592
BRA,2013-04-01,0.007706093189964157
BRA,2013-07-01,0.09640198511166254
BRA,2013-10-01,0.09957264957264957
BRA,2014-01-01,0.06645988420181968
BRA,2014-04-01,0.002150537634408602
BRA,2014-07-01,0.1382823269920044
BRA,2014-10-01,0.1291149710504549
BRA,2015-01-01,0.09086021505376345
BRA,2015-04-01,0.009250068927488283
BRA,2015-07-01,0.18786876206231043
BRA,2015-10-01,0.37594430658946787
BRA,2016-01-01,0.20989798731734213
BRA,2016-04-01,0.07105045492142266
BRA,2016-07-01,0.1482905982905983
BRA,2016-10-01,0.20074441687344913
BRA,2017-01-01,0.09909015715467329
BRA,2017-04-01,0.01542597187758478
BRA,2017-07-01,0.18500137854976564
BRA,2017-10-01,0.1742624758753791
BRA,2018-01-01,0.0756961676316515
BRA,2018-04-01,0.0005652054039150813
BRA,2018-07-01,0.13613178935759582
BRA,2018-10-01,0.16927212572373862
BRA,2019-01-01,0.14164598842018197
BRA,2019-04-01,0.019120485249517507
BRA,2019-07-01,0.16313757926661152
BRA,2019-10-01,0.15585883650399782
BRA,2020-01-01,0.13209263854425143
BRA,2020-04-01,0.0025089605734767025
BRA,2020-07-01,0.15428728977116074
BRA,2020-10-01,0.16674937965260547
BRA,2021-01-01,0.038709677419354833
BRA,2021-04-01,0.0007444168734491315
BRA,2021-07-01,0.149200441135925
BRA,2021-10-01,0.13220292252550317
BRA,2022-01-01,0.06738351254480286
BRA,2022-04-01,0.0026606010476978217
BRA,2022-07-01,0.1282051282051282
BRA,2022-10-01,0.08309897987317343
BRA,2023-01-01,0.041714915908464295
BRA,2023-04-01,0.005059277639922801
BRA,2023-07-01,0.22401433691756276
BRA,2023-10-01,0.3691342707471739
BRA,2024-01-01,0.21539840088227188
BRA,2024-04-01,0.08815825751309621
BRA,2024-07-01,0.19826302729528536
BRA,2024-10-01,0.23866832092638546
CHL,1981-01-01,0.10939849624060151
CHL,1981-04-01,0.0003132832080200501
CHL,1981-07-01,0.0
CHL,1981-10-01,0.011904761904761904
CHL,1982-01-01,0.0931077694235589
CHL,1982-04-01,0.0
CHL,1982-07-01,0.0
CHL,1982-10-01,0.03884711779448621
CHL,1983-01-01,0.1887218045112782
CHL,1983-04-01,0.0030701754385964917
CHL,1983-07-01,0.0
CHL,1983-10-01,0.06171679197994987
CHL,1984-01-01,0.06892230576441102
CHL,1984-04-01,0.0
CHL,1984-07-01,0.0
CHL,1984-10-01,0.04172932330827068
CHL,1985-01-01,0.12230576441102757
CHL,1985-04-01,0.0
CHL,1985-07-01,0.0
CHL,1985-10-01,0.003947368421052631
CHL,1986-01-01,0.038972431077694235
CHL,1986-04-01,0.0
CHL,1986-07-01,0.0
CHL,1986-10-01,0.017042606516290727
CHL,1987-01-01,0.16967418546365917
CHL,1987-04-01,0.0
CHL,1987-07-01,0.0
CHL,1987-10-01,0.017669172932330827
CHL,1988-01-01,0.10350877192982456
CHL,1988-04-01,0.0
CHL,1988-07-01,0.0
CHL,1988-10-01,0.0006892230576441104
CHL,1989-01-01,0.13095238095238096
CHL,1989-04-01,0.0
CHL,1989-07-01,0.0
CHL,1989-10-01,0.004761904761904762
CHL,1990-01-01,0.10971177944862154
CHL,1990-04-01,0.0
CHL,1990-07-01,0.0
CHL,1990-10-01,0.012907268170426067
CHL,1991-01-01,0.13659147869674185
CHL,1991-04-01,0.0
CHL,1991-07-01,0.0
CHL,1991-10-01,6.265664160401002e-05
CHL,1992-01-01,0.10275689223057645
CHL,1992-04-01,0.00012531328320802005
CHL,1992-07-01,0.0
CHL,1992-10-01,0.019360902255639096
CHL,1993-01-01,0.11372180451127821
CHL,1993-04-01,0.0
CHL,1993-07-01,0.0
CHL,1993-10-01,0.009649122807017544
CHL,1994-01-01,0.10927318295739348
CHL,1994-04-01,0.0
CHL,1994-07-01,0.0
CHL,1994-10-01,0.03728070175438596
CHL,1995-01-01,0.11973684210526316
CHL,1995-04-01,0.0008145363408521303
CHL,1995-07-01,0.0002506265664160401
CHL,1995-10-01,0.05520050125313283
CHL,1996-01-01,0.031265664160401004
CHL,1996-04-01,0.0
CHL,1996-07-01,0.0
CHL,1996-10-01,0.0046992481203007525
CHL,1997-01-01,0.10357142857142858
CHL,1997-04-01,6.265664160401002e-05
CHL,1997-07-01,0.0
CHL,1997-10-01,0.03107769423558897
CHL,1998-01-01,0.17857142857142858
CHL,1998-04-01,0.005701754385964912
CHL,1998-07-01,0.0
CHL,1998-10-01,0.010275689223057645
CHL,1999-01-01,0.12832080200501253
CHL,1999-04-01,6.265664160401002e-05
CHL,1999-07-01,0.0
CHL,1999-10-01,0.005576441102756892
CHL,2000-01-01,0.05839598997493734
CHL,2000-04-01,0.0
CHL,2000-07-01,0.0
CHL,2000-10-01,0.02080200501253133
CHL,2001-01-01,0.07656641604010024
CHL,2001-04-01,0.0
CHL,2001-07-01,0.0
CHL,2001-10-01,0.04598997493734336
CHL,2002-01-01,0.14216791979949875
CHL,2002-04-01,6.265664160401002e-05
CHL,2002-07-01,6.265664160401002e-05
CHL,2002-10-01,0.035651629072681705
CHL,2003-01-01,0.13101503759398495
CHL,2003-04-01,0.00012531328320802005
CHL,2003-07-01,0.0
CHL,2003-10-01,0.017731829573934838
CHL,2004-01-01,0.19918546365914788
CHL,2004-04-01,0.0
CHL,2004-07-01,0.00012531328320802005
CHL,2004-10-01,0.03427318295739348
CHL,2005-01-01,0.12531328320802004
CHL,2005-04-01,0.0008145363408521303
CHL,2005-07-01,0.0
CHL,2005-10-01,0.02199248120300752
CHL,2006-01-01,0.16478696741854637
CHL,2006-04-01,0.0
CHL,2006-07-01,0.0
CHL,2006-10-01,0.0293859649122807
CHL,2007-01-01,0.11578947368421051
CHL,2007-04-01,0.0
CHL,2007-07-01,0.0
CHL,2007-10-01,0.002443609022556391
CHL,2008-01-01,0.18602756892230576
CHL,2008-04-01,0.0
CHL,2008-07-01,0.0
CHL,2008-10-01,0.05614035087719299
CHL,2009-01-01,0.14385964912280702
CHL,2009-04-01,0.0
CHL,2009-07-01,0.0008771929824561404
CHL,2009-10-01,0.037844611528822056
CHL,2010-01-01,0.11760651629072681
CHL,2010-04-01,0.0018170426065162908
CHL,2010-07-01,0.00031328320802005016
CHL,2010-10-01,0.0033208020050125315
CHL,2011-01-01,0.131265664160401
CHL,2011-04-01,0.0
CHL,2011-07-01,0.0003132832080200501
CHL,2011-10-01,0.06823308270676692
CHL,2012-01-01,0.1613408521303258
CHL,2012-04-01,0.0
CHL,2012-07-01,0.002130325814536341
CHL,2012-10-01,0.017042606516290727
CHL,2013-01-01,0.18583959899749372
CHL,2013-04-01,0.0033834586466165418
CHL,2013-07-01,6.265664160401002e-05
CHL,2013-10-01,0.04617794486215538
CHL,2014-01-01,0.0981203007518797
CHL,2014-04-01,0.00012531328320802005
CHL,2014-07-01,0.00018796992481203009
CHL,2014-10-01,0.019235588972431078
CHL,2015-01-01,0.19893483709273183
CHL,2015-04-01,0.0018170426065162908
CHL,2015-07-01,0.0009398496240601503
CHL,2015-10-01,0.031578947368421054
CHL,2016-01-01,0.23477443609022555
CHL,2016-04-01,0.0016917293233082709
CHL,2016-07-01,0.0004385964912280702
CHL,2016-10-01,0.038032581453634084
CHL,2017-01-01,0.19028822055137842
CHL,2017-04-01,0.0
CHL,2017-07-01,0.00037593984962406017
CHL,2017-10-01,0.0275062656641604
CHL,2018-01-01,0.15914786967418545
CHL,2018-04-01,6.265664160401002e-05
CHL,2018-07-01,0.00012531328320802005
CHL,2018-10-01,0.05194235588972432
CHL,2019-01-01,0.1525062656641604
CHL,2019-04-01,0.00012531328320802005
CHL,2019-07-01,0.0008145363408521303
CHL,2019-10-01,0.0674812030075188
CHL,2020-01-01,0.24085213032581454
CHL,2020-04-01,0.0025062656641604013
CHL,2020-07-01,0.0003132832080200501
CHL,2020-10-01,0.036466165413533834
CHL,2021-01-01,0.1602130325814536
CHL,2021-04-01,0.0003132832080200501
CHL,2021-07-01,0.0006892230576441102
CHL,2021-10-01,0.06322055137844612
CHL,2022-01-01,0.12261904761904763
CHL,2022-04-01,0.0
CHL,2022-07-01,0.0
CHL,2022-10-01,0.05526315789473685
CHL,2023-01-01,0.18114035087719296
CHL,2023-04-01,0.0007518796992481202
CHL,2023-07-01,0.0007518796992481202
CHL,2023-10-01,0.04104010025062657
CHL,2024-01-01,0.1981203007518797
CHL,2024-04-01,0.0038847117794486214
CHL,2024-07-01,0.0016290726817042606
CHL,2024-10-01,0.05551378446115288
COL,1981-01-01,0.16340488215488216
COL,1981-04-01,0.003577441077441078
COL,1981-07-01,0.00010521885521885523
COL,1981-10-01,0.0022095959595959595
COL,1982-01-01,0.0361952861952862
COL,1982-04-01,0.00010521885521885523
COL,1982-07-01,0.014099326599326598
COL,1982-10-01,0.0
COL,1983-01-01,0.2663089225589226
COL,1983-04-01,0.06691919191919192
COL,1983-07-01,0.003787878787878788
COL,1983-10-01,0.0
COL,1984-01-01,0.012521043771043771
COL,1984-04-01,0.0011574074074074073
COL,1984-07-01,0.0
COL,1984-10-01,0.0
COL,1985-01-01,0.16624579124579122
COL,1985-04-01,0.005471380471380472
COL,1985-07-01,0.0
COL,1985-10-01,0.0008417508417508418
COL,1986-01-01,0.03493265993265993
COL,1986-04-01,0.0
COL,1986-07-01,0.0010521885521885524
COL,1986-10-01,0.0
COL,1987-01-01,0.09427609427609428
COL,1987-04-01,0.01125841750841751
COL,1987-07-01,0.013047138047138048
COL,1987-10-01,0.011363636363636362
COL,1988-01-01,0.20570286195286194
COL,1988-04-01,0.006734006734006735
COL,1988-07-01,0.0
COL,1988-10-01,0.0017887205387205386
COL,1989-01-01,0.006839225589225589
COL,1989-04-01,0.00010521885521885523
COL,1989-07-01,0.000946969696969697
COL,1989-10-01,0.06660353535353536
COL,1990-01-01,0.03493265993265993
COL,1990-04-01,0.001893939393939394
COL,1990-07-01,0.005366161616161616
COL,1990-10-01,0.014520202020202022
COL,1991-01-01,0.20465067340067342
COL,1991-04-01,0.005050505050505051
COL,1991-07-01,0.005366161616161616
COL,1991-10-01,0.014835858585858586
COL,1992-01-01,0.20496632996632994
COL,1992-04-01,0.011047979797979798
COL,1992-07-01,0.0008417508417508418
COL,1992-10-01,0.0
COL,1993-01-01,0.010627104377104376
COL,1993-04-01,0.005892255892255892
COL,1993-07-01,0.0021043771043771048
COL,1993-10-01,0.00010521885521885523
COL,1994-01-01,0.0805976430976431
COL,1994-04-01,0.001473063973063973
COL,1994-07-01,0.0022095959595959595
COL,1994-10-01,0.0
COL,1995-01-01,0.18213383838383837
COL,1995-04-01,0.00968013468013468
COL,1995-07-01,0.0003156565656565657
COL,1995-10-01,0.0003156565656565657
COL,1996-01-01,0.04577020202020202
COL,1996-04-01,0.004103535353535353
COL,1996-07-01,0.0005260942760942761
COL,1996-10-01,0.0
COL,1997-01-01,0.07249579124579125
COL,1997-04-01,0.0017887205387205386
COL,1997-07-01,0.051241582491582484
COL,1997-10-01,0.06755050505050504
COL,1998-01-01,0.39951599326599324
COL,1998-04-01,0.08343855218855219
COL,1998-07-01,0.004945286195286195
COL,1998-10-01,0.0016835016835016836
COL,1999-01-01,0.00010521885521885523
COL,1999-04-01,0.0
COL,1999-07-01,0.0
COL,1999-10-01,0.0
COL,2000-01-01,0.08922558922558922
COL,2000-04-01,0.00010521885521885523
COL,2000-07-01,0.00242003367003367
COL,2000-10-01,0.0006313131313131314
COL,2001-01-01,0.035248316498316494
COL,2001-04-01,0.003682659932659933
COL,2001-07-01,0.016203703703703703
COL,2001-10-01,0.0202020202020202
COL,2002-01-01,0.13099747474747472
COL,2002-04-01,0.004313973063973064
COL,2002-07-01,0.022306397306397305
COL,2002-10-01,0.0022095959595959595
COL,2003-01-01,0.2445286195286195
COL,2003-04-01,0.009048821548821548
COL,2003-07-01,0.008101851851851853
COL,2003-10-01,0.0037878787878787884
COL,2004-01-01,0.21233164983164984
COL,2004-04-01,0.021569865319865322
COL,2004-07-01,0.009995791245791245
COL,2004-10-01,0.024621212121212117
COL,2005-01-01,0.24442340067340065
COL,2005-04-01,0.0535563973063973
COL,2005-07-01,0.02451599326599327
COL,2005-10-01,0.03040824915824916
COL,2006-01-01,0.056712962962962965
COL,2006-04-01,0.005471380471380472
COL,2006-07-01,0.02251683501683502
COL,2006-10-01,0.04292929292929293
COL,2007-01-01,0.26294191919191917
COL,2007-04-01,0.008627946127946129
COL,2007-07-01,0.006628787878787879
COL,2007-10-01,0.007891414141414142
COL,2008-01-01,0.10016835016835017
COL,2008-04-01,0.007365319865319866
COL,2008-07-01,0.001473063973063973
COL,2008-10-01,0.037037037037037035
COL,2009-01-01,0.032091750841750845
COL,2009-04-01,0.005155723905723906
COL,2009-07-01,0.0765993265993266
COL,2009-10-01,0.16393097643097643
COL,2010-01-01,0.4394991582491583
COL,2010-04-01,0.1534090909090909
COL,2010-07-01,0.026515151515151516
COL,2010-10-01,0.06081649831649832
COL,2011-01-01,0.07607323232323232
COL,2011-04-01,0.027462121212121212
COL,2011-07-01,0.01146885521885522
COL,2011-10-01,0.05734427609427609
COL,2012-01-01,0.08164983164983165
COL,2012-04-01,0.034301346801346805
COL,2012-07-01,0.04471801346801347
COL,2012-10-01,0.07438973063973064
COL,2013-01-01,0.20265151515151514
COL,2013-04-01,0.08428030303030302
COL,2013-07-01,0.03051346801346801
COL,2013-10-01,0.01346801346801347
COL,2014-01-01,0.17308501683501684
COL,2014-04-01,0.1109006734006734
COL,2014-07-01,0.08280723905723907
COL,2014-10-01,0.04450757575757577
COL,2015-01-01,0.16835016835016836
COL,2015-04-01,0.15656565656565657
COL,2015-07-01,0.21254208754208756
COL,2015-10-01,0.2244318181818182
COL,2016-01-01,0.4571759259259259
COL,2016-04-01,0.1869739057239057
COL,2016-07-01,0.07049663299663299
COL,2016-10-01,0.09480218855218854
COL,2017-01-01,0.15098905723905723
COL,2017-04-01,0.1127946127946128
COL,2017-07-01,0.10374579124579125
COL,2017-10-01,0.09869528619528618
COL,2018-01-01,0.2283249158249158
COL,2018-04-01,0.02093855218855219
COL,2018-07-01,0.07028619528619529
COL,2018-10-01,0.0798611111111111
COL,2019-01-01,0.28472222222222227
COL,2019-04-01,0.20075757575757577
COL,2019-07-01,0.1623526936026936
COL,2019-10-01,0.04555976430976431
COL,2020-01-01,0.43255471380471383
COL,2020-04-01,0.19528619528619529
COL,2020-07-01,0.04419191919191919
COL,2020-10-01,0.08743686868686869
COL,2021-01-01,0.1537247474747475
COL,2021-04-01,0.015572390572390573
COL,2021-07-01,0.012415824915824915
COL,2021-10-01,0.16898148148148148
COL,2022-01-01,0.16687710437710437
COL,2022-04-01,0.015782828282828284
COL,2022-07-01,0.028514309764309766
COL,2022-10-01,0.05355639730639731
COL,2023-01-01,0.14067760942760943
COL,2023-04-01,0.16950757575757577
COL,2023-07-01,0.3216540404040404
COL,2023-10-01,0.38983585858585856
COL,2024-01-01,0.45822811447811446
COL,2024-04-01,0.3114478114478115
COL,2024-07-01,0.2521043771043771
COL,2024-10-01,0.29145622895622897
EGY,1981-01-01,0.0
EGY,1981-04-01,0.0
EGY,1981-07-01,0.035818713450292396
EGY,1981-10-01,0.0
EGY,1982-01-01,0.0
EGY,1982-04-01,0.0
EGY,1982-07-01,0.017726608187134504
EGY,1982-10-01,0.0
EGY,1983-01-01,0.0
EGY,1983-04-01,0.0
EGY,1983-07-01,0.07364766081871345
EGY,1983-10-01,0.0
EGY,1984-01-01,0.0
EGY,1984-04-01,0.019554093567251463
EGY,1984-07-01,0.0
EGY,1984-10-01,0.0
EGY,1985-01-01,0.0
EGY,1985-04-01,0.03764619883040936
EGY,1985-07-01,0.05043859649122807
EGY,1985-10-01,0.0
EGY,1986-01-01,0.0
EGY,1986-04-01,0.023940058479532164
EGY,1986-07-01,0.17415935672514618
EGY,1986-10-01,0.0
EGY,1987-01-01,0.0
EGY,1987-04-01,0.0
EGY,1987-07-01,0.37043128654970764
EGY,1987-10-01,0.0
EGY,1988-01-01,0.0
EGY,1988-04-01,0.2242324561403509
EGY,1988-07-01,0.49671052631578944
EGY,1988-10-01,0.0
EGY,1989-01-01,0.0
EGY,1989-04-01,0.05391081871345029
EGY,1989-07-01,0.23245614035087722
EGY,1989-10-01,0.0
EGY,1990-01-01,0.0
EGY,1990-04-01,0.0
EGY,1990-07-01,0.05756578947368421
EGY,1990-10-01,0.0
EGY,1991-01-01,0.0
EGY,1991-04-01,0.008771929824561403
EGY,1991-07-01,0.01882309941520468
EGY,1991-10-01,0.0
EGY,1992-01-01,0.0
EGY,1992-04-01,0.17945906432748537
EGY,1992-07-01,0.11056286549707602
EGY,1992-10-01,0.0
EGY,1993-01-01,0.0
EGY,1993-04-01,0.0
EGY,1993-07-01,0.23958333333333334
EGY,1993-10-01,0.0
EGY,1994-01-01,0.0
EGY,1994-04-01,0.0
EGY,1994-07-01,0.3848684210526316
EGY,1994-10-01,0.0
EGY,1995-01-01,0.0
EGY,1995-04-01,0.2463450292397661
EGY,1995-07-01,0.5104166666666666
EGY,1995-10-01,0.0
EGY,1996-01-01,0.0
EGY,1996-04-01,0.044042397660818716
EGY,1996-07-01,0.34137426900584794
EGY,1996-10-01,0.0
EGY,1997-01-01,0.0
EGY,1997-04-01,0.11805555555555557
EGY,1997-07-01,0.427266081871345
EGY,1997-10-01,0.0
EGY,1998-01-01,0.0
EGY,1998-04-01,0.0
EGY,1998-07-01,0.5343567251461988
EGY,1998-10-01,0.0
EGY,1999-01-01,0.0
EGY,1999-04-01,0.0029239766081871343
EGY,1999-07-01,0.5098684210526315
EGY,1999-10-01,0.0
EGY,2000-01-01,0.0
EGY,2000-04-01,0.0009137426900584795
EGY,2000-07-01,0.31414473684210525
EGY,2000-10-01,0.0
EGY,2001-01-01,0.0
EGY,2001-04-01,0.0
EGY,2001-07-01,0.5248538011695907
EGY,2001-10-01,0.0
EGY,2002-01-01,0.0
EGY,2002-04-01,0.0
EGY,2002-07-01,0.5873538011695906
EGY,2002-10-01,0.0
EGY,2003-01-01,0.0
EGY,2003-04-01,0.17013888888888887
EGY,2003-07-01,0.487390350877193
EGY,2003-10-01,0.0
EGY,2004-01-01,0.0
EGY,2004-04-01,0.012609649122807017
EGY,2004-07-01,0.31012426900584794
EGY,2004-10-01,0.0
EGY,2005-01-01,0.0
EGY,2005-04-01,0.007858187134502924
EGY,2005-07-01,0.5148026315789473
EGY,2005-10-01,0.0
EGY,2006-01-01,0.0
EGY,2006-04-01,0.1070906432748538
EGY,2006-07-01,0.40314327485380114
EGY,2006-10-01,0.0
EGY,2007-01-01,0.0
EGY,2007-04-01,0.1610014619883041
EGY,2007-07-01,0.5118786549707602
EGY,2007-10-01,0.0
EGY,2008-01-01,0.0
EGY,2008-04-01,0.23501461988304095
EGY,2008-07-01,0.5460526315789473
EGY,2008-10-01,0.0
EGY,2009-01-01,0.0
EGY,2009-04-01,0.17690058479532164
EGY,2009-07-01,0.3932748538011696
EGY,2009-10-01,0.0
EGY,2010-01-01,0.0
EGY,2010-04-01,0.23629385964912283
EGY,2010-07-01,0.5433114035087719
EGY,2010-10-01,0.0
EGY,2011-01-01,0.0
EGY,2011-04-01,0.02558479532163743
EGY,2011-07-01,0.5074926900584795
EGY,2011-10-01,0.0
EGY,2012-01-01,0.0
EGY,2012-04-01,0.22587719298245615
EGY,2012-07-01,0.5157163742690059
EGY,2012-10-01,0.0
EGY,2013-01-01,0.0
EGY,2013-04-01,0.11312134502923976
EGY,2013-07-01,0.28709795321637427
EGY,2013-10-01,0.0
EGY,2014-01-01,0.0
EGY,2014-04-01,0.07986111111111112
EGY,2014-07-01,0.5281432748538012
EGY,2014-10-01,0.0
EGY,2015-01-01,0.0
EGY,2015-04-01,0.004751461988304093
EGY,2015-07-01,0.7487207602339181
EGY,2015-10-01,0.0
EGY,2016-01-01,0.0
EGY,2016-04-01,0.25529970760233917
EGY,2016-07-01,0.5290570175438597
EGY,2016-10-01,0.0
EGY,2017-01-01,0.0
EGY,2017-04-01,0.2235014619883041
EGY,2017-07-01,0.5217470760233919
EGY,2017-10-01,0.0
EGY,2018-01-01,0.0
EGY,2018-04-01,0.2997076023391813
EGY,2018-07-01,0.5705409356725146
EGY,2018-10-01,0.0
EGY,2019-01-01,0.0
EGY,2019-04-01,0.25054824561403505
EGY,2019-07-01,0.5211988304093568
EGY,2019-10-01,0.0
EGY,2020-01-01,0.0
EGY,2020-04-01,0.14016812865497078
EGY,2020-07-01,0.658077485380117
EGY,2020-10-01,0.0
EGY,2021-01-01,0.0
EGY,2021-04-01,0.06578947368421052
EGY,2021-07-01,0.5275950292397661
EGY,2021-10-01,0.0
EGY,2022-01-01,0.0
EGY,2022-04-01,0.16831140350877194
EGY,2022-07-01,0.5308845029239766
EGY,2022-10-01,0.0
EGY,2023-01-01,0.0
EGY,2023-04-01,0.20559210526315788
EGY,2023-07-01,0.6403508771929824
EGY,2023-10-01,0.0
EGY,2024-01-01,0.0
EGY,2024-04-01,0.2576754385964912
EGY,2024-07-01,0.7108918128654972
EGY,2024-10-01,0.0
IDN,1981-01-01,5.9449497651744845e-05
IDN,1981-04-01,0.0014267879436418763
IDN,1981-07-01,0.0024968789013732834
IDN,1981-10-01,0.0022888056595921765
IDN,1982-01-01,0.0
IDN,1982-04-01,0.0009809167112537899
IDN,1982-07-01,0.006153023006955592
IDN,1982-10-01,0.02051007668985197
IDN,1983-01-01,0.03549135009809167
IDN,1983-04-01,0.022412460614707808
IDN,1983-07-01,0.005023482551572439
IDN,1983-10-01,0.003745318352059925
IDN,1984-01-01,0.0
IDN,1984-04-01,0.0
IDN,1984-07-01,2.9724748825872423e-05
IDN,1984-10-01,0.002467154152547411
IDN,1985-01-01,0.00011889899530348968
IDN,1985-04-01,0.00047559598121395876
IDN,1985-07-01,0.00026752273943285177
IDN,1985-10-01,0.0027346768919802628
IDN,1986-01-01,0.0
IDN,1986-04-01,0.0010403662089055346
IDN,1986-07-01,0.0032697223708459664
IDN,1986-10-01,0.004726235063313715
IDN,1987-01-01,5.9449497651744845e-05
IDN,1987-04-01,0.00992806610784139
IDN,1987-07-01,0.015367695142976041
IDN,1987-10-01,0.025057963260210453
IDN,1988-01-01,0.005261280542179419
IDN,1988-04-01,0.018607692764996134
IDN,1988-07-01,0.0016348611854229832
IDN,1988-10-01,0.004310088579751501
IDN,1989-01-01,0.0
IDN,1989-04-01,0.0003864217347363415
IDN,1989-07-01,0.0004161464835622139
IDN,1989-10-01,0.00576660127221925
IDN,1990-01-01,0.00026752273943285177
IDN,1990-04-01,0.004339813328577374
IDN,1990-07-01,0.0010998157065572796
IDN,1990-10-01,0.01263301825099578
IDN,1991-01-01,0.0013673384459901312
IDN,1991-04-01,0.0014267879436418761
IDN,1991-07-01,0.015546043635931275
IDN,1991-10-01,0.006925866476428274
IDN,1992-01-01,0.002259080910766304
IDN,1992-04-01,0.0012187147018607692
IDN,1992-07-01,2.9724748825872423e-05
IDN,1992-10-01,0.006153023006955592
IDN,1993-01-01,0.00026752273943285177
IDN,1993-04-01,0.0013673384459901314
IDN,1993-07-01,0.003834492598537542
IDN,1993-10-01,0.011414303549135009
IDN,1994-01-01,0.00017834849295523451
IDN,1994-04-01,8.917424647761727e-05
IDN,1994-07-01,0.016556685096010937
IDN,1994-10-01,0.02223411212175257
IDN,1995-01-01,0.0
IDN,1995-04-01,0.011741275786219606
IDN,1995-07-01,0.0026455026455026454
IDN,1995-10-01,0.005082932049224184
IDN,1996-01-01,0.000772843469472683
IDN,1996-04-01,0.011503477795612628
IDN,1996-07-01,0.0026455026455026454
IDN,1996-10-01,0.006153023006955592
IDN,1997-01-01,0.004102015337970394
IDN,1997-04-01,0.014327328934070507
IDN,1997-07-01,0.03552107484691754
IDN,1997-10-01,0.04259556506747517
IDN,1998-01-01,0.10861423220973783
IDN,1998-04-01,0.13096724332679388
IDN,1998-07-01,0.0032102728731942215
IDN,1998-10-01,0.010730634326139944
IDN,1999-01-01,0.000564770227691576
IDN,1999-04-01,0.006955591225254146
IDN,1999-07-01,0.0039236668450151595
IDN,1999-10-01,0.001337613697164259
IDN,2000-01-01,0.000772843469472683
IDN,2000-04-01,0.01165210153974199
IDN,2000-07-01,0.0018132096783782176
IDN,2000-10-01,0.009541644373105047
IDN,2001-01-01,0.003745318352059925
IDN,2001-04-01,0.009749717614886154
IDN,2001-07-01,0.007728434694726828
IDN,2001-10-01,0.011384578800309138
IDN,2002-01-01,0.002318530408418049
IDN,2002-04-01,0.028862731109922116
IDN,2002-07-01,0.01816182153260805
IDN,2002-10-01,0.04357648177872897
IDN,2003-01-01,0.0020807324178110692
IDN,2003-04-01,0.052375007431187205
IDN,2003-07-01,0.0071933892158611255
IDN,2003-10-01,0.014148980441115273
IDN,2004-01-01,0.008352654420070152
IDN,2004-04-01,0.04339813328577374
IDN,2004-07-01,0.013554485464597824
IDN,2004-10-01,0.03498602936805184
IDN,2005-01-01,0.020034480708638013
IDN,2005-04-01,0.030973188276559063
IDN,2005-07-01,0.01753760180726473
IDN,2005-10-01,0.007550086201771594
IDN,2006-01-01,0.003864217347363415
IDN,2006-04-01,0.004428987575054991
IDN,2006-07-01,0.02282860709827002
IDN,2006-10-01,0.06420545746388444
IDN,2007-01-01,0.018221271030259795
IDN,2007-04-01,0.023512276321265086
IDN,2007-07-01,0.0029427501337613697
IDN,2007-10-01,0.018102372034956304
IDN,2008-01-01,0.01141430354913501
IDN,2008-04-01,0.0028238511384578798
IDN,2008-07-01,0.0031508233755424765
IDN,2008-10-01,0.007609535699423339
IDN,2009-01-01,0.00772843469472683
IDN,2009-04-01,0.07422269781820344
IDN,2009-07-01,0.05415849236073955
IDN,2009-10-01,0.04782712086082872
IDN,2010-01-01,0.07273646037690981
IDN,2010-04-01,0.14116283217406814
IDN,2010-07-01,0.007787884192378574
IDN,2010-10-01,0.01768622555139409
IDN,2011-01-01,0.0008917424647761728
IDN,2011-04-01,0.03159740800190238
IDN,2011-07-01,0.015248796147672555
IDN,2011-10-01,0.022115213126449082
IDN,2012-01-01,0.003388621366149456
IDN,2012-04-01,0.04295226205338565
IDN,2012-07-01,0.01914273824386184
IDN,2012-10-01,0.03929611794780334
IDN,2013-01-01,0.05656619701563522
IDN,2013-04-01,0.10112359550561799
IDN,2013-07-01,0.0019321086736817075
IDN,2013-10-01,0.023987872302479046
IDN,2014-01-01,0.027406218417454373
IDN,2014-04-01,0.0794245288627311
IDN,2014-07-01,0.035134653112181204
IDN,2014-10-01,0.08224838000118899
IDN,2015-01-01,0.018726591760299626
IDN,2015-04-01,0.08584507460911955
IDN,2015-07-01,0.07237976339099934
IDN,2015-10-01,0.1253195410498781
IDN,2016-01-01,0.1482967718922775
IDN,2016-04-01,0.16387254027703466
IDN,2016-07-01,0.07844361215147731
IDN,2016-10-01,0.08302122347066167
IDN,2017-01-01,0.031181261518340175
IDN,2017-04-01,0.08201058201058202
IDN,2017-07-01,0.03480768087509661
IDN,2017-10-01,0.09717020391177694
IDN,2018-01-01,0.04125795137031092
IDN,2018-04-01,0.08548837762320909
IDN,2018-07-01,0.04770822186552524
IDN,2018-10-01,0.0947327745080554
IDN,2019-01-01,0.07466856905059154
IDN,2019-04-01,0.12888651090898282
IDN,2019-07-01,0.0621841745437251
IDN,2019-10-01,0.11013019439985733
IDN,2020-01-01,0.14814814814814814
IDN,2020-04-01,0.14253017062005827
IDN,2020-07-01,0.04366565602520659
IDN,2020-10-01,0.08498305689316925
IDN,2021-01-01,0.04660840615896796
IDN,2021-04-01,0.09274121633672196
IDN,2021-07-01,0.024344569288389514
IDN,2021-10-01,0.10691992152666309
IDN,2022-01-01,0.05186968670114737
IDN,2022-04-01,0.10576065632245407
IDN,2022-07-01,0.019083288746210094
IDN,2022-10-01,0.06322454075263063
IDN,2023-01-01,0.04913500980916711
IDN,2023-04-01,0.15534153736400927
IDN,2023-07-01,0.09574341596813507
IDN,2023-10-01,0.17380060638487604
IDN,2024-01-01,0.1804589501218715
IDN,2024-04-01,0.17915106117353308
IDN,2024-07-01,0.11417276024017597
IDN,2024-10-01,0.16434813625824862
IND,1981-01-01,0.002091011265323192
IND,1981-04-01,0.18787736218928883
IND,1981-07-01,0.019786194098120706
IND,1981-10-01,0.0
IND,1982-01-01,0.002300112391855511
IND,1982-04-01,0.1308711675684153
IND,1982-07-01,0.03455396115946575
IND,1982-10-01,0.000261376408165399
IND,1983-01-01,0.005332078726574139
IND,1983-04-01,0.17946104184636294
IND,1983-07-01,0.019367991845056064
IND,1983-10-01,0.0
IND,1984-01-01,0.0006011657387804177
IND,1984-04-01,0.17781437047492096
IND,1984-07-01,0.017799733396063673
IND,1984-10-01,0.0
IND,1985-01-01,0.004208160171462924
IND,1985-04-01,0.19054340155257585
IND,1985-07-01,0.01855772497974333
IND,1985-10-01,0.0
IND,1986-01-01,0.0048877388326929614
IND,1986-04-01,0.1746517159361196
IND,1986-07-01,0.02002143286546956
IND,1986-10-01,0.0
IND,1987-01-01,0.0011500561959277556
IND,1987-04-01,0.20055411798531064
IND,1987-07-01,0.04770119449018532
IND,1987-10-01,0.0018557724979743329
IND,1988-01-01,0.006952612457199613
IND,1988-04-01,0.19258213753626596
IND,1988-07-01,0.016989466530750934
IND,1988-10-01,0.0
IND,1989-01-01,0.00041820225306463837
IND,1989-04-01,0.1683002692177004
IND,1989-07-01,0.006665098408217674
IND,1989-10-01,2.6137640816539898e-05
IND,1990-01-01,0.002091011265323192
IND,1990-04-01,0.12470268433571186
IND,1990-07-01,0.024726208212446744
IND,1990-10-01,0.0
IND,1991-01-01,0.006665098408217675
IND,1991-04-01,0.16835254449933348
IND,1991-07-01,0.04098382080033456
IND,1991-10-01,0.0
IND,1992-01-01,0.0022216994694058915
IND,1992-04-01,0.19728691288324315
IND,1992-07-01,0.016754227763402078
IND,1992-10-01,0.0
IND,1993-01-01,0.0002352387673488591
IND,1993-04-01,0.17967014297289527
IND,1993-07-01,0.02352387673488591
IND,1993-10-01,2.6137640816539898e-05
IND,1994-01-01,0.006900337175566533
IND,1994-04-01,0.1474424318461016
IND,1994-07-01,0.03369141901251993
IND,1994-10-01,2.6137640816539898e-05
IND,1995-01-01,0.004730912987793721
IND,1995-04-01,0.20050184270367757
IND,1995-07-01,0.018505449698110247
IND,1995-10-01,0.0003397893306150187
IND,1996-01-01,0.007527640555163491
IND,1996-04-01,0.15964871010742568
IND,1996-07-01,0.017094017094017092
IND,1996-10-01,0.0
IND,1997-01-01,0.0024830758775712903
IND,1997-04-01,0.10648474868658354
IND,1997-07-01,0.028646854334927727
IND,1997-10-01,0.0
IND,1998-01-01,0.006848061893933454
IND,1998-04-01,0.22183015760997413
IND,1998-07-01,0.022922710996105492
IND,1998-10-01,0.0
IND,1999-01-01,0.006560547844951515
IND,1999-04-01,0.16623539559319375
IND,1999-07-01,0.01855772497974333
IND,1999-10-01,0.0
IND,2000-01-01,0.0013330196816435348
IND,2000-04-01,0.1632557045401082
IND,2000-07-01,0.021197626702213857
IND,2000-10-01,0.0004704775346977182
IND,2001-01-01,0.001568258448992394
IND,2001-04-01,0.11539768420502365
IND,2001-07-01,0.034370997673749966
IND,2001-10-01,0.0002875140489819389
IND,2002-01-01,0.0055673174939229984
IND,2002-04-01,0.18688413183826028
IND,2002-07-01,0.04668182649834026
IND,2002-10-01,0.0006795786612300374
IND,2003-01-01,0.006403722000052276
IND,2003-04-01,0.2233200031365169
IND,2003-07-01,0.030842416163517083
IND,2003-10-01,0.00020910112653231918
IND,2004-01-01,0.011971039493975275
IND,2004-04-01,0.17219477769936486
IND,2004-07-01,0.03204474764107792
IND,2004-10-01,0.0
IND,2005-01-01,0.005515042212289919
IND,2005-04-01,0.20957160406701691
IND,2005-07-01,0.03829164379623095
IND,2005-10-01,2.6137640816539898e-05
IND,2006-01-01,0.001489845526542774
IND,2006-04-01,0.16579105569931255
IND,2006-07-01,0.03923259886562639
IND,2006-10-01,2.6137640816539898e-05
IND,2007-01-01,0.006978750098016153
IND,2007-04-01,0.20567709558535244
IND,2007-07-01,0.03269818866149141
IND,2007-10-01,0.0
IND,2008-01-01,2.6137640816539898e-05
IND,2008-04-01,0.12648004391123657
IND,2008-07-01,0.02300112391855511
IND,2008-10-01,2.6137640816539898e-05
IND,2009-01-01,0.0027967275673697694
IND,2009-04-01,0.24467445568363
IND,2009-07-01,0.050628610261637785
IND,2009-10-01,7.84129224496197e-05
IND,2010-01-01,0.011186910269479078
IND,2010-04-01,0.26153323401029827
IND,2010-07-01,0.03337776732272145
IND,2010-10-01,7.84129224496197e-05
IND,2011-01-01,0.0022216994694058915
IND,2011-04-01,0.14558665934812723
IND,2011-07-01,0.03384824485741917
IND,2011-10-01,0.00010455056326615959
IND,2012-01-01,0.0056457304163726185
IND,2012-04-01,0.22078465197731253
IND,2012-07-01,0.043205520269740456
IND,2012-10-01,7.84129224496197e-05
IND,2013-01-01,0.0063253090776026555
IND,2013-04-01,0.16388300791970514
IND,2013-07-01,0.04043493034318723
IND,2013-10-01,0.0
IND,2014-01-01,0.004234297812279464
IND,2014-04-01,0.23327844428761857
IND,2014-07-01,0.04249980396769387
IND,2014-10-01,0.0007318539428631172
IND,2015-01-01,0.004077471967380225
IND,2015-04-01,0.15758383648291904
IND,2015-07-01,0.0416633994615646
IND,2015-10-01,0.001071643273478136
IND,2016-01-01,0.015185969314409681
IND,2016-04-01,0.25065997543061763
IND,2016-07-01,0.04168953710238114
IND,2016-10-01,0.0
IND,2017-01-01,0.006168483232703415
IND,2017-04-01,0.23092605661413002
IND,2017-07-01,0.052432107477979044
IND,2017-10-01,0.00020910112653231918
IND,2018-01-01,0.0032410674612509474
IND,2018-04-01,0.20860451135680494
IND,2018-07-01,0.047622781567735695
IND,2018-10-01,0.0011500561959277556
IND,2019-01-01,0.011239185551112156
IND,2019-04-01,0.2594944980266081
IND,2019-07-01,0.05515042212289919
IND,2019-10-01,0.0001829634857157793
IND,2020-01-01,0.0070833006612823135
IND,2020-04-01,0.15120625212368333
IND,2020-07-01,0.057293708669855455
IND,2020-10-01,0.001489845526542774
IND,2021-01-01,0.006142345591886876
IND,2021-04-01,0.12559136412347424
IND,2021-07-01,0.05609137719229462
IND,2021-10-01,0.0003136516897984788
IND,2022-01-01,0.006037795028620716
IND,2022-04-01,0.23461146396926214
IND,2022-07-01,0.057738048563736634
IND,2022-10-01,0.0
IND,2023-01-01,0.002352387673488591
IND,2023-04-01,0.16346480566664054
IND,2023-07-01,0.06244282391071382
IND,2023-10-01,0.0008625421469458167
IND,2024-01-01,0.01309495804908649
IND,2024-04-01,0.23058626728351497
IND,2024-07-01,0.07059776784547427
IND,2024-10-01,0.0006273033795969576
KEN,1981-01-01,0.11693548387096774
KEN,1981-04-01,0.0
KEN,1981-07-01,0.0
KEN,1981-10-01,0.0013440860215053762
KEN,1982-01-01,0.2903225806451613
KEN,1982-04-01,0.0
KEN,1982-07-01,0.0
KEN,1982-10-01,0.0
KEN,1983-01-01,0.271505376344086
KEN,1983-04-01,0.08763440860215053
KEN,1983-07-01,0.0
KEN,1983-10-01,0.0
KEN,1984-01-01,0.15618279569892474
KEN,1984-04-01,0.059408602150537636
KEN,1984-07-01,0.0
KEN,1984-10-01,0.0
KEN,1985-01-01,0.030913978494623656
KEN,1985-04-01,0.0
KEN,1985-07-01,0.0
KEN,1985-10-01,0.002150537634408602
KEN,1986-01-01,0.18440860215053764
KEN,1986-04-01,0.0
KEN,1986-07-01,0.0
KEN,1986-10-01,0.0026881720430107525
KEN,1987-01-01,0.24543010752688169
KEN,1987-04-01,0.039247311827956995
KEN,1987-07-01,0.0051075268817204296
KEN,1987-10-01,0.1088709677419355
KEN,1988-01-01,0.4752688172043011
KEN,1988-04-01,0.0013440860215053762
KEN,1988-07-01,0.0
KEN,1988-10-01,0.0
KEN,1989-01-01,0.04543010752688172
KEN,1989-04-01,0.0
KEN,1989-07-01,0.0
KEN,1989-10-01,0.0
KEN,1990-01-01,0.05322580645161291
KEN,1990-04-01,0.00026881720430107527
KEN,1990-07-01,0.0
KEN,1990-10-01,0.0
KEN,1991-01-01,0.2663978494623656
KEN,1991-04-01,0.014247311827956992
KEN,1991-07-01,0.0
KEN,1991-10-01,0.0
KEN,1992-01-01,0.3112903225806452
KEN,1992-04-01,0.017204301075268817
KEN,1992-07-01,0.0
KEN,1992-10-01,0.0
KEN,1993-01-01,0.02338709677419355
KEN,1993-04-01,0.0239247311827957
KEN,1993-07-01,0.002150537634408602
KEN,1993-10-01,0.01989247311827957
KEN,1994-01-01,0.37526881720430105
KEN,1994-04-01,0.021236559139784946
KEN,1994-07-01,0.0018817204301075268
KEN,1994-10-01,0.0051075268817204296
KEN,1995-01-01,0.11236559139784946
KEN,1995-04-01,0.023118279569892472
KEN,1995-07-01,0.0
KEN,1995-10-01,0.0
KEN,1996-01-01,0.2795698924731183
KEN,1996-04-01,0.06102150537634408
KEN,1996-07-01,0.0
KEN,1996-10-01,0.0064516129032258064
KEN,1997-01-01,0.3973118279569892
KEN,1997-04-01,0.00026881720430107527
KEN,1997-07-01,0.024999999999999998
KEN,1997-10-01,0.005376344086021505
KEN,1998-01-01,0.1771505376344086
KEN,1998-04-01,0.06612903225806452
KEN,1998-07-01,0.0
KEN,1998-10-01,0.0064516129032258064
KEN,1999-01-01,0.20510752688172043
KEN,1999-04-01,0.004301075268817204
KEN,1999-07-01,0.0
KEN,1999-10-01,0.0
KEN,2000-01-01,0.28521505376344086
KEN,2000-04-01,0.08709677419354839
KEN,2000-07-01,0.0008064516129032258
KEN,2000-10-01,0.0032258064516129032
KEN,2001-01-01,0.17741935483870966
KEN,2001-04-01,0.019623655913978494
KEN,2001-07-01,0.0
KEN,2001-10-01,0.012634408602150538
KEN,2002-01-01,0.22338709677419355
KEN,2002-04-01,0.002956989247311828
KEN,2002-07-01,0.006720430107526882
KEN,2002-10-01,0.004838709677419355
KEN,2003-01-01,0.4008064516129033
KEN,2003-04-01,0.08064516129032258
KEN,2003-07-01,0.00026881720430107527
KEN,2003-10-01,0.04865591397849462
KEN,2004-01-01,0.3696236559139785
KEN,2004-04-01,0.014247311827956988
KEN,2004-07-01,0.0008064516129032258
KEN,2004-10-01,0.006182795698924732
KEN,2005-01-01,0.3758064516129032
KEN,2005-04-01,0.14731182795698924
KEN,2005-07-01,0.0037634408602150535
KEN,2005-10-01,0.07311827956989247
KEN,2006-01-01,0.4319892473118279
KEN,2006-04-01,0.03494623655913979
KEN,2006-07-01,0.005645161290322581
KEN,2006-10-01,0.011827956989247311
KEN,2007-01-01,0.3069892473118279
KEN,2007-04-01,0.09892473118279571
KEN,2007-07-01,0.00967741935483871
KEN,2007-10-01,0.003494623655913978
KEN,2008-01-01,0.1663978494623656
KEN,2008-04-01,0.016666666666666666
KEN,2008-07-01,0.03306451612903226
KEN,2008-10-01,0.05295698924731183
KEN,2009-01-01,0.42311827956989245
KEN,2009-04-01,0.12016129032258065
KEN,2009-07-01,0.03924731182795699
KEN,2009-10-01,0.01747311827956989
KEN,2010-01-01,0.29381720430107533
KEN,2010-04-01,0.05591397849462365
KEN,2010-07-01,0.0
KEN,2010-10-01,0.04005376344086021
KEN,2011-01-01,0.4139784946236558
KEN,2011-04-01,0.23924731182795697
KEN,2011-07-01,0.0016129032258064516
KEN,2011-10-01,0.0013440860215053762
KEN,2012-01-01,0.3543010752688172
KEN,2012-04-01,0.09946236559139786
KEN,2012-07-01,0.00026881720430107527
KEN,2012-10-01,0.002419354838709677
KEN,2013-01-01,0.3403225806451613
KEN,2013-04-01,0.01532258064516129
KEN,2013-07-01,0.002956989247311828
KEN,2013-10-01,0.046505376344086025
KEN,2014-01-01,0.2731182795698925
KEN,2014-04-01,0.035752688172043016
KEN,2014-07-01,0.0
KEN,2014-10-01,0.047311827956989246
KEN,2015-01-01,0.4336021505376344
KEN,2015-04-01,0.09112903225806451
KEN,2015-07-01,0.03790322580645161
KEN,2015-10-01,0.10725806451612903
KEN,2016-01-01,0.521505376344086
KEN,2016-04-01,0.14139784946236558
KEN,2016-07-01,0.0024193548387096775
KEN,2016-10-01,0.09032258064516129
KEN,2017-01-01,0.396505376344086
KEN,2017-04-01,0.20483870967741935
KEN,2017-07-01,0.008602150537634409
KEN,2017-10-01,0.08709677419354839
KEN,2018-01-01,0.16720430107526882
KEN,2018-04-01,0.00026881720430107527
KEN,2018-07-01,0.00913978494623656
KEN,2018-10-01,0.05241935483870968
KEN,2019-01-01,0.5615591397849462
KEN,2019-04-01,0.28655913978494624
KEN,2019-07-01,0.017473118279569894
KEN,2019-10-01,0.0026881720430107525
KEN,2020-01-01,0.30752688172043013
KEN,2020-04-01,0.022580645161290325
KEN,2020-07-01,0.0
KEN,2020-10-01,0.06478494623655914
KEN,2021-01-01,0.3526881720430108
KEN,2021-04-01,0.12553763440860213
KEN,2021-07-01,0.01693548387096774
KEN,2021-10-01,0.26559139784946234
KEN,2022-01-01,0.4274193548387097
KEN,2022-04-01,0.20833333333333334
KEN,2022-07-01,0.0008064516129032258
KEN,2022-10-01,0.06666666666666667
KEN,2023-01-01,0.3333333333333333
KEN,2023-04-01,0.02096774193548387
KEN,2023-07-01,0.06586021505376344
KEN,2023-10-01,0.10725806451612903
KEN,2024-01-01,0.5180107526881721
KEN,2024-04-01,0.12580645161290324
KEN,2024-07-01,0.027419354838709678
KEN,2024-10-01,0.12311827956989246
MEX,1981-01-01,0.0
MEX,1981-04-01,0.06657483930211203
MEX,1981-07-01,0.03646311600857055
MEX,1981-10-01,0.0
MEX,1982-01-01,0.0
MEX,1982-04-01,0.12079124579124578
MEX,1982-07-01,0.06056779920416284
MEX,1982-10-01,3.8261401897765534e-05
MEX,1983-01-01,0.0
MEX,1983-04-01,0.10521885521885521
MEX,1983-07-01,0.05157636975818794
MEX,1983-10-01,0.000573921028466483
MEX,1984-01-01,0.0
MEX,1984-04-01,0.024295990205081112
MEX,1984-07-01,0.01637588001224365
MEX,1984-10-01,0.0
MEX,1985-01-01,0.0
MEX,1985-04-01,0.05012243648607285
MEX,1985-07-01,0.03435873890419345
MEX,1985-10-01,0.0
MEX,1986-01-01,0.0
MEX,1986-04-01,0.027969084787266608
MEX,1986-07-01,0.01936026936026936
MEX,1986-10-01,0.0
MEX,1987-01-01,0.0
MEX,1987-04-01,0.04832415059687787
MEX,1987-07-01,0.045913682277318645
MEX,1987-10-01,0.0017600244872972145
MEX,1988-01-01,0.0
MEX,1988-04-01,0.06508264462809916
MEX,1988-07-01,0.022535965717783896
MEX,1988-10-01,0.0
MEX,1989-01-01,0.0
MEX,1989-04-01,0.10407101316192224
MEX,1989-07-01,0.05268595041322314
MEX,1989-10-01,0.0
MEX,1990-01-01,7.652280379553107e-05
MEX,1990-04-01,0.11528160391796756
MEX,1990-07-01,0.020355065809611262
MEX,1990-10-01,0.00030609121518212427
MEX,1991-01-01,0.003979185797367615
MEX,1991-04-01,0.10135445362718092
MEX,1991-07-01,0.02226813590449954
MEX,1991-10-01,0.00019130700948882765
MEX,1992-01-01,0.0008417508417508418
MEX,1992-04-01,0.08195592286501377
MEX,1992-07-01,0.05869299051117233
MEX,1992-10-01,0.0004591368227731864
MEX,1993-01-01,0.0
MEX,1993-04-01,0.06994184266911539
MEX,1993-07-01,0.04159014386287114
MEX,1993-10-01,0.0003826140189776553
MEX,1994-01-01,0.0001147842056932966
MEX,1994-04-01,0.11853382307927762
MEX,1994-07-01,0.09867615549433732
MEX,1994-10-01,0.0
MEX,1995-01-01,0.0001147842056932966
MEX,1995-04-01,0.1401132537496174
MEX,1995-07-01,0.0870446893174166
MEX,1995-10-01,0.0
MEX,1996-01-01,0.0
MEX,1996-04-01,0.12997398224670953
MEX,1996-07-01,0.06959749005203551
MEX,1996-10-01,0.0
MEX,1997-01-01,3.8261401897765534e-05
MEX,1997-04-01,0.0799280685644322
MEX,1997-07-01,0.10912151821242731
MEX,1997-10-01,0.0006121824303642485
MEX,1998-01-01,0.0004973982246709519
MEX,1998-04-01,0.18464952555861647
MEX,1998-07-01,0.11260330578512397
MEX,1998-10-01,0.0004591368227731864
MEX,1999-01-01,0.0
MEX,1999-04-01,0.13900367309458217
MEX,1999-07-01,0.0338613406795225
MEX,1999-10-01,0.0005356596265687174
MEX,2000-01-01,0.000573921028466483
MEX,2000-04-01,0.08245332108968473
MEX,2000-07-01,0.07881848790939701
MEX,2000-10-01,0.0
MEX,2001-01-01,0.0
MEX,2001-04-01,0.08754208754208755
MEX,2001-07-01,0.09022038567493113
MEX,2001-10-01,7.652280379553107e-05
MEX,2002-01-01,0.0009182736455463728
MEX,2002-04-01,0.14994643403734312
MEX,2002-07-01,0.08972298745026018
MEX,2002-10-01,0.0
MEX,2003-01-01,0.001224364860728497
MEX,2003-04-01,0.1651744719926538
MEX,2003-07-01,0.07177838996020815
MEX,2003-10-01,0.0
MEX,2004-01-01,0.0006504438322620141
MEX,2004-04-01,0.050045913682277315
MEX,2004-07-01,0.08536118763391491
MEX,2004-10-01,0.0002678298132843587
MEX,2005-01-01,0.002946127946127946
MEX,2005-04-01,0.13460361187633915
MEX,2005-07-01,0.11597030915212732
MEX,2005-10-01,0.0
MEX,2006-01-01,0.0
MEX,2006-04-01,0.13728191000918274
MEX,2006-07-01,0.08842209978573616
MEX,2006-10-01,0.000573921028466483
MEX,2007-01-01,0.0004973982246709519
MEX,2007-04-01,0.1094658708295072
MEX,2007-07-01,0.06209825528007346
MEX,2007-10-01,0.0
MEX,2008-01-01,0.0
MEX,2008-04-01,0.119452096724824
MEX,2008-07-01,0.04040404040404041
MEX,2008-10-01,0.001721763085399449
MEX,2009-01-01,0.0
MEX,2009-04-01,0.14447505356596266
MEX,2009-07-01,0.18170339761248852
MEX,2009-10-01,0.0011095806550352005
MEX,2010-01-01,0.0008034894398530763
MEX,2010-04-01,0.1494490358126722
MEX,2010-07-01,0.1094658708295072
MEX,2010-10-01,0.0
MEX,2011-01-01,0.0
MEX,2011-04-01,0.18732782369146006
MEX,2011-07-01,0.1467707376798286
MEX,2011-10-01,0.0001147842056932966
MEX,2012-01-01,0.0007652280379553106
MEX,2012-04-01,0.13028007346189166
MEX,2012-07-01,0.08884297520661157
MEX,2012-10-01,0.0013391490664217938
MEX,2013-01-01,0.00030609121518212427
MEX,2013-04-01,0.13161922252831343
MEX,2013-07-01,0.07606366697275789
MEX,2013-10-01,0.000573921028466483
MEX,2014-01-01,0.003213957759412305
MEX,2014-04-01,0.09431435567799203
MEX,2014-07-01,0.09917355371900827
MEX,2014-10-01,0.001224364860728497
MEX,2015-01-01,0.000573921028466483
MEX,2015-04-01,0.09243954698500152
MEX,2015-07-01,0.1571778389960208
MEX,2015-10-01,0.004782675237220692
MEX,2016-01-01,0.001645240281603918
MEX,2016-04-01,0.13368533823079276
MEX,2016-07-01,0.11616161616161617
MEX,2016-10-01,0.0040174471992653815
MEX,2017-01-01,0.0003443526170798898
MEX,2017-04-01,0.1357897153351699
MEX,2017-07-01,0.09427609427609428
MEX,2017-10-01,0.0019130700948882765
MEX,2018-01-01,0.0009947964493419038
MEX,2018-04-01,0.13869758187940007
MEX,2018-07-01,0.13441230486685032
MEX,2018-10-01,7.652280379553107e-05
MEX,2019-01-01,0.0006504438322620141
MEX,2019-04-01,0.1542317110498929
MEX,2019-07-01,0.1844199571472299
MEX,2019-10-01,0.000573921028466483
MEX,2020-01-01,0.00642791551882461
MEX,2020-04-01,0.1822007958371595
MEX,2020-07-01,0.17535200489745942
MEX,2020-10-01,0.0036730945821854912
MEX,2021-01-01,0.0010330578512396695
MEX,2021-04-01,0.12867309458218548
MEX,2021-07-01,0.0707070707070707
MEX,2021-10-01,0.0009565350474441382
MEX,2022-01-01,0.00019130700948882765
MEX,2022-04-01,0.15970309152127335
MEX,2022-07-01,0.0990205081114172
MEX,2022-10-01,3.8261401897765534e-05
MEX,2023-01-01,0.002066115702479339
MEX,2023-04-01,0.14657943067033977
MEX,2023-07-01,0.2721150902969085
MEX,2023-10-01,0.004667891031527395
MEX,2024-01-01,0.012434955616773798
MEX,2024-04-01,0.20959595959595964
MEX,2024-07-01,0.18633302724211812
MEX,2024-10-01,0.005739210284664831
PER,1981-01-01,0.0562270570328588
PER,1981-04-01,0.0017906706061420004
PER,1981-07-01,0.0
PER,1981-10-01,0.015310233682514102
PER,1982-01-01,0.021219446682782705
PER,1982-04-01,0.0007162682424568001
PER,1982-07-01,0.0009848688333781
PER,1982-10-01,0.044408631032321615
PER,1983-01-01,0.4140030441400304
PER,1983-04-01,0.1663532993105918
PER,1983-07-01,0.0059092130002686
PER,1983-10-01,0.0137881636672934
PER,1984-01-01,0.0095800877428597
PER,1984-04-01,0.0
PER,1984-07-01,0.0
PER,1984-10-01,0.0018802041364491002
PER,1985-01-01,0.043692362789864804
PER,1985-04-01,0.0
PER,1985-07-01,0.0
PER,1985-10-01,0.0008058017727639002
PER,1986-01-01,0.0096696212731668
PER,1986-04-01,8.953353030710002e-05
PER,1986-07-01,0.0
PER,1986-10-01,0.0006267347121497001
PER,1987-01-01,0.0979496821559674
PER,1987-04-01,0.017996239591727102
PER,1987-07-01,0.0016116035455278003
PER,1987-10-01,0.1013519563076372
PER,1988-01-01,0.0648222759423404
PER,1988-04-01,0.0008058017727639002
PER,1988-07-01,0.0037604082728982004
PER,1988-10-01,0.006535947712418301
PER,1989-01-01,0.012534694242994
PER,1989-04-01,0.0
PER,1989-07-01,0.0
PER,1989-10-01,0.07673023547318471
PER,1990-01-01,0.0258751902587519
PER,1990-04-01,0.0013430029546065002
PER,1990-07-01,0.00017906706061420003
PER,1990-10-01,0.0025964723789059004
PER,1991-01-01,0.049870176381054704
PER,1991-04-01,0.0015220700152207
PER,1991-07-01,0.0006267347121497001
PER,1991-10-01,0.029366997940728803
PER,1992-01-01,0.18417047184170468
PER,1992-04-01,0.08254991494314622
PER,1992-07-01,0.0
PER,1992-10-01,0.006267347121497
PER,1993-01-01,0.024263586713224105
PER,1993-04-01,0.005372011818426
PER,1993-07-01,0.0005372011818426001
PER,1993-10-01,0.012355627182379801
PER,1994-01-01,0.0138776971976005
PER,1994-04-01,0.00017906706061420003
PER,1994-07-01,0.0028650729698272005
PER,1994-10-01,0.022383382576775
PER,1995-01-01,0.0820127137613036
PER,1995-04-01,0.0033127406213627002
PER,1995-07-01,0.0356343450622258
PER,1995-10-01,0.04763183812337721
PER,1996-01-01,0.0029546065001343005
PER,1996-04-01,0.0
PER,1996-07-01,0.0
PER,1996-10-01,0.0043871429850479
PER,1997-01-01,0.04619930163846361
PER,1997-04-01,0.024174053182917002
PER,1997-07-01,0.0654490106544901
PER,1997-10-01,0.2968036529680365
PER,1998-01-01,0.42000179067060617
PER,1998-04-01,0.167427701674277
PER,1998-07-01,0.0547049870176381
PER,1998-10-01,0.0705524218819948
PER,1999-01-01,0.007431283015489301
PER,1999-04-01,0.0011639358939923002
PER,1999-07-01,0.010475423045930701
PER,1999-10-01,0.0316948697287134
PER,2000-01-01,0.010475423045930701
PER,2000-04-01,0.0007162682424568001
PER,2000-07-01,0.0021488047273704003
PER,2000-10-01,0.057390992926851105
PER,2001-01-01,0.0247112543647596
PER,2001-04-01,8.953353030710002e-05
PER,2001-07-01,0.005192944757811801
PER,2001-10-01,0.0999194198227236
PER,2002-01-01,0.10851463873220522
PER,2002-04-01,0.0037604082728982004
PER,2002-07-01,0.014862566030978602
PER,2002-10-01,0.0862207896857373
PER,2003-01-01,0.1332258930969648
PER,2003-04-01,0.0038499418032053004
PER,2003-07-01,0.0040290088638195
PER,2003-10-01,0.1430745814307458
PER,2004-01-01,0.12579461008147552
PER,2004-04-01,0.027218193213358402
PER,2004-07-01,0.0037604082728982004
PER,2004-10-01,0.0963380786104396
PER,2005-01-01,0.26134837496642493
PER,2005-04-01,0.017190437818963202
PER,2005-07-01,0.019518309606947802
PER,2005-10-01,0.09168233503447042
PER,2006-01-01,0.07673023547318471
PER,2006-04-01,0.00026860059092130003
PER,2006-07-01,0.013430029546065002
PER,2006-10-01,0.09168233503447042
PER,2007-01-01,0.1773659235383651
PER,2007-04-01,0.0033127406213627002
PER,2007-07-01,0.018712507834183902
PER,2007-10-01,0.024174053182917005
PER,2008-01-01,0.0221147819858537
PER,2008-04-01,0.0
PER,2008-07-01,0.0383203509714388
PER,2008-10-01,0.1464768555824156
PER,2009-01-01,0.0256065896678306
PER,2009-04-01,0.0013430029546065
PER,2009-07-01,0.061688602381591906
PER,2009-10-01,0.30933834721103054
PER,2010-01-01,0.4263586713224103
PER,2010-04-01,0.10726116930790582
PER,2010-07-01,0.07807323842779121
PER,2010-10-01,0.11442385173247382
PER,2011-01-01,0.040379622168502105
PER,2011-04-01,0.0025964723789059
PER,2011-07-01,0.0176381054704987
PER,2011-10-01,0.09454740800429762
PER,2012-01-01,0.0298146655922643
PER,2012-04-01,0.0038499418032053004
PER,2012-07-01,0.0444981645626287
PER,2012-10-01,0.1794251947354284
PER,2013-01-01,0.10412749574715731
PER,2013-04-01,0.0167427701674277
PER,2013-07-01,0.017100904288656103
PER,2013-10-01,0.1312561554302086
PER,2014-01-01,0.0332169397439341
PER,2014-04-01,0.0267705255618229
PER,2014-07-01,0.019518309606947802
PER,2014-10-01,0.1231086041722625
PER,2015-01-01,0.06401647416957651
PER,2015-04-01,0.0312472020771779
PER,2015-07-01,0.1518488674008416
PER,2015-10-01,0.3601038588951562
PER,2016-01-01,0.4481153191870355
PER,2016-04-01,0.12292953711164832
PER,2016-07-01,0.032679738562091505
PER,2016-10-01,0.19598889784224194
PER,2017-01-01,0.0799534425642403
PER,2017-04-01,0.0076103500761035
PER,2017-07-01,0.04924344166890501
PER,2017-10-01,0.17163577759871074
PER,2018-01-01,0.05067597815381861
PER,2018-04-01,0.0006267347121497001
PER,2018-07-01,0.0430656280777151
PER,2018-10-01,0.16527889694690662
PER,2019-01-01,0.1021577580804011
PER,2019-04-01,0.0396633539260453
PER,2019-07-01,0.0751186319276569
PER,2019-10-01,0.14226877965798193
PER,2020-01-01,0.3975288745635241
PER,2020-04-01,0.045035365744471305
PER,2020-07-01,0.0694780195183096
PER,2020-10-01,0.25320082370847885
PER,2021-01-01,0.1051123645805354
PER,2021-04-01,0.0006267347121497001
PER,2021-07-01,0.0838929178977527
PER,2021-10-01,0.31041274957471576
PER,2022-01-01,0.10690303518667742
PER,2022-04-01,0.006356880651804102
PER,2022-07-01,0.0788790402005551
PER,2022-10-01,0.22356522517682872
PER,2023-01-01,0.12472020771779031
PER,2023-04-01,0.0948160085952189
PER,2023-07-01,0.2335929805712239
PER,2023-10-01,0.41230190706419556
PER,2024-01-01,0.4588593428238876
PER,2024-04-01,0.27074939564867045
PER,2024-07-01,0.19760050138776972
PER,2024-10-01,0.37442922374429227
PHL,1981-01-01,0.0007122507122507123
PHL,1981-04-01,0.05822649572649572
PHL,1981-07-01,0.009615384615384616
PHL,1981-10-01,0.0
PHL,1982-01-01,0.0
PHL,1982-04-01,0.02172364672364672
PHL,1982-07-01,0.00017806267806267807
PHL,1982-10-01,0.0
PHL,1983-01-01,0.008012820512820514
PHL,1983-04-01,0.1191239316239316
PHL,1983-07-01,0.01086182336182336
PHL,1983-10-01,0.0
PHL,1984-01-01,0.0
PHL,1984-04-01,0.007478632478632479
PHL,1984-07-01,0.0016025641025641027
PHL,1984-10-01,0.0
PHL,1985-01-01,0.0016025641025641027
PHL,1985-04-01,0.01638176638176638
PHL,1985-07-01,0.0
PHL,1985-10-01,0.0
PHL,1986-01-01,0.00035612535612535614
PHL,1986-04-01,0.061431623931623935
PHL,1986-07-01,0.006232193732193732
PHL,1986-10-01,0.0
PHL,1987-01-01,0.005341880341880341
PHL,1987-04-01,0.12820512820512822
PHL,1987-07-01,0.010861823361823363
PHL,1987-10-01,0.00017806267806267807
PHL,1988-01-01,0.02172364672364672
PHL,1988-04-01,0.09383903133903133
PHL,1988-07-01,0.02314814814814815
PHL,1988-10-01,0.0007122507122507123
PHL,1989-01-01,0.0
PHL,1989-04-01,0.024572649572649572
PHL,1989-07-01,0.004095441595441595
PHL,1989-10-01,0.0
PHL,1990-01-01,0.011574074074074075
PHL,1990-04-01,0.08351139601139601
PHL,1990-07-01,0.010683760683760682
PHL,1990-10-01,0.0
PHL,1991-01-01,0.0032051282051282046
PHL,1991-04-01,0.08814102564102565
PHL,1991-07-01,0.012820512820512822
PHL,1991-10-01,0.00017806267806267807
PHL,1992-01-01,0.009615384615384616
PHL,1992-04-01,0.1006054131054131
PHL,1992-07-01,0.004095441595441595
PHL,1992-10-01,0.00017806267806267807
PHL,1993-01-01,0.0
PHL,1993-04-01,0.09686609686609687
PHL,1993-07-01,0.00819088319088319
PHL,1993-10-01,0.0
PHL,1994-01-01,0.0017806267806267807
PHL,1994-04-01,0.0592948717948718
PHL,1994-07-01,0.009437321937321936
PHL,1994-10-01,0.00035612535612535614
PHL,1995-01-01,0.0005341880341880341
PHL,1995-04-01,0.06677350427350427
PHL,1995-07-01,0.0
PHL,1995-10-01,0.0
PHL,1996-01-01,0.0
PHL,1996-04-01,0.011217948717948718
PHL,1996-07-01,0.001958689458689459
PHL,1996-10-01,0.0
PHL,1997-01-01,0.0
PHL,1997-04-01,0.026175213675213676
PHL,1997-07-01,0.006410256410256411
PHL,1997-10-01,0.0
PHL,1998-01-01,0.020833333333333332
PHL,1998-04-01,0.1543803418803419
PHL,1998-07-01,0.06712962962962964
PHL,1998-10-01,0.0008903133903133903
PHL,1999-01-01,0.0
PHL,1999-04-01,0.0005341880341880341
PHL,1999-07-01,0.0005341880341880341
PHL,1999-10-01,0.0
PHL,2000-01-01,0.0
PHL,2000-04-01,0.02279202279202279
PHL,2000-07-01,0.0005341880341880341
PHL,2000-10-01,0.0
PHL,2001-01-01,0.0
PHL,2001-04-01,0.059472934472934474
PHL,2001-07-01,0.014245014245014245
PHL,2001-10-01,0.0005341880341880341
PHL,2002-01-01,0.0014245014245014246
PHL,2002-04-01,0.09633190883190884
PHL,2002-07-01,0.01834045584045584
PHL,2002-10-01,0.0010683760683760683
PHL,2003-01-01,0.002849002849002849
PHL,2003-04-01,0.08974358974358974
PHL,2003-07-01,0.011752136752136752
PHL,2003-10-01,0.002492877492877493
PHL,2004-01-01,0.004807692307692308
PHL,2004-04-01,0.07745726495726496
PHL,2004-07-01,0.009081196581196582
PHL,2004-10-01,0.0026709401709401706
PHL,2005-01-01,0.010683760683760682
PHL,2005-04-01,0.11306980056980058
PHL,2005-07-01,0.017094017094017092
PHL,2005-10-01,0.002849002849002849
PHL,2006-01-01,0.0007122507122507123
PHL,2006-04-01,0.09989316239316239
PHL,2006-07-01,0.013710826210826211
PHL,2006-10-01,0.009081196581196582
PHL,2007-01-01,0.009081196581196582
PHL,2007-04-01,0.1520655270655271
PHL,2007-07-01,0.028311965811965812
PHL,2007-10-01,0.0023148148148148147
PHL,2008-01-01,0.0
PHL,2008-04-01,0.021723646723646725
PHL,2008-07-01,0.00017806267806267807
PHL,2008-10-01,0.0005341880341880341
PHL,2009-01-01,0.0030270655270655273
PHL,2009-04-01,0.03365384615384615
PHL,2009-07-01,0.04683048433048433
PHL,2009-10-01,0.009615384615384614
PHL,2010-01-01,0.022613960113960118
PHL,2010-04-01,0.1762820512820513
PHL,2010-07-01,0.016915954415954417
PHL,2010-10-01,0.0014245014245014246
PHL,2011-01-01,0.0
PHL,2011-04-01,0.025462962962962965
PHL,2011-07-01,0.014423076923076922
PHL,2011-10-01,0.00035612535612535614
PHL,2012-01-01,0.00017806267806267807
PHL,2012-04-01,0.08778490028490028
PHL,2012-07-01,0.013354700854700856
PHL,2012-10-01,0.0017806267806267807
PHL,2013-01-01,0.015313390313390315
PHL,2013-04-01,0.1379985754985755
PHL,2013-07-01,0.013354700854700854
PHL,2013-10-01,0.004273504273504273
PHL,2014-01-01,0.0008903133903133903
PHL,2014-04-01,0.15153133903133903
PHL,2014-07-01,0.02314814814814815
PHL,2014-10-01,0.008012820512820514
PHL,2015-01-01,0.011930199430199432
PHL,2015-04-01,0.1413817663817664
PHL,2015-07-01,0.04754273504273504
PHL,2015-10-01,0.02688746438746439
PHL,2016-01-01,0.04611823361823362
PHL,2016-04-01,0.18785612535612536
PHL,2016-07-01,0.08529202279202279
PHL,2016-10-01,0.0037393162393162395
PHL,2017-01-01,0.00017806267806267807
PHL,2017-04-01,0.1331908831908832
PHL,2017-07-01,0.04291310541310541
PHL,2017-10-01,0.01388888888888889
PHL,2018-01-01,0.01210826210826211
PHL,2018-04-01,0.14743589743589744
PHL,2018-07-01,0.04273504273504274
PHL,2018-10-01,0.02457264957264957
PHL,2019-01-01,0.017272079772079774
PHL,2019-04-01,0.18393874643874644
PHL,2019-07-01,0.07443019943019942
PHL,2019-10-01,0.026353276353276358
PHL,2020-01-01,0.03881766381766382
PHL,2020-04-01,0.16791310541310542
PHL,2020-07-01,0.08475783475783476
PHL,2020-10-01,0.0032051282051282055
PHL,2021-01-01,0.002492877492877493
PHL,2021-04-01,0.12393162393162394
PHL,2021-07-01,0.06891025641025642
PHL,2021-10-01,0.021723646723646725
PHL,2022-01-01,0.008903133903133903
PHL,2022-04-01,0.10754985754985753
PHL,2022-07-01,0.05537749287749288
PHL,2022-10-01,0.008012820512820514
PHL,2023-01-01,0.0035612535612535613
PHL,2023-04-01,0.16114672364672364
PHL,2023-07-01,0.12624643874643873
PHL,2023-10-01,0.07888176638176637
PHL,2024-01-01,0.03400997150997151
PHL,2024-04-01,0.1972934472934473
PHL,2024-07-01,0.12108262108262108
PHL,2024-10-01,0.06606125356125356
THA,1981-01-01,0.018832391713747645
THA,1981-04-01,0.0696798493408663
THA,1981-07-01,0.005307310392056154
THA,1981-10-01,0.0
THA,1982-01-01,0.046396165040232834
THA,1982-04-01,0.09210751583632941
THA,1982-07-01,0.0
THA,1982-10-01,0.0
THA,1983-01-01,0.0438281116247218
THA,1983-04-01,0.25560691662386575
THA,1983-07-01,0.012326656394453005
THA,1983-10-01,0.0
THA,1984-01-01,0.002396849854476973
THA,1984-04-01,0.10717342920732752
THA,1984-07-01,0.0
THA,1984-10-01,0.0
THA,1985-01-01,0.008046567368601267
THA,1985-04-01,0.07002225646293443
THA,1985-07-01,0.0
THA,1985-10-01,0.0
THA,1986-01-01,0.001027221366204417
THA,1986-04-01,0.09707241910631742
THA,1986-07-01,0.0015408320493066254
THA,1986-10-01,0.0
THA,1987-01-01,0.02140044512925869
THA,1987-04-01,0.21263482280431434
THA,1987-07-01,0.019688409518917992
THA,1987-10-01,0.0
THA,1988-01-01,0.07053586714603663
THA,1988-04-01,0.11915767847971237
THA,1988-07-01,0.0027392569765451124
THA,1988-10-01,0.0
THA,1989-01-01,0.0015408320493066256
THA,1989-04-01,0.14518061975689095
THA,1989-07-01,0.0
THA,1989-10-01,0.0
THA,1990-01-01,0.01660674542030474
THA,1990-04-01,0.14175654853620956
THA,1990-07-01,0.005820921075158363
THA,1990-10-01,0.0
THA,1991-01-01,0.09347714432460195
THA,1991-04-01,0.2004793699708954
THA,1991-07-01,0.00017120356103406952
THA,1991-10-01,0.0
THA,1992-01-01,0.047080979284369114
THA,1992-04-01,0.2475603492552645
THA,1992-07-01,0.0
THA,1992-10-01,0.0
THA,1993-01-01,0.001712035610340695
THA,1993-04-01,0.20510186611881523
THA,1993-07-01,0.01780517034754323
THA,1993-10-01,0.0
THA,1994-01-01,0.0018832391713747645
THA,1994-04-01,0.13302516692347202
THA,1994-07-01,0.0013696284882725562
THA,1994-10-01,0.0
THA,1995-01-01,0.061633281972265024
THA,1995-04-01,0.216743708269132
THA,1995-07-01,0.0
THA,1995-10-01,0.0
THA,1996-01-01,0.025166923472008218
THA,1996-04-01,0.04947782913884608
THA,1996-07-01,0.0
THA,1996-10-01,0.0
THA,1997-01-01,0.009929806539976032
THA,1997-04-01,0.18917993494264682
THA,1997-07-01,0.0005136106831022085
THA,1997-10-01,0.0
THA,1998-01-01,0.128060263653484
THA,1998-04-01,0.32408834103749357
THA,1998-07-01,0.01848998459167951
THA,1998-10-01,0.00034240712206813905
THA,1999-01-01,0.047765793528505386
THA,1999-04-01,0.012669063516521145
THA,1999-07-01,0.0015408320493066256
THA,1999-10-01,0.0
THA,2000-01-01,0.004793699708953946
THA,2000-04-01,0.00719054956343092
THA,2000-07-01,0.0006848142441362781
THA,2000-10-01,0.0
THA,2001-01-01,0.0006848142441362781
THA,2001-04-01,0.11282314672145181
THA,2001-07-01,0.004451292586885807
THA,2001-10-01,0.0
THA,2002-01-01,0.02328368430063345
THA,2002-04-01,0.15956171888375278
THA,2002-07-01,0.014894709809964046
THA,2002-10-01,0.00034240712206813905
THA,2003-01-01,0.015408320493066256
THA,2003-04-01,0.23386406437253895
THA,2003-07-01,0.00342407122068139
THA,2003-10-01,0.00017120356103406952
THA,2004-01-01,0.06197568909433316
THA,2004-04-01,0.15254237288135594
THA,2004-07-01,0.0013696284882725562
THA,2004-10-01,0.0
THA,2005-01-01,0.03612395137818866
THA,2005-04-01,0.2662215374079781
THA,2005-07-01,0.01369628488272556
THA,2005-10-01,0.0
THA,2006-01-01,0.044684129429892146
THA,2006-04-01,0.1140215716486903
THA,2006-07-01,0.002054442732408834
THA,2006-10-01,0.0011984249272384865
THA,2007-01-01,0.07327512412258175
THA,2007-04-01,0.1795925355247389
THA,2007-07-01,0.012155452833418935
THA,2007-10-01,0.0
THA,2008-01-01,0.001712035610340695
THA,2008-04-01,0.0657421674370827
THA,2008-07-01,0.00034240712206813905
THA,2008-10-01,0.0
THA,2009-01-01,0.0025680534155110425
THA,2009-04-01,0.11710323574730354
THA,2009-07-01,0.004108885464817668
THA,2009-10-01,0.00017120356103406952
THA,2010-01-01,0.055298750214004454
THA,2010-04-01,0.3379558294812532
THA,2010-07-01,0.02054442732408834
THA,2010-10-01,0.0
THA,2011-01-01,0.00017120356103406952
THA,2011-04-01,0.023797294983735662
THA,2011-07-01,0.0018832391713747645
THA,2011-10-01,0.0
THA,2012-01-01,0.013353877760657424
THA,2012-04-01,0.13730525594932375
THA,2012-07-01,0.006334531758260572
THA,2012-10-01,0.0011984249272384865
THA,2013-01-01,0.05564115733607258
THA,2013-04-01,0.2415682246190721
THA,2013-07-01,0.0
THA,2013-10-01,0.0
THA,2014-01-01,0.05118986474918678
THA,2014-04-01,0.2852251326827598
THA,2014-07-01,0.008046567368601267
THA,2014-10-01,0.00017120356103406952
THA,2015-01-01,0.0465673686012669
THA,2015-04-01,0.31244649888717685
THA,2015-07-01,0.02533812703304229
THA,2015-10-01,0.0015408320493066256
THA,2016-01-01,0.08868344461564799
THA,2016-04-01,0.28488272556069166
THA,2016-07-01,0.01369628488272556
THA,2016-10-01,0.0006848142441362781
THA,2017-01-01,0.022427666495463103
THA,2017-04-01,0.17223078240027392
THA,2017-07-01,0.01027221366204417
THA,2017-10-01,0.0
THA,2018-01-01,0.011813045711350797
THA,2018-04-01,0.05495634309193631
THA,2018-07-01,0.012326656394453005
THA,2018-10-01,0.0017120356103406953
THA,2019-01-01,0.09536038349597671
THA,2019-04-01,0.32477315528162987
THA,2019-07-01,0.04982023626091423
THA,2019-10-01,0.005992124636192433
THA,2020-01-01,0.10409176510871426
THA,2020-04-01,0.30251669234720086
THA,2020-07-01,0.06813901729155968
THA,2020-10-01,0.0
THA,2021-01-01,0.07036466358500257
THA,2021-04-01,0.19945214860469096
THA,2021-07-01,0.028419791131655537
THA,2021-10-01,0.0
THA,2022-01-01,0.039376819037835985
THA,2022-04-01,0.10820065057353194
THA,2022-07-01,0.01985961307995206
THA,2022-10-01,0.0
THA,2023-01-01,0.020030816640986136
THA,2023-04-01,0.32083547337784624
THA,2023-07-01,0.08388974490669406
THA,2023-10-01,0.001712035610340695
THA,2024-01-01,0.11915767847971238
THA,2024-04-01,0.3323061119671289
THA,2024-07-01,0.029789419619928093
THA,2024-10-01,0.00359527478171546
ZAF,1981-01-01,0.12339077044959397
ZAF,1981-04-01,0.0
ZAF,1981-07-01,0.0
ZAF,1981-10-01,0.025252525252525252
ZAF,1982-01-01,0.2690631808278867
ZAF,1982-04-01,0.0
ZAF,1982-07-01,0.0
ZAF,1982-10-01,0.08694791047732224
ZAF,1983-01-01,0.2834224598930481
ZAF,1983-04-01,0.0
ZAF,1983-07-01,0.0
ZAF,1983-10-01,0.07397504456327986
ZAF,1984-01-01,0.29926718162012284
ZAF,1984-04-01,0.0012873836403248168
ZAF,1984-07-01,0.0
ZAF,1984-10-01,0.03733412556941969
ZAF,1985-01-01,0.22420281243810655
ZAF,1985-04-01,0.0
ZAF,1985-07-01,0.0
ZAF,1985-10-01,0.03069914834620717
ZAF,1986-01-01,0.19082986730045556
ZAF,1986-04-01,0.0
ZAF,1986-07-01,0.0
ZAF,1986-10-01,0.09962368785898197
ZAF,1987-01-01,0.29332541097246984
ZAF,1987-04-01,0.0
ZAF,1987-07-01,0.0
ZAF,1987-10-01,0.10408001584472172
ZAF,1988-01-01,0.2914438502673797
ZAF,1988-04-01,0.0
ZAF,1988-07-01,0.0
ZAF,1988-10-01,0.010596157654981184
ZAF,1989-01-01,0.09615765498118439
ZAF,1989-04-01,0.0
ZAF,1989-07-01,0.0
ZAF,1989-10-01,0.062388591800356503
ZAF,1990-01-01,0.17260843731431966
ZAF,1990-04-01,0.0
ZAF,1990-07-01,0.0
ZAF,1990-10-01,0.07288571994454347
ZAF,1991-01-01,0.20499108734402852
ZAF,1991-04-01,9.902951079421669e-05
ZAF,1991-07-01,0.0
ZAF,1991-10-01,0.03842345018815607
ZAF,1992-01-01,0.32996632996632996
ZAF,1992-04-01,0.0
ZAF,1992-07-01,0.0
ZAF,1992-10-01,0.11051693404634581
ZAF,1993-01-01,0.2415329768270945
ZAF,1993-04-01,0.0
ZAF,1993-07-01,0.0
ZAF,1993-10-01,0.045949693008516534
ZAF,1994-01-01,0.08575955634779164
ZAF,1994-04-01,0.0010893246187363835
ZAF,1994-07-01,0.0
ZAF,1994-10-01,0.06545850663497722
ZAF,1995-01-01,0.35353535353535354
ZAF,1995-04-01,0.0
ZAF,1995-07-01,0.0
ZAF,1995-10-01,0.0074272133095662505
ZAF,1996-01-01,0.14983164983164984
ZAF,1996-04-01,0.00039611804317686675
ZAF,1996-07-01,0.0
ZAF,1996-10-01,0.015943751237868887
ZAF,1997-01-01,0.09318676965735789
ZAF,1997-04-01,0.0
ZAF,1997-07-01,0.0
ZAF,1997-10-01,0.0919984155278273
ZAF,1998-01-01,0.21687462863933452
ZAF,1998-04-01,0.0
ZAF,1998-07-01,0.0
ZAF,1998-10-01,0.021687462863933454
ZAF,1999-01-01,0.410873440285205
ZAF,1999-04-01,0.0
ZAF,1999-07-01,0.0
ZAF,1999-10-01,0.1193305605070311
ZAF,2000-01-01,0.09714795008912656
ZAF,2000-04-01,0.0
ZAF,2000-07-01,0.0
ZAF,2000-10-01,0.05456526044761339
ZAF,2001-01-01,0.21142800554565264
ZAF,2001-04-01,0.0
ZAF,2001-07-01,0.0
ZAF,2001-10-01,0.001584472172707467
ZAF,2002-01-01,0.19924737571796394
ZAF,2002-04-01,0.0
ZAF,2002-07-01,0.0
ZAF,2002-10-01,0.0903149138443256
ZAF,2003-01-01,0.3667062784709843
ZAF,2003-04-01,0.0
ZAF,2003-07-01,0.0
ZAF,2003-10-01,0.10586254703901761
ZAF,2004-01-01,0.26322043969102793
ZAF,2004-04-01,0.0
ZAF,2004-07-01,0.0
ZAF,2004-10-01,0.2702515349574173
ZAF,2005-01-01,0.33996831055654586
ZAF,2005-04-01,0.0
ZAF,2005-07-01,0.0
ZAF,2005-10-01,0.05674390968508616
ZAF,2006-01-01,0.22004357298474944
ZAF,2006-04-01,0.0
ZAF,2006-07-01,0.0
ZAF,2006-10-01,0.09407803525450582
ZAF,2007-01-01,0.35759556347791643
ZAF,2007-04-01,0.0
ZAF,2007-07-01,0.0
ZAF,2007-10-01,0.003664091899386017
ZAF,2008-01-01,0.23489799960388194
ZAF,2008-04-01,0.0
ZAF,2008-07-01,0.0
ZAF,2008-10-01,0.1483462071697366
ZAF,2009-01-01,0.19033471974648444
ZAF,2009-04-01,0.0009902951079421667
ZAF,2009-07-01,0.0
ZAF,2009-10-01,0.09843533372945139
ZAF,2010-01-01,0.3244206773618538
ZAF,2010-04-01,0.0
ZAF,2010-07-01,0.0
ZAF,2010-10-01,0.04911863735393147
ZAF,2011-01-01,0.21895424836601307
ZAF,2011-04-01,0.0
ZAF,2011-07-01,0.0
ZAF,2011-10-01,0.020895226777579722
ZAF,2012-01-01,0.27252921370568434
ZAF,2012-04-01,0.0
ZAF,2012-07-01,0.0
ZAF,2012-10-01,0.0825906120023767
ZAF,2013-01-01,0.32154882154882153
ZAF,2013-04-01,0.0
ZAF,2013-07-01,0.0
ZAF,2013-10-01,0.05248564072093483
ZAF,2014-01-01,0.29510794216676567
ZAF,2014-04-01,0.0018815607050901167
ZAF,2014-07-01,0.0
ZAF,2014-10-01,0.08219449395919984
ZAF,2015-01-01,0.28421469597940185
ZAF,2015-04-01,0.0
ZAF,2015-07-01,0.0
ZAF,2015-10-01,0.2641117052881759
ZAF,2016-01-01,0.39809863339275103
ZAF,2016-04-01,0.0009902951079421667
ZAF,2016-07-01,0.0
ZAF,2016-10-01,0.2370766488413547
ZAF,2017-01-01,0.22608437314319665
ZAF,2017-04-01,0.0022776787482669835
ZAF,2017-07-01,0.0
ZAF,2017-10-01,0.07357892652010299
ZAF,2018-01-01,0.28441275500099034
ZAF,2018-04-01,0.0
ZAF,2018-07-01,0.0
ZAF,2018-10-01,0.18320459496930086
ZAF,2019-01-01,0.4375123786888493
ZAF,2019-04-01,0.0
ZAF,2019-07-01,0.0
ZAF,2019-10-01,0.167260843731432
ZAF,2020-01-01,0.29946524064171126
ZAF,2020-04-01,0.0
ZAF,2020-07-01,0.0
ZAF,2020-10-01,0.12121212121212122
ZAF,2021-01-01,0.19281045751633985
ZAF,2021-04-01,0.0033670033670033673
ZAF,2021-07-01,0.0
ZAF,2021-10-01,0.016240839770251536
ZAF,2022-01-01,0.2559912854030501
ZAF,2022-04-01,0.0
ZAF,2022-07-01,0.0
ZAF,2022-10-01,0.06585462467815409
ZAF,2023-01-01,0.2657952069716775
ZAF,2023-04-01,0.0
ZAF,2023-07-01,0.0
ZAF,2023-10-01,0.18142206377500494
ZAF,2024-01-01,0.4846504258268964
ZAF,2024-04-01,0.0
ZAF,2024-07-01,0.0
ZAF,2024-10-01,0.20964547435135672
